{"type":"FeatureCollection","features":[{"type":"Feature","properties":{"code":"35-01","provinceCode":"35","name":"Aliağa"},"geometry":{"type":"Polygon","coordinates":[[[27.1885643,38.8803106],[27.1863341,38.8839845],[27.1873206,38.8859159],[27.1776273,38.8874207],[27.173522,38.8921697],[27.1659493,38.891108],[27.1677947,38.8927698],[27.1676338,38.8957174],[27.1509826,38.904184],[27.1476674,38.9098445],[27.1439338,38.9122237],[27.1253997,38.9130001],[27.124654,38.9111719],[27.1165602,38.9146558],[27.119069,38.9190148],[27.1131424,38.9235729],[27.1098018,38.9237906],[27.1040474,38.9320183],[27.0942661,38.9308707],[27.0919632,38.9325988],[27.0897861,38.9351404],[27.0921349,38.9373808],[27.0892138,38.9411588],[27.0979178,38.9502146],[27.0936048,38.9501061],[27.0833909,38.9461928],[27.0734507,38.9382821],[27.0615913,38.9366721],[27.0601845,38.9392167],[27.0541495,38.9380192],[27.050528,38.9353968],[27.0530886,38.9330984],[27.0535454,38.928848],[27.05222,38.9279953],[27.0473336,38.9302764],[27.0537406,38.9246234],[27.0571363,38.913488],[27.0539134,38.9110978],[27.0444796,38.909685],[27.0449158,38.9054347],[27.0421411,38.8985044],[27.0371226,38.8966354],[27.0370009,38.8953666],[27.0380086,38.8927626],[27.0397085,38.8934623],[27.0442057,38.8908732],[27.046194,38.8933479],[27.0493965,38.8938353],[27.0566876,38.891382],[27.0596569,38.8884639],[27.0619187,38.8894177],[27.05999,38.8883381],[27.06259,38.8823243],[27.0659611,38.8791715],[27.0650021,38.8758544],[27.0630578,38.8785514],[27.060472,38.8767309],[27.063455,38.873279],[27.0629704,38.8695842],[27.0581437,38.8658202],[27.055458,38.8696781],[27.051031,38.8676604],[27.0437784,38.8683588],[27.0387774,38.862267],[27.035524,38.862247],[27.0347459,38.8560052],[27.030101,38.854929],[27.027474,38.857883],[27.022875,38.856857],[27.0193322,38.8626494],[27.0207171,38.8670009],[27.0262771,38.8702322],[27.0268656,38.8722334],[27.0238657,38.8723411],[27.02058,38.869313],[27.012037,38.865976],[27.007602,38.866875],[27.005959,38.859427],[27.0025259,38.8571075],[26.9907446,38.8562692],[26.9873863,38.8528169],[26.988659,38.8489069],[26.9869571,38.8470832],[26.9790435,38.8488029],[26.9767181,38.8460116],[26.9793284,38.8444177],[26.9729915,38.8448463],[26.9704401,38.8464239],[26.9621975,38.8308076],[26.9769837,38.8297279],[26.9837465,38.8258047],[26.9827894,38.8196007],[26.9760541,38.8070211],[26.9746168,38.8065009],[26.9758677,38.8082864],[26.9739493,38.8060323],[26.9695984,38.8046297],[26.9620007,38.8046024],[26.9636601,38.8034016],[26.9617822,38.8041819],[26.9569423,38.8028595],[26.956407,38.8042561],[26.9553486,38.8026861],[26.9558718,38.8042796],[26.9540917,38.8034922],[26.9505316,38.8048373],[26.9487616,38.8096364],[26.9468482,38.8092057],[26.942154,38.8123466],[26.9421285,38.8165078],[26.9452494,38.8167199],[26.943251,38.8168458],[26.9462189,38.830507],[26.9445312,38.8360343],[26.936579,38.8345105],[26.9340309,38.8306326],[26.9245412,38.8278578],[26.9169345,38.8226714],[26.915765,38.8202515],[26.9172456,38.8192233],[26.9140323,38.817447],[26.8984755,38.8216349],[26.8958593,38.8252624],[26.8925535,38.8242078],[26.8914534,38.8205599],[26.8948097,38.8137689],[26.8984519,38.8092347],[26.9049136,38.8066724],[26.9061198,38.8026475],[26.9118282,38.796338],[26.9105309,38.7940669],[26.9130491,38.7926697],[26.9168085,38.7862692],[26.925201,38.7800567],[26.9251921,38.7768059],[26.927008,38.781086],[26.928525,38.7798557],[26.9313252,38.7819217],[26.9332041,38.7808467],[26.9283782,38.7754329],[26.9380164,38.7673701],[26.9303672,38.7672644],[26.9387801,38.7672068],[26.9393626,38.7646428],[26.9343039,38.7576445],[26.9300843,38.7562718],[26.9295387,38.7617496],[26.9295151,38.7585074],[26.9276874,38.758579],[26.9269072,38.7615804],[26.9278086,38.7568709],[26.9240898,38.7607814],[26.9246756,38.7573038],[26.9218604,38.759053],[26.9216279,38.7625478],[26.9216969,38.7591907],[26.919646,38.7611122],[26.9195276,38.7655106],[26.9187965,38.7619362],[26.9140807,38.7674984],[26.9155923,38.7631974],[26.9132938,38.7637715],[26.9119019,38.7664898],[26.9072629,38.7664358],[26.9072848,38.7645312],[26.9054014,38.7636747],[26.9071517,38.7604149],[26.9039878,38.7591398],[26.904194,38.7563102],[26.9071781,38.75372],[26.9040864,38.7512267],[26.902944,38.7513928],[26.9044067,38.7523614],[26.8978199,38.7515186],[26.8991951,38.751657],[26.8966479,38.7489995],[26.8996949,38.7482154],[26.9009274,38.7456369],[26.8997072,38.7400366],[26.8972342,38.7352703],[26.8927415,38.7331324],[26.9100773,38.7372222],[26.9112897,38.7364063],[26.9060969,38.7323515],[26.9102704,38.7306692],[26.9126362,38.7311944],[26.9127347,38.7270018],[26.9235584,38.7222541],[26.9218235,38.7161781],[26.9317498,38.7143165],[26.9378611,38.7101517],[26.9426393,38.7092777],[26.948797,38.7027629],[26.9526905,38.7012537],[26.9527727,38.6972545],[26.9568063,38.6983222],[26.9551477,38.6967707],[26.9549829,38.6905889],[26.949538,38.6847142],[26.9530034,38.6844797],[26.9555019,38.6821508],[26.9541678,38.6801003],[26.9602032,38.6761105],[26.9635911,38.6638436],[26.9716823,38.6688629],[26.9741003,38.6679747],[26.9759678,38.6645902],[26.9798952,38.6669614],[26.9805282,38.6643896],[26.9869531,38.6654485],[26.9883871,38.6640587],[26.9912517,38.6763136],[26.9983971,38.6878714],[27.0031142,38.6910756],[27.0054413,38.6884198],[27.010883,38.6895664],[27.012645,38.6927536],[27.0157134,38.6934738],[27.0167796,38.6918567],[27.0206128,38.6929477],[27.0257556,38.6964297],[27.0415485,38.7012401],[27.0421064,38.7026886],[27.0381603,38.7079177],[27.0410088,38.7156033],[27.0399387,38.7196495],[27.0459887,38.7249564],[27.0471623,38.728257],[27.0518936,38.7281358],[27.0546864,38.7296122],[27.070885,38.7253968],[27.0840371,38.7259005],[27.0941649,38.7286159],[27.1017885,38.7350566],[27.107992,38.7373272],[27.1219002,38.7380643],[27.1358865,38.7357429],[27.1398225,38.7371922],[27.147431,38.7449944],[27.1461332,38.7486781],[27.1437621,38.7500588],[27.145508,38.7523794],[27.1424642,38.7543615],[27.1420836,38.7579359],[27.1402216,38.7592538],[27.1394974,38.7677415],[27.1365242,38.772352],[27.1211119,38.7856785],[27.1207523,38.7890871],[27.1128598,38.7954467],[27.1127128,38.8002195],[27.1247479,38.8014288],[27.1251064,38.8061595],[27.1325631,38.8111206],[27.1447736,38.808687],[27.1480881,38.8058943],[27.1567131,38.8103216],[27.1632203,38.8107828],[27.1651541,38.8120309],[27.1658714,38.8170983],[27.1721276,38.8181036],[27.1757435,38.8169653],[27.1845645,38.8211782],[27.1783657,38.8292107],[27.1765441,38.8381115],[27.1727836,38.8409193],[27.1718931,38.8455571],[27.1610982,38.8505145],[27.1586162,38.8548902],[27.1645501,38.8605079],[27.1630847,38.8685492],[27.1686691,38.8743712],[27.1740979,38.8767642],[27.1793148,38.8754358],[27.1817929,38.8787388],[27.1885643,38.8803106]]]}},{"type":"Feature","properties":{"code":"35-02","provinceCode":"35","name":"Balçova"},"geometry":{"type":"Polygon","coordinates":[[[27.0695514,38.3978727],[27.068361,38.4017176],[27.0724786,38.4032904],[27.0699194,38.4045001],[27.0711852,38.4059767],[27.0695115,38.4067532],[27.0685597,38.4056929],[27.0667134,38.4071971],[27.059952,38.415208],[27.0519102,38.4130271],[27.0568048,38.4136528],[27.0574901,38.4124215],[27.0581392,38.4070641],[27.0536156,38.4055622],[27.0459697,38.4090626],[27.0457809,38.4117134],[27.0485099,38.4128808],[27.041124,38.4113341],[27.04207,38.4126636],[27.0391188,38.412396],[27.0406091,38.4111377],[27.0354995,38.4108067],[27.0328824,38.412709],[27.0344924,38.4136195],[27.0219668,38.4139673],[27.0175712,38.4181181],[27.015263,38.4133195],[27.017355,38.413013],[27.0242429,38.3999942],[27.0231539,38.392847],[27.028529,38.3928007],[27.0344192,38.3871076],[27.0318819,38.3830246],[27.0352399,38.3819229],[27.0349441,38.3799264],[27.0375788,38.38006],[27.0395636,38.3699248],[27.0476478,38.3671194],[27.0520681,38.3676494],[27.0554239,38.366436],[27.0578885,38.3686125],[27.0670187,38.3660133],[27.067372,38.3635648],[27.0739603,38.3588037],[27.0752907,38.3558087],[27.0741856,38.3519638],[27.0759741,38.3482107],[27.0697812,38.3457453],[27.072199,38.3428878],[27.0780694,38.3456027],[27.0825755,38.3493302],[27.0785522,38.3601792],[27.0880634,38.3621646],[27.0951996,38.3679062],[27.0837557,38.3770743],[27.0760243,38.3792838],[27.0758546,38.3829492],[27.0733166,38.3858462],[27.0716965,38.3828228],[27.0666019,38.3868192],[27.0678395,38.390135],[27.0657849,38.3898828],[27.0663321,38.3923466],[27.0638269,38.3958825],[27.0695514,38.3978727]]]}},{"type":"Feature","properties":{"code":"35-03","provinceCode":"35","name":"Bayındır"},"geometry":{"type":"Polygon","coordinates":[[[27.477753,38.1208323],[27.4804329,38.1211291],[27.4804973,38.1229606],[27.484746,38.1229016],[27.4849927,38.1240578],[27.4907005,38.1235346],[27.4906361,38.1299572],[27.5088215,38.1311219],[27.5090897,38.1343372],[27.5147009,38.1337464],[27.5236487,38.1400079],[27.533884,38.1375523],[27.5384331,38.1394341],[27.54354,38.1393329],[27.5434756,38.1379068],[27.5473165,38.1370545],[27.5570436,38.1380878],[27.5568116,38.1431384],[27.5605452,38.1462098],[27.5606418,38.1490026],[27.5658131,38.14988],[27.565341,38.1472054],[27.5703084,38.1478045],[27.5759535,38.1459807],[27.5854683,38.1479057],[27.585141,38.1494919],[27.5880378,38.1498252],[27.5881505,38.1512468],[27.5950384,38.1520736],[27.5976455,38.1550771],[27.6032909,38.1560717],[27.6030374,38.1582778],[27.607351,38.1578862],[27.6071075,38.1548366],[27.6169574,38.1568656],[27.6199829,38.1504959],[27.6359584,38.1487248],[27.6450562,38.1435519],[27.6588321,38.1435688],[27.6607686,38.1509009],[27.6734755,38.1493381],[27.6759752,38.1503606],[27.6815393,38.148201],[27.6884437,38.1485807],[27.690466,38.1536344],[27.6994514,38.1568994],[27.6998806,38.1588228],[27.7121329,38.1563046],[27.7129108,38.1525081],[27.7162796,38.1501964],[27.7170575,38.1556972],[27.7219874,38.1554441],[27.7220195,38.1531114],[27.7290952,38.1528667],[27.7345669,38.1481673],[27.7513575,38.1494076],[27.754308,38.1478045],[27.7540183,38.1459313],[27.7562284,38.1458638],[27.7618343,38.1683002],[27.7642375,38.1682369],[27.7633899,38.1717796],[27.7653319,38.1782654],[27.7681374,38.1859314],[27.7698907,38.1868033],[27.7763756,38.2164719],[27.7830899,38.2264455],[27.7896089,38.2357978],[27.7938274,38.2385581],[27.7994859,38.2510692],[27.8165453,38.2513164],[27.8212848,38.2542651],[27.8257113,38.2535691],[27.8264955,38.2507533],[27.828606,38.2545354],[27.8269473,38.2570141],[27.8297247,38.2596116],[27.8280967,38.2647931],[27.831685,38.2668914],[27.8322043,38.2718646],[27.8335297,38.2720653],[27.8316522,38.273295],[27.8316955,38.2773599],[27.8192289,38.2819525],[27.8097032,38.2794658],[27.8020519,38.2939341],[27.803231,38.2996536],[27.8091881,38.306606],[27.8117033,38.3075539],[27.8131563,38.3108904],[27.8039443,38.3297456],[27.7994328,38.3281032],[27.7977568,38.3317185],[27.7957714,38.331968],[27.7972931,38.3344401],[27.7945603,38.3374464],[27.7962213,38.3387937],[27.7908799,38.3415709],[27.7880031,38.3414115],[27.7747223,38.3376268],[27.7613216,38.3367015],[27.7550348,38.3286978],[27.7488518,38.3306442],[27.7501137,38.3356416],[27.7399242,38.3454192],[27.7396042,38.3585902],[27.7357108,38.3627263],[27.7237036,38.3653633],[27.7124126,38.3639427],[27.7091809,38.3654152],[27.7059053,38.3593451],[27.701115,38.3554351],[27.7024631,38.353979],[27.7007491,38.3504497],[27.6942803,38.3457867],[27.6954195,38.3422761],[27.6914162,38.3358166],[27.6910069,38.3285671],[27.6858552,38.3237349],[27.6802333,38.3300304],[27.6756334,38.3324167],[27.6759522,38.3341608],[27.671885,38.3377535],[27.6612459,38.3375518],[27.6540519,38.343545],[27.6210903,38.3254722],[27.6169847,38.3212274],[27.6125079,38.3204523],[27.603294,38.321233],[27.6038167,38.3231491],[27.5992006,38.3238223],[27.5970827,38.3201446],[27.5916063,38.323843],[27.5910446,38.3273318],[27.5603224,38.3280069],[27.553274,38.3322295],[27.5501366,38.3325005],[27.5492498,38.3202532],[27.5445718,38.3106871],[27.5391554,38.3094667],[27.5273536,38.3141564],[27.5206548,38.3144664],[27.5079266,38.3178234],[27.5001559,38.3030906],[27.5011615,38.2997791],[27.4920124,38.2875484],[27.4927624,38.281173],[27.5032671,38.271904],[27.5072449,38.2634847],[27.5116571,38.2653962],[27.5164477,38.263087],[27.5170671,38.2545034],[27.5228036,38.2514389],[27.5231776,38.246682],[27.520982,38.2439744],[27.5218877,38.2409401],[27.5197456,38.2358638],[27.5076209,38.2262633],[27.497162,38.2145807],[27.490722,38.213857],[27.4867355,38.211335],[27.4858326,38.2145781],[27.481032,38.2164213],[27.4729724,38.2105117],[27.4735021,38.2091352],[27.4678224,38.2087518],[27.468673,38.1988173],[27.4653181,38.1970715],[27.4627552,38.1872564],[27.4596605,38.1835572],[27.460667,38.17937],[27.4567218,38.1743011],[27.4581364,38.1745316],[27.4581527,38.1717416],[27.4561107,38.1709867],[27.4562716,38.1687852],[27.4580552,38.1688701],[27.4583798,38.1655545],[27.4564111,38.1642049],[27.454094,38.1558978],[27.4510681,38.1564776],[27.4518769,38.1598393],[27.4476958,38.1606207],[27.4454784,38.1574477],[27.4453571,38.1529846],[27.4301846,38.123684],[27.4379536,38.1297801],[27.4387514,38.1320755],[27.4511325,38.1356705],[27.4687762,38.1367949],[27.4764097,38.1283453],[27.477753,38.1208323]]]}},{"type":"Feature","properties":{"code":"35-04","provinceCode":"35","name":"Bayraklı"},"geometry":{"type":"Polygon","coordinates":[[[27.1862161,38.5251961],[27.1838236,38.5263963],[27.1784377,38.5255066],[27.1732664,38.5222162],[27.1658635,38.5201513],[27.1628487,38.5150559],[27.1554244,38.5134483],[27.1554726,38.5112614],[27.1508914,38.5056322],[27.148928,38.5056616],[27.1428394,38.4997423],[27.1409672,38.5050865],[27.1395242,38.5048514],[27.1304691,38.4993225],[27.1192574,38.4954725],[27.1162534,38.4874026],[27.1174514,38.4862535],[27.1141773,38.4866215],[27.1153951,38.4757915],[27.1115595,38.4698907],[27.1163204,38.4674946],[27.1259603,38.4682779],[27.1344896,38.4650603],[27.1500669,38.4650746],[27.1505023,38.4635787],[27.1500922,38.4650878],[27.1517328,38.4646633],[27.1538484,38.4669363],[27.155286,38.4651745],[27.1555807,38.4675321],[27.1560566,38.4662108],[27.1560126,38.4673419],[27.1588968,38.4670338],[27.1669884,38.4560916],[27.1658428,38.4557968],[27.1711751,38.4471379],[27.1734273,38.4470812],[27.1730706,38.4491713],[27.1792531,38.4508181],[27.180703,38.4480475],[27.2033801,38.4565793],[27.1985382,38.4594782],[27.2019093,38.4610509],[27.200751,38.462847],[27.2023469,38.4656108],[27.1969986,38.4706173],[27.1907222,38.473301],[27.1876054,38.4780047],[27.1883484,38.4799322],[27.1843439,38.48157],[27.1852827,38.4851561],[27.1783304,38.4878854],[27.183491,38.4910598],[27.1841,38.4945],[27.1824,38.4953],[27.1822,38.5001],[27.175,38.5087],[27.1787,38.512],[27.1862161,38.5251961]]]}},{"type":"Feature","properties":{"code":"35-05","provinceCode":"35","name":"Bergama"},"geometry":{"type":"Polygon","coordinates":[[[27.2176737,39.3680306],[27.210007,39.3684737],[27.1840574,39.3780264],[27.1747154,39.3798341],[27.1610801,39.3727162],[27.1427393,39.3658886],[27.1408546,39.3665539],[27.135902,39.3649416],[27.1308982,39.3668276],[27.12901,39.3651604],[27.1209301,39.3640366],[27.1124124,39.3668691],[27.1058039,39.3652131],[27.0993956,39.3601963],[27.0788312,39.3507926],[27.0788312,39.3322228],[27.066493,39.3243388],[27.0516872,39.3187778],[27.0468042,39.3206032],[27.0415608,39.3158317],[27.0389628,39.3160553],[27.0292673,39.3155506],[27.0172906,39.3120544],[27.0165609,39.3100954],[27.0108813,39.3086009],[27.0129978,39.2990977],[27.0170867,39.2959901],[27.0164752,39.2923783],[27.0126557,39.2914982],[27.0084071,39.2867484],[27.000044,39.2838959],[26.9982203,39.2744706],[26.9955969,39.2743163],[26.9907957,39.2807278],[26.9886435,39.2814194],[26.9849217,39.2884009],[26.9772421,39.2915844],[26.9572828,39.2934699],[26.9408007,39.2898104],[26.9315457,39.2916061],[26.9318354,39.2893849],[26.927619,39.2878445],[26.9256556,39.2849381],[26.9187569,39.2824634],[26.9185531,39.2810101],[26.9135964,39.2814088],[26.910882,39.2801547],[26.9091224,39.2773477],[26.9109449,39.2735745],[26.9061827,39.273112],[26.9053459,39.2710688],[26.9059038,39.2635931],[26.8992519,39.2642576],[26.8978357,39.266816],[26.8957329,39.2642244],[26.8991017,39.2602205],[26.8977821,39.2584677],[26.892879,39.260071],[26.8931054,39.2581973],[26.8875848,39.2516948],[26.887607,39.2435166],[26.8896388,39.2383029],[26.8922137,39.2370565],[26.8957971,39.2404635],[26.9006252,39.237555],[26.9017839,39.2399814],[26.9051313,39.2384358],[26.9141865,39.2419425],[26.9185638,39.2409121],[26.9209027,39.2422416],[26.9256878,39.2378209],[26.9251084,39.240613],[26.927576,39.2425407],[26.9322753,39.2419923],[26.9332409,39.2393001],[26.9360733,39.2389178],[26.9371247,39.2356437],[26.9404783,39.234766],[26.9437551,39.2284136],[26.9460511,39.227915],[26.9499012,39.2223594],[26.9529068,39.2223963],[26.9522522,39.221133],[26.9664895,39.2127043],[26.9693755,39.2149654],[26.974107,39.2147159],[26.975684,39.2130868],[26.981821,39.2133527],[26.9828721,39.2084317],[26.9840741,39.2103933],[26.9910693,39.2083317],[26.9965623,39.2124052],[26.9987604,39.2121232],[27.0109602,39.1993031],[27.0159491,39.1972079],[27.0284365,39.198539],[27.0351645,39.195678],[27.0413874,39.1967754],[27.0507759,39.1960683],[27.0559571,39.1886931],[27.0546266,39.1851705],[27.0728388,39.1736695],[27.0771357,39.1659381],[27.0675552,39.160173],[27.0715999,39.1497361],[27.0644505,39.1475392],[27.0645954,39.1387092],[27.0513902,39.1386085],[27.0475565,39.1268145],[27.0448737,39.1276306],[27.041232,39.1252497],[27.0405291,39.1211714],[27.0364299,39.1176296],[27.0415163,39.1141624],[27.0368492,39.1101749],[27.0346216,39.1110404],[27.0311843,39.1082811],[27.0266569,39.1087639],[27.0266193,39.1072487],[27.0257771,39.1079189],[27.0137071,39.0958547],[27.0032191,39.0919556],[27.0050382,39.0894013],[27.0025169,39.0903507],[26.9963229,39.0881781],[26.9856494,39.0917522],[26.9721166,39.0847033],[26.9756709,39.0724992],[26.9745254,39.0676637],[26.9812524,39.0548428],[26.9802439,39.0496938],[26.9870353,39.0316527],[26.9854044,39.0305193],[26.9871425,39.0293358],[26.9856619,39.0280023],[26.987357,39.0239016],[26.9794604,39.0152161],[26.9803619,39.0086634],[26.9779372,39.0070293],[26.9781089,39.0050284],[26.9811083,39.0008081],[26.9864344,39.0007763],[26.9889235,38.9992588],[26.9887089,38.9972577],[26.9975388,38.9922462],[26.9973564,38.9892525],[27.0011544,38.9856416],[27.002737,38.9813632],[27.0095765,38.9775017],[27.0085332,38.9732366],[27.0108855,38.9714963],[27.0108426,38.9657489],[27.0129951,38.9646407],[27.0112042,38.9564367],[27.0058615,38.9476062],[27.0090818,38.9455301],[27.0098455,38.9404693],[27.0037842,38.9386308],[27.0018355,38.9414657],[26.9966531,38.9420158],[26.9958819,38.9361941],[26.9993758,38.9272385],[26.9947974,38.9235329],[26.9889409,38.9243587],[26.9826941,38.9208043],[26.9946712,38.9161162],[26.9949639,38.9121737],[26.9953416,38.9160844],[26.9996019,38.9136474],[27.0010621,38.9147246],[27.0071128,38.9132048],[27.0191229,38.9133543],[27.0167973,38.9179733],[27.0079909,38.9158352],[27.0028582,38.9176322],[27.00649,38.9169944],[27.0063787,38.9190851],[27.0082836,38.9193659],[27.00906,38.9177663],[27.0111504,38.9176762],[27.0099898,38.9191396],[27.012238,38.9175511],[27.009213,38.9199494],[27.0094511,38.9216616],[27.0122699,38.9197656],[27.013757,38.921217],[27.0116757,38.922678],[27.0138101,38.9219308],[27.0162508,38.9238165],[27.00814,38.9229123],[27.0127789,38.9251829],[27.0164246,38.9251484],[27.0197126,38.9292564],[27.0197126,38.9282294],[27.0272756,38.9297684],[27.0318826,38.9369584],[27.0354996,38.9374714],[27.0355016,38.9408104],[27.0374736,38.9397824],[27.0383912,38.9411571],[27.0408433,38.9393856],[27.0435062,38.9411547],[27.0459892,38.9374689],[27.050528,38.9353968],[27.0541495,38.9380192],[27.0601845,38.9392167],[27.0615913,38.9366721],[27.0734507,38.9382821],[27.0833909,38.9461928],[27.0936048,38.9501061],[27.0979178,38.9502146],[27.0892138,38.9411588],[27.0921349,38.9373808],[27.0897861,38.9351404],[27.0919632,38.9325988],[27.0942661,38.9308707],[27.1040474,38.9320183],[27.1098018,38.9237906],[27.1131424,38.9235729],[27.119069,38.9190148],[27.1165602,38.9146558],[27.124654,38.9111719],[27.1253997,38.9130001],[27.1439338,38.9122237],[27.1476674,38.9098445],[27.1509826,38.904184],[27.1676338,38.8957174],[27.1677947,38.8927698],[27.1659493,38.891108],[27.173522,38.8921697],[27.1776273,38.8874207],[27.1873206,38.8859159],[27.1863341,38.8839845],[27.1885643,38.8803106],[27.1912908,38.878656],[27.1963779,38.8694798],[27.2055795,38.8675572],[27.2155507,38.8581965],[27.2180056,38.8530688],[27.2206503,38.8516233],[27.224459,38.8518322],[27.2278547,38.8540965],[27.2253924,38.8620709],[27.2352576,38.8686327],[27.2318887,38.8710719],[27.2286486,38.8769856],[27.2322857,38.8829245],[27.2307858,38.8857982],[27.2340113,38.8953192],[27.2304303,38.9031854],[27.2354898,38.9066609],[27.2444414,38.9049271],[27.2486794,38.906672],[27.2526203,38.904088],[27.2544086,38.9074401],[27.2584104,38.9043426],[27.2627878,38.9058413],[27.263968,38.9034409],[27.2664142,38.9035244],[27.2682702,38.9043928],[27.2662639,38.905762],[27.2722748,38.9162454],[27.2710705,38.9191733],[27.2739189,38.9201108],[27.2734308,38.9221073],[27.2760701,38.9209721],[27.2783911,38.9227517],[27.2869277,38.9206048],[27.2899586,38.9221366],[27.291007,38.9246455],[27.3012936,38.9280919],[27.3139,38.9265812],[27.3156924,38.9241423],[27.313739,38.9217568],[27.319039,38.9143776],[27.3177489,38.9108001],[27.3210918,38.9147771],[27.3249668,38.91434],[27.3294478,38.9174648],[27.3337805,38.9171448],[27.3368597,38.9383405],[27.3383551,38.9416904],[27.3462689,38.9446658],[27.3452677,38.9491733],[27.3408884,38.9525592],[27.3328364,38.950565],[27.3187923,38.944307],[27.3118296,38.9522684],[27.3082669,38.9647648],[27.3064971,38.9628793],[27.2940966,38.9629821],[27.2911334,38.958925],[27.2849454,38.9639451],[27.2824859,38.984374],[27.2734978,38.9853018],[27.2718203,38.9896656],[27.2678972,38.9925137],[27.2628994,38.9941308],[27.2600305,38.9928549],[27.2539472,38.9951898],[27.2451496,38.9931218],[27.242403,38.9890024],[27.2351074,38.9886271],[27.2325647,38.9945143],[27.2291744,38.9966656],[27.2214174,39.00858],[27.2246027,39.0136545],[27.2215569,39.017775],[27.223134,39.0210842],[27.2269964,39.0220678],[27.2279835,39.0310776],[27.2308802,39.0357946],[27.2237134,39.0423029],[27.2267818,39.0446944],[27.2329938,39.045361],[27.2354936,39.0518851],[27.2395813,39.0509602],[27.2465443,39.0531598],[27.2465122,39.0637985],[27.2479284,39.0726447],[27.2497845,39.074902],[27.2480786,39.0755183],[27.2487652,39.0822478],[27.2472095,39.0839883],[27.2553205,39.0970787],[27.2483468,39.1038561],[27.2585177,39.1081686],[27.2613287,39.1153279],[27.257595,39.1169094],[27.2559535,39.1235268],[27.2519838,39.1293778],[27.2594404,39.1324238],[27.2656631,39.1382492],[27.2735059,39.142052],[27.2762788,39.1388258],[27.2790956,39.1390813],[27.2831497,39.1355915],[27.2936868,39.1401215],[27.2859206,39.1243045],[27.2958326,39.122786],[27.2951889,39.1214043],[27.3011541,39.1199726],[27.304287,39.1167597],[27.3070459,39.1169987],[27.309565,39.1188078],[27.3125915,39.1187911],[27.3131281,39.1241465],[27.3157799,39.1261035],[27.3148559,39.1278369],[27.3199853,39.1287829],[27.3203959,39.1344292],[27.3277283,39.1358534],[27.3295255,39.1368914],[27.3285541,39.1407915],[27.3329122,39.1413669],[27.3311383,39.1457868],[27.3204653,39.1463728],[27.3189498,39.150633],[27.3277247,39.150685],[27.3286456,39.1492256],[27.3412338,39.1547904],[27.3464672,39.1504635],[27.3491298,39.1517724],[27.3604868,39.1523805],[27.3659763,39.1487642],[27.3689311,39.1544438],[27.3711857,39.1545198],[27.3739171,39.1522945],[27.3755408,39.1551388],[27.3796719,39.1557143],[27.3854275,39.1542809],[27.3870379,39.1521525],[27.3944634,39.1544882],[27.3940818,39.1571477],[27.3907209,39.1582227],[27.3932415,39.1611219],[27.3959723,39.1606767],[27.3976667,39.1620665],[27.4012937,39.1598623],[27.4065311,39.160036],[27.4134979,39.1623325],[27.4154211,39.1594117],[27.4299512,39.1641243],[27.4361682,39.1645962],[27.4381184,39.1666033],[27.4432254,39.1652973],[27.4454248,39.1692983],[27.4518567,39.1697517],[27.4550915,39.1728749],[27.4537611,39.1765678],[27.4498485,39.1771728],[27.4485254,39.1855579],[27.4632025,39.1871047],[27.4656056,39.1910962],[27.4636853,39.1921272],[27.4694359,39.1960103],[27.4726009,39.1963845],[27.4749827,39.1991698],[27.4795747,39.1998766],[27.4770947,39.209103],[27.4696273,39.2239688],[27.4718069,39.2281145],[27.4709058,39.2335163],[27.4756479,39.2367739],[27.4731803,39.2425656],[27.476002,39.2450417],[27.4781155,39.2550367],[27.4762809,39.2582101],[27.480433,39.2680786],[27.476871,39.2732199],[27.4707019,39.2747648],[27.4664318,39.282588],[27.4679017,39.2840994],[27.46508,39.2851623],[27.4619472,39.2908837],[27.4666679,39.2938563],[27.4681592,39.2974763],[27.4635136,39.3068827],[27.4585783,39.3060442],[27.4528813,39.3097633],[27.4432258,39.309899],[27.4433219,39.3110499],[27.4417019,39.3099625],[27.4395561,39.3113571],[27.4404788,39.3169227],[27.4389714,39.3183711],[27.4339771,39.31989],[27.4287468,39.3194792],[27.4265152,39.321438],[27.4227601,39.3206329],[27.4129851,39.3282866],[27.4078953,39.3287954],[27.4096119,39.3366292],[27.4075949,39.3370192],[27.4090969,39.3389858],[27.4050736,39.3491416],[27.406522,39.3505022],[27.4042261,39.3534391],[27.4062753,39.3551895],[27.4029171,39.3555131],[27.4001276,39.3583668],[27.4040115,39.3634683],[27.4019283,39.3705534],[27.4000021,39.3710163],[27.3892738,39.3726771],[27.3765324,39.3854872],[27.3691749,39.383821],[27.3621583,39.384219],[27.3552505,39.3797387],[27.3534786,39.3753373],[27.3496485,39.375105],[27.3448956,39.3784887],[27.3426103,39.3777174],[27.3372674,39.3804375],[27.3355078,39.3788868],[27.3288345,39.3831327],[27.3211098,39.3800893],[27.3186421,39.37581],[27.3141789,39.3748148],[27.3104453,39.3755612],[27.3098445,39.3769213],[27.3016691,39.3780658],[27.2936547,39.3765398],[27.2833845,39.3716426],[27.2739458,39.3561187],[27.2664044,39.3528616],[27.2382402,39.3513402],[27.2335624,39.3443875],[27.2303867,39.342894],[27.2289919,39.3437237],[27.2248119,39.3398704],[27.2233271,39.3443958],[27.218821,39.3439726],[27.2179413,39.345101],[27.2205591,39.3572801],[27.2176737,39.3680306]]]}},{"type":"Feature","properties":{"code":"35-06","provinceCode":"35","name":"Beydağ"},"geometry":{"type":"Polygon","coordinates":[[[28.1998729,38.039112],[28.1965162,38.0444318],[28.1997947,38.0444758],[28.2039971,38.0392844],[28.2115498,38.0444983],[28.2350115,38.0353813],[28.2488179,38.0369397],[28.2529357,38.0349711],[28.2563589,38.0355722],[28.2559644,38.0340867],[28.279297,38.0332154],[28.2854273,38.0395543],[28.290225,38.0527602],[28.2928689,38.0548346],[28.3097564,38.0547847],[28.3063616,38.0677234],[28.3010224,38.0756543],[28.3011688,38.0779587],[28.3041587,38.0807739],[28.3051104,38.0859594],[28.3090678,38.089306],[28.3092254,38.092224],[28.3137245,38.0946229],[28.3230221,38.095892],[28.3292109,38.1012239],[28.331786,38.1010159],[28.3294541,38.1094761],[28.3311599,38.1133339],[28.3305636,38.1217544],[28.3246636,38.1260708],[28.3082646,38.1331431],[28.2976852,38.1409079],[28.2894838,38.1429697],[28.2837093,38.1488508],[28.2758604,38.1510267],[28.2727298,38.1542975],[28.2602696,38.1527324],[28.2515241,38.155853],[28.2500048,38.1550945],[28.2495825,38.1568771],[28.2412255,38.1554146],[28.2395008,38.1531093],[28.2379307,38.1544868],[28.2248157,38.1532464],[28.2240125,38.1498084],[28.2268149,38.1482728],[28.2277266,38.1435987],[28.2216652,38.1413642],[28.2219982,38.142512],[28.2136922,38.1443142],[28.2008263,38.1522549],[28.1927768,38.151076],[28.1964772,38.1369278],[28.1925672,38.1275407],[28.1896099,38.1284586],[28.182802,38.1240343],[28.173687,38.1229221],[28.1708887,38.1210432],[28.1674327,38.1247482],[28.1611615,38.1275604],[28.1593162,38.1218549],[28.1569022,38.1203525],[28.1549262,38.1208556],[28.1518006,38.1175882],[28.1357181,38.116972],[28.1353319,38.1114472],[28.1371717,38.1098618],[28.1336157,38.0974183],[28.121679,38.0831122],[28.1286614,38.0738746],[28.1436916,38.0665607],[28.1481648,38.0672679],[28.1513759,38.0648708],[28.1495207,38.0578067],[28.1518704,38.056945],[28.15135,38.05572],[28.1550085,38.0560326],[28.1520367,38.0494091],[28.1529119,38.0468568],[28.1581521,38.0492739],[28.1706221,38.0437331],[28.177676,38.0456887],[28.1808742,38.0435472],[28.1822152,38.0393147],[28.1886161,38.0372361],[28.1998729,38.039112]]]}},{"type":"Feature","properties":{"code":"35-07","provinceCode":"35","name":"Bornova"},"geometry":{"type":"Polygon","coordinates":[[[27.249831,38.5730018],[27.2362774,38.5715522],[27.2243864,38.5724396],[27.2361036,38.5625132],[27.2296022,38.5513953],[27.2197953,38.5503713],[27.2154663,38.5439737],[27.20837,38.5432477],[27.1942677,38.5356567],[27.1886324,38.5362022],[27.1867994,38.5343937],[27.1862161,38.5251961],[27.1787,38.512],[27.175,38.5087],[27.1822,38.5001],[27.1824,38.4953],[27.1841,38.4945],[27.183491,38.4910598],[27.1783304,38.4878854],[27.1852827,38.4851561],[27.1843439,38.48157],[27.1883484,38.4799322],[27.1876054,38.4780047],[27.1907222,38.473301],[27.1969986,38.4706173],[27.2023469,38.4656108],[27.200751,38.462847],[27.2019093,38.4610509],[27.1985382,38.4594782],[27.2033801,38.4565793],[27.180703,38.4480475],[27.1787347,38.4204243],[27.1868407,38.4171373],[27.1859828,38.4084565],[27.1866465,38.407479],[27.1896253,38.4080865],[27.1858885,38.4062534],[27.1889173,38.4049535],[27.1916983,38.4060376],[27.190454,38.4080866],[27.1986937,38.4091123],[27.2096801,38.4068003],[27.2117651,38.4026189],[27.2103882,38.3979636],[27.2129524,38.3962399],[27.2170007,38.3887076],[27.2146636,38.385392],[27.2208353,38.3825149],[27.2251227,38.3824799],[27.2300478,38.3674611],[27.2349036,38.3681583],[27.2395968,38.3632157],[27.2482613,38.3654986],[27.2503268,38.3715756],[27.2459918,38.3750262],[27.2574279,38.3803811],[27.260437,38.38532],[27.2620044,38.3961637],[27.2646346,38.4010849],[27.2795892,38.4056148],[27.2972488,38.4078008],[27.3006177,38.411483],[27.3018027,38.4168899],[27.3144472,38.414501],[27.3163783,38.4111383],[27.3232233,38.406464],[27.323159,38.403412],[27.3279977,38.3983252],[27.3325789,38.3941294],[27.3369562,38.3932632],[27.339499,38.4141395],[27.3454642,38.4232347],[27.3423528,38.4308833],[27.3342633,38.4391865],[27.3396706,38.4511521],[27.3330617,38.452278],[27.3206658,38.4614148],[27.3228714,38.4810364],[27.3285985,38.4879946],[27.3318279,38.4894558],[27.3333836,38.4939695],[27.3353308,38.4930584],[27.3439676,38.4961317],[27.348007,38.5007331],[27.3526955,38.5154588],[27.3501044,38.5235005],[27.3533231,38.52938],[27.3540473,38.5349318],[27.3521268,38.5338492],[27.3470548,38.5348878],[27.3339536,38.5424949],[27.3053654,38.5429294],[27.3018622,38.5451279],[27.3026266,38.5477781],[27.2995364,38.5475394],[27.2922495,38.5502844],[27.2903037,38.5580714],[27.2860689,38.5515077],[27.2831229,38.5564147],[27.275578,38.5535623],[27.2608431,38.5672958],[27.249831,38.5730018]]]}},{"type":"Feature","properties":{"code":"35-08","provinceCode":"35","name":"Buca"},"geometry":{"type":"Polygon","coordinates":[[[27.2288867,38.2720376],[27.2405791,38.2714083],[27.2530951,38.273943],[27.2544837,38.2758555],[27.2560072,38.2751059],[27.2548792,38.2736722],[27.261778,38.275739],[27.2646761,38.2745416],[27.2742569,38.2822774],[27.277379,38.2809088],[27.2787255,38.2836712],[27.2822285,38.2828753],[27.2828856,38.2849765],[27.2883493,38.2857781],[27.2892344,38.288505],[27.2913963,38.2870692],[27.2950065,38.2883619],[27.2948509,38.290185],[27.2996253,38.2895661],[27.3001671,38.2908545],[27.3083045,38.2929394],[27.3211312,38.2873471],[27.3205358,38.2847618],[27.3245645,38.2876503],[27.3413028,38.2832766],[27.3538139,38.2861176],[27.3536289,38.2873513],[27.3559356,38.2879829],[27.3534679,38.2876798],[27.3530656,38.2896208],[27.3555974,38.292609],[27.3578721,38.2917892],[27.3572955,38.2939259],[27.3621124,38.2935979],[27.3631775,38.2955573],[27.3681557,38.2971993],[27.3658973,38.2990559],[27.3584032,38.2985507],[27.359095,38.3026334],[27.3638368,38.3080739],[27.3641324,38.3107501],[27.3554313,38.3206411],[27.3486614,38.3197489],[27.3469019,38.3241679],[27.3483393,38.3317369],[27.3538112,38.3356814],[27.3474662,38.3402836],[27.3508501,38.3474118],[27.3559285,38.3502838],[27.3626518,38.3581476],[27.3696685,38.3620679],[27.3629951,38.3697566],[27.3554206,38.3709678],[27.3519614,38.3729656],[27.3408495,38.3731128],[27.3431472,38.3802191],[27.3406362,38.3821711],[27.3381042,38.3891344],[27.3350143,38.3913881],[27.3369562,38.3932632],[27.3325789,38.3941294],[27.3279977,38.3983252],[27.323159,38.403412],[27.3232233,38.406464],[27.3163783,38.4111383],[27.3144472,38.414501],[27.3018027,38.4168899],[27.3006177,38.411483],[27.2972488,38.4078008],[27.2795892,38.4056148],[27.2646346,38.4010849],[27.2620044,38.3961637],[27.260437,38.38532],[27.2574279,38.3803811],[27.2459918,38.3750262],[27.2503268,38.3715756],[27.2482613,38.3654986],[27.2395968,38.3632157],[27.2349036,38.3681583],[27.2300478,38.3674611],[27.2251227,38.3824799],[27.2208353,38.3825149],[27.2146636,38.385392],[27.2170007,38.3887076],[27.2129524,38.3962399],[27.2103882,38.3979636],[27.2117651,38.4026189],[27.2096801,38.4068003],[27.1986937,38.4091123],[27.190454,38.4080866],[27.1916983,38.4060376],[27.1889173,38.4049535],[27.1858885,38.4062534],[27.1817127,38.4059869],[27.177279,38.4084985],[27.165783,38.4066111],[27.1653646,38.4046101],[27.1538365,38.4030862],[27.1454424,38.4060119],[27.1442001,38.4015385],[27.1384025,38.3943525],[27.1375179,38.3905597],[27.1426517,38.3835419],[27.1418332,38.3804717],[27.1378693,38.3804616],[27.1357959,38.3716617],[27.1402323,38.3639459],[27.1393356,38.3613893],[27.136681,38.3462403],[27.1433973,38.3469364],[27.1501833,38.3452451],[27.1547323,38.34827],[27.1637618,38.3461643],[27.1661425,38.3473865],[27.1711546,38.3462633],[27.1742535,38.3476263],[27.1809643,38.340394],[27.1825684,38.3356224],[27.1790171,38.3306066],[27.183064,38.319138],[27.1823269,38.3160914],[27.1948314,38.313183],[27.1952431,38.3171492],[27.2021484,38.3178718],[27.2015262,38.3143279],[27.2043984,38.3122104],[27.209959,38.3133261],[27.2118688,38.3050927],[27.2208445,38.3037322],[27.227447,38.3048485],[27.2207415,38.2967656],[27.2184777,38.288025],[27.2153893,38.2846045],[27.2084248,38.2817173],[27.2151947,38.2792244],[27.2137943,38.277879],[27.2150424,38.2772323],[27.2288867,38.2720376]]]}},{"type":"Feature","properties":{"code":"35-09","provinceCode":"35","name":"Çeşme"},"geometry":{"type":"MultiPolygon","coordinates":[[[[26.5152737,38.4313555],[26.5153511,38.4270059],[26.5116552,38.4261911],[26.5098588,38.4238007],[26.5116294,38.4206426],[26.509919,38.4181308],[26.5061716,38.4141777],[26.5013326,38.4152552],[26.5037478,38.4105275],[26.5032235,38.4064595],[26.501324,38.4045736],[26.4987197,38.4045467],[26.4968202,38.4014483],[26.4939323,38.4022768],[26.4913108,38.4007074],[26.4875978,38.4015291],[26.4848474,38.4047285],[26.4857842,38.4081703],[26.4834893,38.4137332],[26.4772408,38.4182385],[26.469531,38.4272213],[26.4660758,38.4269453],[26.4630934,38.4239556],[26.4604289,38.425814],[26.451026,38.4279485],[26.4501149,38.4246222],[26.4528395,38.4201645],[26.4555212,38.4209523],[26.4618459,38.4183021],[26.4597261,38.4093081],[26.4635383,38.4095445],[26.4644851,38.4119145],[26.4670573,38.4127877],[26.4757627,38.4017969],[26.4752013,38.3972925],[26.4725285,38.3948497],[26.4747405,38.3899639],[26.4731402,38.3870415],[26.4756872,38.3810058],[26.4827363,38.378074],[26.4832102,38.3760496],[26.4724132,38.372664],[26.468013,38.3648579],[26.4628257,38.3635787],[26.4618163,38.3588393],[26.4561159,38.356796],[26.4556094,38.3537534],[26.4513862,38.3527773],[26.4508196,38.3480449],[26.4444675,38.3485498],[26.4423901,38.3452813],[26.4393317,38.3439576],[26.4351244,38.3461378],[26.4303745,38.3410481],[26.4240343,38.3410901],[26.4242118,38.3381732],[26.4218899,38.337657],[26.4200645,38.3391283],[26.4188836,38.3359892],[26.4251221,38.3357389],[26.4229309,38.3324333],[26.4188772,38.3312412],[26.4175887,38.3333074],[26.4136965,38.3334423],[26.4132756,38.3316191],[26.4091656,38.3319465],[26.4086616,38.3279033],[26.4067629,38.3276651],[26.406475,38.3288393],[26.4035507,38.3273247],[26.404342,38.3259054],[26.401467,38.3258544],[26.4028242,38.3234443],[26.4003566,38.324565],[26.3970956,38.3239406],[26.3961501,38.3204168],[26.3935911,38.3249837],[26.3966263,38.3297306],[26.4018778,38.3324662],[26.4015793,38.3347785],[26.3976747,38.3385897],[26.3969228,38.3417886],[26.3946088,38.3427529],[26.3919379,38.3417417],[26.3885019,38.3368904],[26.3868185,38.3373146],[26.3885196,38.3448813],[26.3851785,38.3493489],[26.3832276,38.3464649],[26.3824701,38.3383029],[26.3855374,38.3314719],[26.3867885,38.3326848],[26.3885966,38.332032],[26.385734,38.3280881],[26.3857473,38.3221558],[26.3832126,38.3209121],[26.3852887,38.3175607],[26.381896,38.3109858],[26.375297,38.3088851],[26.363064,38.3077652],[26.35792,38.3111793],[26.3606596,38.3123651],[26.3586663,38.311848],[26.3596989,38.312572],[26.3590744,38.3137272],[26.3612,38.3133393],[26.3583624,38.3140694],[26.3522772,38.3144646],[26.3438899,38.319907],[26.3457179,38.3228143],[26.343707,38.3239611],[26.3458517,38.323892],[26.3444782,38.324901],[26.3446085,38.3337025],[26.342182,38.3326146],[26.3406728,38.3256506],[26.3382146,38.3246237],[26.326283,38.3259212],[26.3184625,38.3302742],[26.3165239,38.3366166],[26.3120652,38.3382782],[26.3120619,38.3394336],[26.3173882,38.3408803],[26.3153798,38.3464918],[26.3166376,38.3475387],[26.3231051,38.3462892],[26.3215413,38.3508352],[26.3244467,38.3530232],[26.3228663,38.3569602],[26.3186797,38.3581909],[26.3136614,38.3548448],[26.3134716,38.3526391],[26.311419,38.3528139],[26.3117962,38.3544991],[26.3172663,38.3574483],[26.3159821,38.3600806],[26.3188368,38.3617407],[26.3181666,38.363609],[26.3139508,38.3644559],[26.3170482,38.3744547],[26.3153119,38.3766091],[26.3128452,38.3773939],[26.309575,38.3751145],[26.3108315,38.3709614],[26.3095496,38.3683647],[26.3079165,38.3670488],[26.3058614,38.367768],[26.3048773,38.3640193],[26.3019993,38.3636821],[26.304818,38.3577147],[26.3014828,38.3552611],[26.2969564,38.3570478],[26.2958438,38.3613128],[26.288661,38.3674933],[26.2845404,38.376778],[26.2827548,38.3737695],[26.2842984,38.3610216],[26.2828667,38.3519421],[26.2848683,38.3450838],[26.286227,38.342147],[26.2900695,38.3399324],[26.2955953,38.3282709],[26.3018043,38.3250934],[26.3009729,38.3229258],[26.30334,38.3208742],[26.3026545,38.3195774],[26.3006765,38.3205916],[26.3027553,38.3210362],[26.3009869,38.3212886],[26.301913,38.3219742],[26.2998209,38.3213429],[26.3013059,38.3225022],[26.2993166,38.3216354],[26.3006604,38.3238743],[26.2991342,38.3219721],[26.296917,38.3232936],[26.2980245,38.3245007],[26.2963971,38.3233197],[26.294199,38.325059],[26.2962765,38.3232012],[26.2942696,38.3226284],[26.2925133,38.3239952],[26.2940144,38.3223423],[26.2870848,38.3171232],[26.2835644,38.3245326],[26.2812875,38.3228956],[26.2795116,38.315117],[26.2828528,38.3009607],[26.2800099,38.2954197],[26.2757596,38.2943401],[26.2766309,38.292567],[26.2726352,38.2904085],[26.26546,38.2893188],[26.2614975,38.2871645],[26.2559429,38.2874748],[26.2540629,38.2853314],[26.2492115,38.2852097],[26.2432314,38.289266],[26.2448682,38.2919589],[26.2429886,38.2940901],[26.2393163,38.2950568],[26.2385764,38.2933299],[26.2347882,38.2942492],[26.233605,38.2933023],[26.2334138,38.2777662],[26.2303093,38.2737165],[26.2304937,38.2700291],[26.2349549,38.2651287],[26.2414667,38.2633529],[26.2488969,38.2689447],[26.251434,38.2675604],[26.2529532,38.2690573],[26.2603644,38.2699192],[26.2733352,38.2684912],[26.2861857,38.264953],[26.2928688,38.2611849],[26.292344,38.2597037],[26.2966883,38.259337],[26.3025087,38.2557481],[26.3017055,38.2489813],[26.3063341,38.2465051],[26.3071095,38.2407146],[26.3127799,38.2390871],[26.323611,38.2309054],[26.3290296,38.2312001],[26.33282,38.2268289],[26.3392167,38.2261015],[26.338753,38.2275766],[26.3409727,38.2269056],[26.3406723,38.2281611],[26.3432622,38.2292133],[26.3513707,38.2290064],[26.3544978,38.2273584],[26.3558823,38.2298191],[26.3588097,38.2278787],[26.3606051,38.2296254],[26.3632539,38.2275253],[26.366577,38.2276221],[26.367488,38.2331596],[26.3707036,38.2338718],[26.3740666,38.2372799],[26.3737836,38.2403773],[26.3770409,38.2407826],[26.3793771,38.2454352],[26.3862108,38.2460537],[26.3845784,38.2511677],[26.3866469,38.253458],[26.3839269,38.2530279],[26.3823923,38.2552561],[26.3850643,38.2551529],[26.3854643,38.2539176],[26.3854102,38.2552744],[26.3804114,38.2573307],[26.3821,38.2581316],[26.379278,38.2612004],[26.3910804,38.2610843],[26.3998636,38.2528941],[26.4021597,38.2443448],[26.3998531,38.240994],[26.3945927,38.2409087],[26.389611,38.2366005],[26.3922175,38.2297067],[26.3893055,38.2240095],[26.3995234,38.2176419],[26.4097896,38.2136874],[26.4111854,38.209073],[26.4148655,38.2104431],[26.4178553,38.2059808],[26.4303248,38.1982999],[26.42935,38.207144],[26.4246667,38.211938],[26.41945,38.2215394],[26.428237,38.2223698],[26.4343574,38.2195189],[26.4403702,38.2193398],[26.4440152,38.2170168],[26.4412583,38.214913],[26.4541018,38.2186608],[26.4595199,38.2228247],[26.465072,38.2227867],[26.4598846,38.2269968],[26.4577389,38.2355425],[26.4595199,38.2398655],[26.4550996,38.2388711],[26.4561188,38.2456207],[26.4627492,38.2491933],[26.4763319,38.2494208],[26.4853978,38.2549983],[26.4918756,38.2559896],[26.5019846,38.2628668],[26.5109432,38.2633638],[26.5180993,38.2678789],[26.5229916,38.2677273],[26.5262403,38.2693987],[26.5238714,38.2796287],[26.5169191,38.2813131],[26.5070915,38.2907282],[26.4985192,38.2941554],[26.4994097,38.299519],[26.4974248,38.302971],[26.5171712,38.310405],[26.5125329,38.3147564],[26.5105134,38.3248841],[26.508394,38.326216],[26.5003323,38.3263395],[26.4992165,38.3291843],[26.4935732,38.3331735],[26.4929938,38.3378526],[26.4993882,38.3448538],[26.5082717,38.3499023],[26.5131426,38.350912],[26.5145373,38.3760986],[26.5216827,38.38096],[26.5286779,38.405514],[26.5334201,38.4100034],[26.5344391,38.4139553],[26.5424323,38.4122564],[26.5452647,38.4152155],[26.5512171,38.4147257],[26.5493202,38.4202676],[26.544975,38.4237559],[26.5447068,38.426849],[26.5415633,38.4305219],[26.541059,38.436346],[26.5333021,38.4335979],[26.5305447,38.4345139],[26.5289998,38.4330516],[26.5152737,38.4313555]]],[[[26.4460997,38.3644553],[26.4528343,38.3597527],[26.4574664,38.3605146],[26.4576339,38.3632666],[26.4535882,38.3685206],[26.4460997,38.3644553]]],[[[26.489956,38.4037855],[26.4928476,38.4048496],[26.4906097,38.405618],[26.489956,38.4037855]]]]}},{"type":"Feature","properties":{"code":"35-10","provinceCode":"35","name":"Çiğli"},"geometry":{"type":"Polygon","coordinates":[[[26.8856823,38.5063051],[26.8839571,38.5038736],[26.904392,38.4893186],[26.9030012,38.4879154],[26.9044347,38.4892943],[26.9036253,38.4871724],[26.9054845,38.4886101],[26.9113285,38.483848],[26.9137218,38.4773985],[26.9226657,38.4676502],[26.9240071,38.4548776],[26.9274948,38.4553818],[26.9277095,38.4538692],[26.9308752,38.4548776],[26.9391414,38.4507979],[26.9375421,38.4495735],[26.9404172,38.4485884],[26.938746,38.4474625],[26.9395187,38.4459356],[26.9430767,38.4471177],[26.9421243,38.4445563],[26.9452061,38.4467659],[26.9461046,38.4449645],[26.9472965,38.446672],[26.9520764,38.4437323],[26.9516213,38.4377019],[26.9471426,38.4300513],[26.9439432,38.427929],[26.9472952,38.4299734],[26.9548379,38.4404325],[26.9545863,38.4439652],[26.9601928,38.4457667],[26.9628703,38.4430645],[26.9633375,38.4472303],[26.9675424,38.4500168],[26.9657634,38.4480607],[26.967183,38.4485532],[26.9716664,38.437146],[26.9685757,38.4360762],[26.9722235,38.4337818],[26.9723133,38.4363577],[26.9768597,38.4398062],[26.972529,38.4423959],[26.9747242,38.4470884],[26.9706242,38.4535279],[26.9744707,38.4514247],[26.9734095,38.4544708],[26.9755119,38.455498],[26.978479,38.4495557],[26.9806513,38.4488704],[26.979072,38.4518051],[26.9803881,38.4535141],[26.9842554,38.4483674],[26.9837416,38.4522857],[26.9865813,38.4535776],[26.9837686,38.4550601],[26.9848775,38.4568603],[26.9887448,38.4547636],[26.987609,38.4573474],[26.9891775,38.4582792],[26.9909354,38.4540012],[26.9877442,38.4536623],[26.9890423,38.4506125],[26.990043,38.4527728],[26.9946562,38.4536197],[26.9952294,38.4581232],[26.9994052,38.4574226],[27.00609,38.45953],[27.005436,38.460814],[27.009356,38.461327],[27.009356,38.458759],[27.010989,38.457988],[27.013276,38.460813],[27.009683,38.461841],[27.01393,38.461841],[27.015237,38.465436],[27.015891,38.464409],[27.01834,38.465179],[27.018993,38.46261],[27.016543,38.461326],[27.01981,38.461326],[27.020137,38.463894],[27.022098,38.464921],[27.02373,38.463251],[27.0312406,38.4633809],[27.024712,38.466205],[27.029613,38.468259],[27.032225,38.46569],[27.030919,38.467745],[27.033534,38.469542],[27.033533,38.466974],[27.036473,38.468],[27.037451,38.46389],[27.038106,38.466715],[27.039413,38.466201],[27.0390072,38.4591826],[27.0404503,38.4655984],[27.0444317,38.4656826],[27.045948,38.467997],[27.0501302,38.4684657],[27.0505581,38.4698736],[27.0484104,38.4713316],[27.0535641,38.472896],[27.0587975,38.4731882],[27.0576795,38.4720514],[27.0593811,38.4710539],[27.0563751,38.4689504],[27.0594487,38.4688238],[27.0583653,38.4692187],[27.061242,38.4709006],[27.0583653,38.4736354],[27.0594674,38.4741327],[27.062512,38.4717267],[27.0652925,38.4725738],[27.0650877,38.4684711],[27.0676761,38.4646438],[27.065142,38.4684772],[27.0653769,38.4728541],[27.0626121,38.4745095],[27.0661712,38.4765726],[27.0696312,38.4766188],[27.0761731,38.4814776],[27.0832139,38.4811521],[27.0823127,38.4849293],[27.0890102,38.489144],[27.0869932,38.4912718],[27.0927679,38.4970008],[27.090944,38.505183],[27.1119726,38.5201009],[27.1189356,38.5275545],[27.1147513,38.5367026],[27.1105885,38.537609],[27.1108568,38.5413014],[27.1039798,38.539572],[27.1007609,38.5405461],[27.0994949,38.5416539],[27.1004819,38.5454132],[27.0926499,38.5502799],[27.0850324,38.5557168],[27.0681814,38.5550087],[27.0675176,38.5533509],[27.0471167,38.5426273],[27.0384805,38.5288467],[27.0404597,38.5277207],[27.0399253,38.5222186],[27.0358782,38.5221436],[27.0310039,38.5267501],[27.0234323,38.5214149],[27.0146572,38.5302806],[27.0090853,38.5298184],[27.0085593,38.5354111],[27.0073499,38.53542],[27.0078411,38.5297007],[27.0049417,38.5295052],[27.0039439,38.520806],[26.9995451,38.5208396],[27.0008612,38.5229765],[26.9968052,38.5235063],[26.9932056,38.5294323],[26.9880116,38.5215447],[26.9807286,38.5168772],[26.9804263,38.5141912],[26.9740748,38.516525],[26.9742805,38.5176681],[26.970706,38.5179184],[26.9690108,38.5172133],[26.9692039,38.5140065],[26.9603115,38.5152319],[26.9579834,38.5162476],[26.9582731,38.52094],[26.9478214,38.5224261],[26.9447422,38.5264886],[26.9449031,38.5235257],[26.9443667,38.5260521],[26.9390452,38.5266061],[26.9388035,38.5245263],[26.9311595,38.5226023],[26.9276178,38.51943],[26.9213741,38.5187967],[26.8992305,38.53254],[26.8909122,38.5229807],[26.8884361,38.5090016],[26.8856823,38.5063051]]]}},{"type":"Feature","properties":{"code":"35-11","provinceCode":"35","name":"Dikili"},"geometry":{"type":"MultiPolygon","coordinates":[[[[26.7686313,39.1666913],[26.7989415,39.1612026],[26.8130336,39.1567402],[26.8382965,39.1398268],[26.8418483,39.1348806],[26.8506693,39.1276709],[26.8538313,39.1196993],[26.8745857,39.1009802],[26.8841515,39.0849591],[26.8876599,39.0753829],[26.8871501,39.0709183],[26.8847855,39.0716756],[26.8864526,39.0705667],[26.8854453,39.0689827],[26.8871606,39.0701559],[26.8865539,39.0679968],[26.8813421,39.064255],[26.8737568,39.0627125],[26.8701043,39.0644861],[26.858902,39.056712],[26.8511389,39.0573681],[26.8490926,39.0533177],[26.843166,39.0489125],[26.8397823,39.0483529],[26.8382234,39.0448828],[26.8305333,39.043584],[26.8291764,39.0404832],[26.8200587,39.036931],[26.8167147,39.0372629],[26.813034,39.0414724],[26.8112374,39.0402997],[26.8128874,39.0393224],[26.812015,39.037],[26.8051647,39.0378164],[26.804446,39.035189],[26.7991431,39.0318292],[26.7996324,39.0282865],[26.7954204,39.0235166],[26.7993983,39.0219031],[26.7981033,39.0164893],[26.7992788,39.0155831],[26.8068128,39.0181159],[26.8078309,39.0198944],[26.8114953,39.0197719],[26.8110248,39.0229624],[26.8129656,39.025447],[26.8153973,39.0264431],[26.816507,39.0254071],[26.812238,39.01517],[26.809936,39.014267],[26.8084673,39.0164822],[26.8015008,39.0081914],[26.799671,39.0026373],[26.8010285,38.9988013],[26.7971843,38.9960399],[26.7983683,38.9933357],[26.7970314,38.99098],[26.7992805,38.9895722],[26.7964263,38.9859456],[26.7961855,38.9824175],[26.8004409,38.9745099],[26.8005446,38.9684382],[26.8003842,38.9650391],[26.7964408,38.9624871],[26.7980399,38.9564998],[26.8021494,38.9508813],[26.8076611,38.9538466],[26.8122633,38.9520366],[26.8146251,38.9492412],[26.8161518,38.9415087],[26.8214154,38.9364503],[26.8303088,38.9333134],[26.8448209,38.9351388],[26.8505258,38.9332386],[26.8535144,38.9305165],[26.8539071,38.9249194],[26.8571663,38.9221863],[26.8528565,38.918659],[26.8525286,38.9164857],[26.8583083,38.9144676],[26.8649319,38.9150104],[26.8710505,38.918692],[26.8777909,38.9159762],[26.8805038,38.9222648],[26.8893618,38.9243001],[26.8902866,38.9277957],[26.8940804,38.9303288],[26.910143,38.9345742],[26.9191346,38.939787],[26.92966,38.9365678],[26.9326859,38.9334075],[26.9335107,38.9292499],[26.9309334,38.929787],[26.931061,38.9311799],[26.9306587,38.9296528],[26.9389918,38.9259758],[26.9392938,38.928968],[26.9358989,38.934161],[26.9364061,38.9374358],[26.9465787,38.9391828],[26.9505698,38.9344302],[26.9537882,38.9380726],[26.9564174,38.9384586],[26.966677,38.9335246],[26.9658633,38.9326184],[26.9826941,38.9208043],[26.9889409,38.9243587],[26.9947974,38.9235329],[26.9993758,38.9272385],[26.9958819,38.9361941],[26.9966531,38.9420158],[27.0018355,38.9414657],[27.0037842,38.9386308],[27.0098455,38.9404693],[27.0090818,38.9455301],[27.0058615,38.9476062],[27.0112042,38.9564367],[27.0129951,38.9646407],[27.0108426,38.9657489],[27.0108855,38.9714963],[27.0085332,38.9732366],[27.0095765,38.9775017],[27.002737,38.9813632],[27.0011544,38.9856416],[26.9973564,38.9892525],[26.9975388,38.9922462],[26.9887089,38.9972577],[26.9889235,38.9992588],[26.9864344,39.0007763],[26.9811083,39.0008081],[26.9781089,39.0050284],[26.9779372,39.0070293],[26.9803619,39.0086634],[26.9794604,39.0152161],[26.987357,39.0239016],[26.9856619,39.0280023],[26.9871425,39.0293358],[26.9854044,39.0305193],[26.9870353,39.0316527],[26.9802439,39.0496938],[26.9812524,39.0548428],[26.9745254,39.0676637],[26.9756709,39.0724992],[26.9721166,39.0847033],[26.9856494,39.0917522],[26.9963229,39.0881781],[27.0025169,39.0903507],[27.0050382,39.0894013],[27.0032191,39.0919556],[27.0137071,39.0958547],[27.0257771,39.1079189],[27.0266193,39.1072487],[27.0266569,39.1087639],[27.0311843,39.1082811],[27.0346216,39.1110404],[27.0368492,39.1101749],[27.0415163,39.1141624],[27.0364299,39.1176296],[27.0405291,39.1211714],[27.041232,39.1252497],[27.0448737,39.1276306],[27.0475565,39.1268145],[27.0513902,39.1386085],[27.0645954,39.1387092],[27.0644505,39.1475392],[27.0715999,39.1497361],[27.0675552,39.160173],[27.0771357,39.1659381],[27.0728388,39.1736695],[27.0546266,39.1851705],[27.0559571,39.1886931],[27.0507759,39.1960683],[27.0413874,39.1967754],[27.0351645,39.195678],[27.0284365,39.198539],[27.0159491,39.1972079],[27.0109602,39.1993031],[26.9987604,39.2121232],[26.9965623,39.2124052],[26.9910693,39.2083317],[26.9840741,39.2103933],[26.9828721,39.2084317],[26.981821,39.2133527],[26.975684,39.2130868],[26.974107,39.2147159],[26.9693755,39.2149654],[26.9664895,39.2127043],[26.9522522,39.221133],[26.9529068,39.2223963],[26.9499012,39.2223594],[26.9460511,39.227915],[26.9437551,39.2284136],[26.9404783,39.234766],[26.9371247,39.2356437],[26.9360733,39.2389178],[26.9332409,39.2393001],[26.9322753,39.2419923],[26.927576,39.2425407],[26.9251084,39.240613],[26.9256878,39.2378209],[26.9209027,39.2422416],[26.9185638,39.2409121],[26.9141865,39.2419425],[26.9051313,39.2384358],[26.9017839,39.2399814],[26.9006252,39.237555],[26.8957971,39.2404635],[26.8922137,39.2370565],[26.8896388,39.2383029],[26.887607,39.2435166],[26.8847842,39.2438336],[26.8785865,39.2361056],[26.8701385,39.233987],[26.8571115,39.2370673],[26.8433232,39.237087],[26.8376791,39.236508],[26.8369603,39.2333169],[26.8307483,39.2340067],[26.8324327,39.2316797],[26.8266821,39.2303085],[26.8271541,39.227433],[26.8239569,39.2235433],[26.8239784,39.2199526],[26.8176921,39.218072],[26.8155241,39.2118896],[26.8089366,39.2090466],[26.7926824,39.1977148],[26.7905903,39.1894913],[26.7848792,39.1864958],[26.7808914,39.1791128],[26.7686313,39.1666913]]],[[[26.7912636,38.9994348],[26.7922815,38.9968632],[26.7951142,38.9964959],[26.7966988,38.9978355],[26.7952372,39.0014868],[26.7987485,39.0109982],[26.7927525,39.0081493],[26.7939389,39.0053041],[26.7912636,38.9994348]]]]}},{"type":"Feature","properties":{"code":"35-12","provinceCode":"35","name":"Foça"},"geometry":{"type":"Polygon","coordinates":[[[26.8927415,38.7331324],[26.8853329,38.7322409],[26.8756086,38.7358625],[26.8726743,38.7404071],[26.8661887,38.743644],[26.8574501,38.752894],[26.8505,38.7511456],[26.8509291,38.7485336],[26.8464688,38.7473042],[26.8433679,38.7449888],[26.8420835,38.7455284],[26.838402,38.7437429],[26.8415793,38.7450151],[26.8424798,38.7441697],[26.8384619,38.7426486],[26.8398441,38.7416088],[26.834733,38.7429869],[26.8325093,38.7460915],[26.8324583,38.7505311],[26.8378391,38.7528046],[26.8317118,38.755989],[26.830841,38.7613182],[26.8242735,38.7608349],[26.823613,38.7621758],[26.8159219,38.7564788],[26.8154116,38.7532669],[26.8131452,38.7532818],[26.8128172,38.7513692],[26.8052064,38.7513956],[26.8046341,38.7497946],[26.8023984,38.7504591],[26.797168,38.7482666],[26.7966503,38.746343],[26.7940234,38.7463558],[26.7910857,38.7485525],[26.7904794,38.7457891],[26.7872441,38.746969],[26.7868479,38.7433491],[26.784147,38.7425679],[26.7849041,38.7397445],[26.7828706,38.7394071],[26.78076,38.7364136],[26.7781969,38.7385254],[26.7793154,38.7401387],[26.7750807,38.7379775],[26.7716459,38.7386906],[26.7727833,38.7366914],[26.769483,38.734772],[26.7683324,38.7372661],[26.7705203,38.7417198],[26.7686992,38.7422302],[26.7670896,38.7414562],[26.7673619,38.7380577],[26.765238,38.7378917],[26.7639588,38.7405926],[26.7591527,38.739123],[26.758111,38.7360314],[26.7560444,38.7373257],[26.7541163,38.7367482],[26.7528792,38.7390531],[26.7501611,38.7389011],[26.7487811,38.7408986],[26.7399129,38.7414595],[26.7395902,38.7371033],[26.7423643,38.7355115],[26.7428738,38.7320098],[26.7412716,38.7309886],[26.7374611,38.7316645],[26.7323353,38.72729],[26.7293893,38.7274033],[26.7283934,38.7261602],[26.7301531,38.7234139],[26.7267747,38.7209374],[26.7315389,38.7204916],[26.732567,38.7190123],[26.7317449,38.7155956],[26.7285641,38.7149157],[26.7304619,38.7109497],[26.7283365,38.7083436],[26.73269,38.7064784],[26.7332307,38.7037915],[26.730262,38.7017881],[26.7310112,38.6979401],[26.7287064,38.6951864],[26.7317358,38.6931173],[26.7316657,38.6908778],[26.736607,38.6885928],[26.7362823,38.6867459],[26.7340553,38.6861667],[26.7362052,38.6835185],[26.7398134,38.6835595],[26.7413064,38.6807503],[26.7332817,38.6753418],[26.7379732,38.6757738],[26.7396494,38.6783142],[26.7466095,38.6784404],[26.7535725,38.6739029],[26.7548676,38.6690323],[26.7533694,38.6704558],[26.7506978,38.6696036],[26.7533909,38.6660349],[26.7489924,38.6634931],[26.7448939,38.6645291],[26.7453508,38.6687367],[26.742411,38.6681181],[26.7410318,38.6633751],[26.7346696,38.6668619],[26.7343588,38.6596359],[26.731151,38.6563544],[26.7236826,38.6560464],[26.7231784,38.6515242],[26.7256219,38.6502497],[26.7257653,38.653994],[26.7274568,38.6550625],[26.7334959,38.653994],[26.7348919,38.6517393],[26.7325653,38.6493946],[26.7331048,38.647621],[26.7364885,38.6446093],[26.7403163,38.6460651],[26.7428539,38.6454622],[26.7439107,38.6372635],[26.7494504,38.6345564],[26.7542737,38.6356813],[26.7606327,38.6402504],[26.7661998,38.640978],[26.7704209,38.6353551],[26.7685998,38.6344953],[26.7666929,38.6371922],[26.7638579,38.636333],[26.7630619,38.6331619],[26.7602813,38.6331094],[26.7583163,38.6295781],[26.7544876,38.6283847],[26.757329,38.6265359],[26.7564526,38.6233719],[26.759134,38.6194644],[26.7566518,38.6158693],[26.7618581,38.6150274],[26.7650715,38.6168039],[26.7652247,38.614699],[26.7663138,38.616389],[26.7699957,38.6163524],[26.7746567,38.6125596],[26.7753558,38.6162794],[26.7793886,38.6175304],[26.7882997,38.6139857],[26.7948502,38.6091551],[26.7964967,38.6094021],[26.7938392,38.6112085],[26.7997858,38.6111342],[26.802176,38.6080658],[26.8012654,38.604597],[26.8035134,38.6042413],[26.8003834,38.599527],[26.8045662,38.6031072],[26.8009524,38.5994158],[26.8055225,38.6021287],[26.8105339,38.5952171],[26.8164886,38.5945259],[26.8166655,38.5923601],[26.8138945,38.5903786],[26.8152505,38.5892265],[26.8180022,38.5903272],[26.8164749,38.5882793],[26.8190828,38.5868762],[26.823033,38.5881666],[26.8237994,38.5910237],[26.8273369,38.5909776],[26.8255681,38.5879822],[26.8304616,38.5780503],[26.8344708,38.5880513],[26.8381262,38.5893878],[26.8401897,38.5876827],[26.8411353,38.5892396],[26.8559074,38.5890676],[26.8489176,38.601981],[26.8497276,38.6083698],[26.8523991,38.6118154],[26.8437195,38.6197122],[26.8425608,38.6255546],[26.8413162,38.6253031],[26.8381512,38.6321256],[26.8364775,38.6318407],[26.8330393,38.63601],[26.8346107,38.6386039],[26.8404364,38.6379418],[26.842711,38.640238],[26.8442881,38.6365255],[26.8467824,38.6395512],[26.8449855,38.6413526],[26.8521523,38.6430788],[26.8557572,38.6472518],[26.8645763,38.6473943],[26.8642115,38.6450815],[26.8715393,38.6373636],[26.8687391,38.6319915],[26.8635726,38.6291146],[26.8634981,38.6275284],[26.8652952,38.6261329],[26.8697369,38.6269208],[26.8735778,38.6253283],[26.8731278,38.6190246],[26.8746264,38.6173805],[26.8811924,38.6227285],[26.883864,38.6188139],[26.8860769,38.6203409],[26.8848967,38.6272142],[26.8938554,38.622133],[26.9034469,38.6258312],[26.903286,38.6276248],[26.8995845,38.6284798],[26.8981254,38.6341119],[26.8994529,38.6378399],[26.9009256,38.6372881],[26.9043696,38.639752],[26.9102275,38.637791],[26.911397,38.6352852],[26.9156012,38.6330372],[26.9323075,38.638034],[26.9381695,38.6369829],[26.9403326,38.6320502],[26.9437377,38.6315019],[26.9429934,38.641495],[26.9446885,38.6449558],[26.9531107,38.6448804],[26.9624019,38.6520278],[26.9674981,38.6533098],[26.9635911,38.6638436],[26.9602032,38.6761105],[26.9541678,38.6801003],[26.9555019,38.6821508],[26.9530034,38.6844797],[26.949538,38.6847142],[26.9549829,38.6905889],[26.9551477,38.6967707],[26.9568063,38.6983222],[26.9527727,38.6972545],[26.9526905,38.7012537],[26.948797,38.7027629],[26.9426393,38.7092777],[26.9378611,38.7101517],[26.9317498,38.7143165],[26.9218235,38.7161781],[26.9235584,38.7222541],[26.9127347,38.7270018],[26.9126362,38.7311944],[26.9102704,38.7306692],[26.9060969,38.7323515],[26.9112897,38.7364063],[26.9100773,38.7372222],[26.8927415,38.7331324]]]}},{"type":"Feature","properties":{"code":"35-13","provinceCode":"35","name":"Gaziemir"},"geometry":{"type":"Polygon","coordinates":[[[27.2153893,38.2846045],[27.2184777,38.288025],[27.2207415,38.2967656],[27.227447,38.3048485],[27.2208445,38.3037322],[27.2118688,38.3050927],[27.209959,38.3133261],[27.2043984,38.3122104],[27.2015262,38.3143279],[27.2021484,38.3178718],[27.1952431,38.3171492],[27.1948314,38.313183],[27.1823269,38.3160914],[27.183064,38.319138],[27.1790171,38.3306066],[27.1825684,38.3356224],[27.1809643,38.340394],[27.1742535,38.3476263],[27.1711546,38.3462633],[27.1661425,38.3473865],[27.1637618,38.3461643],[27.1547323,38.34827],[27.1501833,38.3452451],[27.1433973,38.3469364],[27.136681,38.3462403],[27.1393356,38.3613893],[27.1376842,38.3623097],[27.1315822,38.3612855],[27.1290395,38.3626084],[27.1258771,38.3570643],[27.1160898,38.3538946],[27.1119136,38.3548727],[27.1063158,38.3522245],[27.1044382,38.3481522],[27.1005034,38.3464273],[27.0928162,38.337457],[27.0932507,38.3317301],[27.0887404,38.3245858],[27.0779836,38.3184863],[27.0774579,38.3161293],[27.0802045,38.3128715],[27.0907548,38.3075695],[27.0940125,38.3024995],[27.1058169,38.3004346],[27.1073913,38.2977003],[27.1142428,38.2972114],[27.1191501,38.2982813],[27.1243,38.3015818],[27.1388912,38.2911576],[27.1466052,38.2909387],[27.1515083,38.2844123],[27.1533777,38.2781476],[27.161875,38.273605],[27.1626127,38.2804624],[27.165016,38.2815152],[27.1634858,38.2856833],[27.1704642,38.2820683],[27.1870208,38.284547],[27.2153893,38.2846045]]]}},{"type":"Feature","properties":{"code":"35-14","provinceCode":"35","name":"Güzelbahçe"},"geometry":{"type":"Polygon","coordinates":[[[26.887536,38.296833],[26.8912094,38.3008183],[26.8890166,38.3040992],[26.8909585,38.3064313],[26.8944715,38.3067029],[26.8971063,38.3020272],[26.9043471,38.3011699],[26.9095145,38.3022305],[26.9145106,38.3080135],[26.9149321,38.3063387],[26.9171047,38.3071216],[26.9197011,38.304377],[26.9222328,38.3043221],[26.9240623,38.3012523],[26.9254303,38.3039645],[26.9277263,38.3033162],[26.9294107,38.3056483],[26.9331165,38.3063651],[26.9339061,38.3086202],[26.9361111,38.3073839],[26.9393133,38.3091842],[26.9402468,38.3173415],[26.9433636,38.3221423],[26.9441736,38.3314692],[26.9461225,38.3314191],[26.9474781,38.3348735],[26.9525313,38.3378778],[26.9481754,38.3419718],[26.9397761,38.343936],[26.941942,38.3505923],[26.9456675,38.3546319],[26.9534562,38.3539156],[26.9508254,38.362539],[26.9461048,38.3632877],[26.9423129,38.3617752],[26.9370925,38.3638092],[26.9329941,38.363233],[26.9253311,38.3703115],[26.9230377,38.3786891],[26.9253566,38.3846928],[26.9002411,38.3788863],[26.8948805,38.3787489],[26.8935362,38.3798674],[26.8839333,38.3773768],[26.8857437,38.3785583],[26.8837913,38.3783644],[26.8831906,38.3800772],[26.8792854,38.3797866],[26.8773515,38.3781547],[26.8825832,38.379882],[26.8833956,38.3782143],[26.8789505,38.3770213],[26.8786455,38.3782318],[26.8780536,38.3761861],[26.8671537,38.3743243],[26.8637993,38.3740603],[26.8661719,38.3754529],[26.8595966,38.373222],[26.8549131,38.3735491],[26.8583273,38.364721],[26.8537187,38.3623455],[26.8531714,38.3602263],[26.8345132,38.3447151],[26.8305445,38.343011],[26.8213177,38.3300764],[26.8142313,38.330575],[26.8155455,38.3200477],[26.8140113,38.3154138],[26.8098378,38.3110363],[26.8106746,38.3048064],[26.8150696,38.3042175],[26.8135928,38.3027269],[26.8290639,38.2934901],[26.831789,38.2934565],[26.8317246,38.2948206],[26.8349379,38.2942733],[26.8344927,38.2964667],[26.8438697,38.2918397],[26.8449639,38.2856082],[26.8481827,38.2919408],[26.8664753,38.3037372],[26.8733954,38.3031731],[26.8770432,38.3043097],[26.8775503,38.3005394],[26.8847573,38.2991948],[26.887536,38.296833]]]}},{"type":"Feature","properties":{"code":"35-15","provinceCode":"35","name":"Karabağlar"},"geometry":{"type":"Polygon","coordinates":[[[26.9479138,38.2962733],[26.9495487,38.302971],[26.947639,38.3068101],[26.9518983,38.3068438],[26.9593012,38.3014134],[26.9683027,38.3044949],[26.9723435,38.3018474],[26.9710171,38.3008661],[26.9720221,38.2992489],[26.977272,38.2985086],[26.9853884,38.3020364],[26.9847822,38.3057409],[26.9873464,38.3072732],[26.9999164,38.3078124],[27.0006346,38.3107643],[27.0063042,38.3163398],[27.0119903,38.3190903],[27.0252061,38.3138508],[27.0297386,38.3086563],[27.036043,38.3062932],[27.0411976,38.3077105],[27.051816,38.3036951],[27.0551419,38.2983739],[27.0782196,38.2949047],[27.0814131,38.2882543],[27.0826153,38.2914626],[27.0846567,38.2899573],[27.0867305,38.2905373],[27.0858642,38.2935272],[27.0940125,38.3024995],[27.0907548,38.3075695],[27.0802045,38.3128715],[27.0774579,38.3161293],[27.0779836,38.3184863],[27.0887404,38.3245858],[27.0932507,38.3317301],[27.0928162,38.337457],[27.1005034,38.3464273],[27.1044382,38.3481522],[27.1063158,38.3522245],[27.1119136,38.3548727],[27.1160898,38.3538946],[27.1258771,38.3570643],[27.1290395,38.3626084],[27.1315822,38.3612855],[27.1376842,38.3623097],[27.1393356,38.3613893],[27.1402323,38.3639459],[27.1357959,38.3716617],[27.1378693,38.3804616],[27.1418332,38.3804717],[27.1426517,38.3835419],[27.1375179,38.3905597],[27.1384025,38.3943525],[27.1330076,38.3960372],[27.1244134,38.4025246],[27.1222063,38.4060664],[27.1112422,38.4017949],[27.0995818,38.4013913],[27.0948679,38.3982422],[27.0940074,38.3958701],[27.0875701,38.3930061],[27.0782485,38.3939925],[27.0695514,38.3978727],[27.0638269,38.3958825],[27.0663321,38.3923466],[27.0657849,38.3898828],[27.0678395,38.390135],[27.0666019,38.3868192],[27.0716965,38.3828228],[27.0733166,38.3858462],[27.0758546,38.3829492],[27.0760243,38.3792838],[27.0837557,38.3770743],[27.0951996,38.3679062],[27.0880634,38.3621646],[27.0785522,38.3601792],[27.0825755,38.3493302],[27.0780694,38.3456027],[27.072199,38.3428878],[27.0697812,38.3457453],[27.0759741,38.3482107],[27.0741856,38.3519638],[27.0752907,38.3558087],[27.0739603,38.3588037],[27.067372,38.3635648],[27.0670187,38.3660133],[27.0578885,38.3686125],[27.0554239,38.366436],[27.0520681,38.3676494],[27.0476478,38.3671194],[27.0395636,38.3699248],[27.0375788,38.38006],[27.0349441,38.3799264],[27.0329117,38.3772089],[27.0256112,38.3762123],[27.0266868,38.3743297],[27.022436,38.3655405],[27.0173764,38.363397],[27.01478,38.360419],[27.0159005,38.3543395],[27.0057571,38.3423546],[27.0041154,38.3354074],[26.9990194,38.3329715],[26.9931178,38.3326139],[26.9666578,38.3547744],[26.9534562,38.3539156],[26.9456675,38.3546319],[26.941942,38.3505923],[26.9397761,38.343936],[26.9481754,38.3419718],[26.9525313,38.3378778],[26.9474781,38.3348735],[26.9461225,38.3314191],[26.9441736,38.3314692],[26.9433636,38.3221423],[26.9402468,38.3173415],[26.9393133,38.3091842],[26.941431,38.3014026],[26.9479138,38.2962733]]]}},{"type":"Feature","properties":{"code":"35-16","provinceCode":"35","name":"Karaburun"},"geometry":{"type":"Polygon","coordinates":[[[26.6028691,38.4415115],[26.5982625,38.4457288],[26.6024069,38.4480547],[26.6017273,38.4495133],[26.604026,38.4514581],[26.6026461,38.4578758],[26.5983895,38.4615175],[26.5974876,38.4581308],[26.5938827,38.4601471],[26.5903494,38.4597275],[26.5884576,38.4616409],[26.5938827,38.4637763],[26.5973484,38.467811],[26.5863161,38.4693197],[26.5952366,38.4711146],[26.6070602,38.4706209],[26.6087156,38.4693249],[26.6087944,38.4709911],[26.6206181,38.4726574],[26.6278699,38.4692631],[26.6311017,38.4632765],[26.6359677,38.4658551],[26.6401413,38.4657986],[26.6401019,38.47521],[26.6314899,38.500221],[26.6327801,38.5042087],[26.6313623,38.5092092],[26.6337189,38.5114612],[26.6297951,38.5152278],[26.6322595,38.5152368],[26.6350557,38.5113878],[26.6324529,38.5153489],[26.6294895,38.5153825],[26.628892,38.5174094],[26.6260336,38.5159886],[26.6254835,38.5176261],[26.6278008,38.5179195],[26.6242673,38.5202737],[26.6245843,38.52328],[26.6228634,38.5249991],[26.6251679,38.5278438],[26.6235275,38.5286326],[26.6246176,38.5313385],[26.6225579,38.5301757],[26.6192102,38.5320418],[26.6180885,38.529657],[26.6144898,38.5294385],[26.6047824,38.5329612],[26.6020881,38.5353474],[26.6015278,38.5389325],[26.5997556,38.5381697],[26.5984993,38.5411711],[26.5949888,38.5413177],[26.5910913,38.546767],[26.5852315,38.5484624],[26.5793006,38.5541984],[26.5692071,38.5589568],[26.56978,38.5608853],[26.5670709,38.5651475],[26.5695508,38.5676789],[26.5672001,38.5685609],[26.5676392,38.5713076],[26.5652885,38.5736437],[26.5670709,38.5750439],[26.5661323,38.5797627],[26.5674325,38.5805638],[26.5651679,38.5815734],[26.5668126,38.5827447],[26.5645221,38.5870322],[26.5654951,38.5913061],[26.5616978,38.5932511],[26.5610003,38.5969929],[26.5631702,38.5978072],[26.5619436,38.6020134],[26.558839,38.6007615],[26.5591232,38.6038368],[26.557203,38.604577],[26.5526307,38.6012729],[26.5485836,38.6018988],[26.5479895,38.6053912],[26.5448896,38.6068648],[26.5449844,38.609637],[26.5425045,38.6106328],[26.5432967,38.6120324],[26.5406618,38.6132636],[26.5358742,38.6222722],[26.5305011,38.6228709],[26.533179,38.6259385],[26.5236142,38.6296025],[26.5230946,38.631331],[26.5249503,38.6304074],[26.5255844,38.6339903],[26.5216751,38.6404136],[26.523027,38.6421084],[26.5276079,38.6420008],[26.5281332,38.6439647],[26.5246716,38.6450743],[26.5227859,38.6499231],[26.518248,38.6498558],[26.5173784,38.651611],[26.5172406,38.6491766],[26.5155443,38.6477845],[26.5167325,38.6481611],[26.5152687,38.6473003],[26.5133141,38.6471255],[26.5012607,38.6532132],[26.4998788,38.6568344],[26.4916176,38.6611845],[26.4917124,38.6635682],[26.4893755,38.6620801],[26.4754315,38.6745427],[26.4728358,38.6748322],[26.4714474,38.6722941],[26.4652127,38.6694394],[26.4543904,38.6726577],[26.4485782,38.6717622],[26.4411448,38.6731626],[26.438049,38.6718497],[26.4398599,38.6723008],[26.4395495,38.6713179],[26.4354965,38.6709812],[26.4278475,38.6762864],[26.4274077,38.6790667],[26.4171028,38.6805814],[26.3980253,38.6674279],[26.3811086,38.6661187],[26.3791464,38.6635252],[26.3697381,38.6638568],[26.3684121,38.6618944],[26.3604748,38.6593777],[26.3615045,38.6581292],[26.3593119,38.6559125],[26.3592775,38.6524564],[26.3546251,38.6470822],[26.3556948,38.6459413],[26.3532361,38.6379849],[26.3567762,38.6321094],[26.3559592,38.6284949],[26.3578542,38.6221164],[26.3545613,38.6170301],[26.3549257,38.6139581],[26.3601781,38.6064853],[26.3592215,38.5987319],[26.3631317,38.5896716],[26.3598379,38.5782645],[26.3610876,38.5779108],[26.3608694,38.5700055],[26.3628132,38.5678286],[26.3596163,38.566658],[26.3619298,38.5664609],[26.3634476,38.562738],[26.3704851,38.5597573],[26.3685974,38.5558859],[26.3747276,38.5509361],[26.3741181,38.5480306],[26.3805865,38.5445354],[26.3818333,38.5389945],[26.3797743,38.5359594],[26.381979,38.5307732],[26.3805232,38.5233563],[26.3787776,38.5242665],[26.378127,38.5296051],[26.380047,38.5307332],[26.3753231,38.5372111],[26.3764037,38.5397798],[26.3749512,38.5415163],[26.3717243,38.5308351],[26.3753992,38.5306419],[26.3770278,38.5239176],[26.3799224,38.5227887],[26.3815279,38.5191845],[26.3849345,38.5231505],[26.3906496,38.5210967],[26.3917255,38.5183424],[26.3896081,38.5169417],[26.393378,38.5144836],[26.3926034,38.5099173],[26.3949273,38.5083885],[26.3893069,38.5056943],[26.3961323,38.5041384],[26.4007887,38.5055058],[26.4017097,38.5027778],[26.4044898,38.5015317],[26.4033795,38.4974632],[26.4066071,38.498514],[26.4120812,38.4940209],[26.4085523,38.4882003],[26.4051267,38.4872099],[26.4036463,38.4827767],[26.4052989,38.478478],[26.4029233,38.4776829],[26.3967348,38.4678177],[26.3913209,38.4633159],[26.3906496,38.4584364],[26.3948843,38.4452318],[26.3967606,38.4450094],[26.3959516,38.447335],[26.3995579,38.4461554],[26.3999108,38.4474159],[26.401615,38.4470721],[26.4047824,38.4566504],[26.4060821,38.4560033],[26.4070547,38.4571761],[26.4084146,38.4552619],[26.4129764,38.4578838],[26.4153319,38.4621366],[26.4130962,38.466365],[26.4146347,38.471735],[26.4179094,38.4727175],[26.4192845,38.4761325],[26.428507,38.4777305],[26.4400673,38.4764386],[26.4480693,38.470766],[26.4539311,38.4688616],[26.4602484,38.4636596],[26.4645202,38.4636528],[26.4705624,38.4578043],[26.4742325,38.4595609],[26.4796735,38.4559705],[26.4819905,38.4595389],[26.4919489,38.4604919],[26.5025562,38.4674973],[26.5163612,38.4691893],[26.5275478,38.4635726],[26.5321433,38.4662408],[26.5389017,38.4658226],[26.5391493,38.4645943],[26.5633612,38.456716],[26.5650224,38.4551848],[26.5650272,38.4498918],[26.5689485,38.4448787],[26.5645214,38.4402025],[26.5670335,38.4388923],[26.5754048,38.436977],[26.5795443,38.4416875],[26.5842068,38.4425026],[26.6028691,38.4415115]]]}},{"type":"Feature","properties":{"code":"35-17","provinceCode":"35","name":"Karşıyaka"},"geometry":{"type":"Polygon","coordinates":[[[27.0676761,38.4646438],[27.0691171,38.4646394],[27.0698521,38.4671754],[27.078479,38.4675301],[27.0892286,38.4569654],[27.0926425,38.4551754],[27.0936317,38.4559309],[27.0928083,38.4543131],[27.0934278,38.4533719],[27.0956724,38.4525537],[27.0933322,38.453915],[27.094524,38.4548727],[27.0969101,38.4540354],[27.0977135,38.4517474],[27.0989838,38.4534317],[27.1029722,38.4509227],[27.1120793,38.4486887],[27.1203106,38.4553375],[27.1243846,38.4553879],[27.1286655,38.4608548],[27.1309171,38.4603612],[27.1313304,38.4628895],[27.1332071,38.4627255],[27.1331472,38.4646646],[27.1353823,38.4625814],[27.1344896,38.4650603],[27.1259603,38.4682779],[27.1163204,38.4674946],[27.1115595,38.4698907],[27.1153951,38.4757915],[27.1141773,38.4866215],[27.1174514,38.4862535],[27.1162534,38.4874026],[27.1192574,38.4954725],[27.1304691,38.4993225],[27.1395242,38.5048514],[27.1409672,38.5050865],[27.1428394,38.4997423],[27.148928,38.5056616],[27.1508914,38.5056322],[27.1554726,38.5112614],[27.1554244,38.5134483],[27.1628487,38.5150559],[27.1658635,38.5201513],[27.1732664,38.5222162],[27.1784377,38.5255066],[27.1838236,38.5263963],[27.1862161,38.5251961],[27.1867994,38.5343937],[27.1799934,38.5363669],[27.1744358,38.5418217],[27.1709704,38.5419224],[27.1678644,38.5477039],[27.1623,38.5513],[27.1512079,38.5543492],[27.1478,38.557],[27.1389,38.5577],[27.1292,38.5517],[27.1184206,38.5546764],[27.1168,38.5539],[27.1039,38.5565],[27.1021128,38.5580827],[27.1026645,38.5552684],[27.0926499,38.5502799],[27.1004819,38.5454132],[27.0994949,38.5416539],[27.1007609,38.5405461],[27.1039798,38.539572],[27.1108568,38.5413014],[27.1105885,38.537609],[27.1147513,38.5367026],[27.1189356,38.5275545],[27.1119726,38.5201009],[27.090944,38.505183],[27.0927679,38.4970008],[27.0869932,38.4912718],[27.0890102,38.489144],[27.0823127,38.4849293],[27.0832139,38.4811521],[27.0761731,38.4814776],[27.0696312,38.4766188],[27.0661712,38.4765726],[27.0626121,38.4745095],[27.0653769,38.4728541],[27.065142,38.4684772],[27.0676761,38.4646438]]]}},{"type":"Feature","properties":{"code":"35-18","provinceCode":"35","name":"Kemalpaşa"},"geometry":{"type":"Polygon","coordinates":[[[27.3540473,38.5349318],[27.3533231,38.52938],[27.3501044,38.5235005],[27.3526955,38.5154588],[27.348007,38.5007331],[27.3439676,38.4961317],[27.3353308,38.4930584],[27.3333836,38.4939695],[27.3318279,38.4894558],[27.3285985,38.4879946],[27.3228714,38.4810364],[27.3206658,38.4614148],[27.3330617,38.452278],[27.3396706,38.4511521],[27.3342633,38.4391865],[27.3423528,38.4308833],[27.3454642,38.4232347],[27.339499,38.4141395],[27.3369562,38.3932632],[27.3350143,38.3913881],[27.3381042,38.3891344],[27.3406362,38.3821711],[27.3431472,38.3802191],[27.3408495,38.3731128],[27.3519614,38.3729656],[27.3554206,38.3709678],[27.3629951,38.3697566],[27.3696685,38.3620679],[27.3626518,38.3581476],[27.3559285,38.3502838],[27.3508501,38.3474118],[27.3474662,38.3402836],[27.3631736,38.3358107],[27.3764949,38.3346246],[27.3852402,38.3259963],[27.3887455,38.3249346],[27.3933021,38.3256573],[27.392464,38.3211694],[27.3999663,38.3146698],[27.4031907,38.3174383],[27.4032291,38.3151645],[27.40567,38.3166982],[27.4119617,38.3147563],[27.4136186,38.3095245],[27.4156346,38.3115971],[27.4219394,38.3085117],[27.4356048,38.3059292],[27.4397605,38.3028329],[27.4450719,38.302818],[27.450827,38.2992028],[27.4534638,38.3000686],[27.4586722,38.2973906],[27.4607951,38.2983],[27.4625386,38.2966008],[27.4650222,38.2971392],[27.4676632,38.2939168],[27.4755685,38.2945167],[27.4824891,38.2925458],[27.4920124,38.2875484],[27.5011615,38.2997791],[27.5001559,38.3030906],[27.5079266,38.3178234],[27.5206548,38.3144664],[27.5273536,38.3141564],[27.5391554,38.3094667],[27.5445718,38.3106871],[27.5492498,38.3202532],[27.5501366,38.3325005],[27.553274,38.3322295],[27.5603224,38.3280069],[27.5910446,38.3273318],[27.5916063,38.323843],[27.5970827,38.3201446],[27.5992006,38.3238223],[27.6038167,38.3231491],[27.603294,38.321233],[27.6125079,38.3204523],[27.6169847,38.3212274],[27.6210903,38.3254722],[27.6540519,38.343545],[27.6612459,38.3375518],[27.671885,38.3377535],[27.6759522,38.3341608],[27.6756334,38.3324167],[27.6802333,38.3300304],[27.6858552,38.3237349],[27.6910069,38.3285671],[27.6914162,38.3358166],[27.6954195,38.3422761],[27.6942803,38.3457867],[27.7007491,38.3504497],[27.7024631,38.353979],[27.701115,38.3554351],[27.7059053,38.3593451],[27.7091809,38.3654152],[27.7158675,38.3796102],[27.7171044,38.38605],[27.7148609,38.3934764],[27.7065557,38.4075418],[27.7062832,38.4122211],[27.7107861,38.4203931],[27.708036,38.42731],[27.700473,38.4348158],[27.6988493,38.4455631],[27.700128,38.4500841],[27.6935988,38.4492658],[27.6893341,38.4538828],[27.6851553,38.4533619],[27.6773232,38.4575879],[27.6623421,38.4710581],[27.6538601,38.4718446],[27.6417987,38.4844187],[27.6343757,38.4880198],[27.6396167,38.492945],[27.616485,38.5052182],[27.6128911,38.4918598],[27.6097105,38.4887004],[27.6052771,38.4880083],[27.6080129,38.4831768],[27.6025848,38.4822336],[27.6015937,38.4795543],[27.595673,38.4760123],[27.5936192,38.4714404],[27.5786126,38.4685635],[27.5779769,38.4650415],[27.5742932,38.4630932],[27.575072,38.4609778],[27.5721109,38.4579114],[27.5675726,38.4576929],[27.5650352,38.459537],[27.55911,38.45923],[27.55702,38.45756],[27.55106,38.45764],[27.5498,38.4542],[27.5478,38.4536],[27.5405037,38.4680553],[27.5368,38.4699],[27.5377,38.473],[27.5297,38.4788],[27.5138,38.4817],[27.4811,38.5216],[27.4517,38.5427],[27.4511,38.549],[27.4363,38.5495],[27.4326,38.5553],[27.4091,38.5603],[27.3956,38.5596],[27.3846,38.5551],[27.3733,38.5401],[27.3540473,38.5349318]]]}},{"type":"Feature","properties":{"code":"35-19","provinceCode":"35","name":"Kınık"},"geometry":{"type":"Polygon","coordinates":[[[27.4679191,38.9841428],[27.4690604,38.9905034],[27.4715066,38.9900698],[27.4872565,39.0003761],[27.4877393,39.0069793],[27.4930163,39.0030223],[27.4963331,39.0046783],[27.5108467,39.0167776],[27.521239,39.021665],[27.5229621,39.0256685],[27.5309443,39.0324944],[27.540729,39.0267104],[27.5417482,39.0293941],[27.5451493,39.0295358],[27.546823,39.0243182],[27.5452995,39.018967],[27.5481748,39.0199839],[27.5518656,39.0173248],[27.5549018,39.0181251],[27.5570583,39.0169081],[27.5557386,39.0194172],[27.5582707,39.0206758],[27.5577342,39.0230513],[27.5596011,39.0210342],[27.561178,39.021351],[27.5638175,39.0261936],[27.5618756,39.0292524],[27.5532496,39.0287023],[27.552917,39.0320694],[27.5495481,39.0344196],[27.5492585,39.039478],[27.5443339,39.0407113],[27.5454068,39.0428195],[27.5415873,39.0443278],[27.5451815,39.0451277],[27.5392592,39.0453027],[27.5374245,39.0559675],[27.5344955,39.0555176],[27.531631,39.0580586],[27.533884,39.0600497],[27.5305152,39.0662142],[27.5279724,39.0666141],[27.5275325,39.0681052],[27.5223613,39.0677553],[27.5244641,39.0727114],[27.5226402,39.0737609],[27.5217186,39.0781209],[27.5246251,39.0833471],[27.5223183,39.0913665],[27.5181418,39.0939334],[27.5166857,39.0967706],[27.5147401,39.0971897],[27.5135851,39.0951053],[27.5112623,39.0957173],[27.5102055,39.1011835],[27.5130486,39.1019079],[27.510066,39.1030901],[27.5054097,39.1088971],[27.5031137,39.1090427],[27.4988007,39.1147951],[27.4950242,39.1162851],[27.5060647,39.126482],[27.5054364,39.1306077],[27.4972355,39.1349209],[27.4940521,39.1391647],[27.4869024,39.1390231],[27.4851107,39.1420187],[27.4736094,39.1432669],[27.472459,39.1463113],[27.4641681,39.1464704],[27.4501347,39.1514958],[27.4440515,39.1572197],[27.4392986,39.1577189],[27.437818,39.1628434],[27.4402427,39.1633092],[27.4398243,39.1647119],[27.4361682,39.1645962],[27.4299512,39.1641243],[27.4154211,39.1594117],[27.4134979,39.1623325],[27.4065311,39.160036],[27.4012937,39.1598623],[27.3976667,39.1620665],[27.3959723,39.1606767],[27.3932415,39.1611219],[27.3907209,39.1582227],[27.3940818,39.1571477],[27.3944634,39.1544882],[27.3870379,39.1521525],[27.3854275,39.1542809],[27.3796719,39.1557143],[27.3755408,39.1551388],[27.3739171,39.1522945],[27.3711857,39.1545198],[27.3689311,39.1544438],[27.3659763,39.1487642],[27.3604868,39.1523805],[27.3491298,39.1517724],[27.3464672,39.1504635],[27.3412338,39.1547904],[27.3286456,39.1492256],[27.3277247,39.150685],[27.3189498,39.150633],[27.3204653,39.1463728],[27.3311383,39.1457868],[27.3329122,39.1413669],[27.3285541,39.1407915],[27.3295255,39.1368914],[27.3277283,39.1358534],[27.3203959,39.1344292],[27.3199853,39.1287829],[27.3148559,39.1278369],[27.3157799,39.1261035],[27.3131281,39.1241465],[27.3125915,39.1187911],[27.309565,39.1188078],[27.3070459,39.1169987],[27.304287,39.1167597],[27.3011541,39.1199726],[27.2951889,39.1214043],[27.2958326,39.122786],[27.2859206,39.1243045],[27.2936868,39.1401215],[27.2831497,39.1355915],[27.2790956,39.1390813],[27.2762788,39.1388258],[27.2735059,39.142052],[27.2656631,39.1382492],[27.2594404,39.1324238],[27.2519838,39.1293778],[27.2559535,39.1235268],[27.257595,39.1169094],[27.2613287,39.1153279],[27.2585177,39.1081686],[27.2483468,39.1038561],[27.2553205,39.0970787],[27.2472095,39.0839883],[27.2487652,39.0822478],[27.2480786,39.0755183],[27.2497845,39.074902],[27.2479284,39.0726447],[27.2465122,39.0637985],[27.2465443,39.0531598],[27.2395813,39.0509602],[27.2354936,39.0518851],[27.2329938,39.045361],[27.2267818,39.0446944],[27.2237134,39.0423029],[27.2308802,39.0357946],[27.2279835,39.0310776],[27.2269964,39.0220678],[27.223134,39.0210842],[27.2215569,39.017775],[27.2246027,39.0136545],[27.2214174,39.00858],[27.2291744,38.9966656],[27.2325647,38.9945143],[27.2351074,38.9886271],[27.242403,38.9890024],[27.2451496,38.9931218],[27.2539472,38.9951898],[27.2600305,38.9928549],[27.2628994,38.9941308],[27.2678972,38.9925137],[27.2718203,38.9896656],[27.2734978,38.9853018],[27.2824859,38.984374],[27.2849454,38.9639451],[27.2911334,38.958925],[27.2940966,38.9629821],[27.3064971,38.9628793],[27.3082669,38.9647648],[27.3118296,38.9522684],[27.3187923,38.944307],[27.3328364,38.950565],[27.3408884,38.9525592],[27.3452677,38.9491733],[27.3462587,38.9512557],[27.3596692,38.9508738],[27.362051,38.9502063],[27.3624515,38.9484181],[27.3677241,38.9481442],[27.3757195,38.9501979],[27.393894,38.9428385],[27.3913481,38.9378235],[27.3933446,38.9318445],[27.402247,38.9229339],[27.4087787,38.9240459],[27.4148369,38.922725],[27.4410925,38.9269555],[27.4424529,38.9314387],[27.4548363,38.9302075],[27.4597872,38.9378436],[27.4720358,38.9497267],[27.4685883,38.9544865],[27.4708798,38.9581338],[27.4646278,38.9646924],[27.4660992,38.9805793],[27.4679191,38.9841428]]]}},{"type":"Feature","properties":{"code":"35-20","provinceCode":"35","name":"Kiraz"},"geometry":{"type":"Polygon","coordinates":[[[28.1927768,38.151076],[28.2008263,38.1522549],[28.2136922,38.1443142],[28.2219982,38.142512],[28.2216652,38.1413642],[28.2277266,38.1435987],[28.2268149,38.1482728],[28.2240125,38.1498084],[28.2248157,38.1532464],[28.2379307,38.1544868],[28.2395008,38.1531093],[28.2412255,38.1554146],[28.2495825,38.1568771],[28.2500048,38.1550945],[28.2515241,38.155853],[28.2602696,38.1527324],[28.2727298,38.1542975],[28.2758604,38.1510267],[28.2837093,38.1488508],[28.2894838,38.1429697],[28.2976852,38.1409079],[28.3082646,38.1331431],[28.3246636,38.1260708],[28.3305636,38.1217544],[28.3367819,38.1231336],[28.3430743,38.1212599],[28.3504879,38.1253238],[28.3541089,38.1251255],[28.3563191,38.1266109],[28.3599615,38.1258471],[28.3660293,38.1292952],[28.3677399,38.1283495],[28.3672667,38.124055],[28.3691561,38.1221124],[28.3701968,38.1150686],[28.3754689,38.1097297],[28.3754405,38.1078114],[28.389911,38.1114843],[28.3994907,38.1050723],[28.4000927,38.1001811],[28.4040719,38.1012439],[28.4036386,38.1000966],[28.4075493,38.0971205],[28.4136027,38.0958103],[28.4169912,38.0967467],[28.4240192,38.0909413],[28.4259868,38.0916828],[28.4363133,38.0877268],[28.4422892,38.0952207],[28.4468924,38.0958043],[28.449955,38.0980872],[28.4542479,38.0975189],[28.4648543,38.1043454],[28.468827,38.1043728],[28.4724533,38.1141485],[28.4755737,38.1144737],[28.4827664,38.1188283],[28.4850677,38.1225949],[28.4755583,38.1346178],[28.4718147,38.1352845],[28.4688595,38.1387775],[28.4644604,38.138046],[28.4619633,38.1395071],[28.4654849,38.1450763],[28.4636885,38.1559911],[28.4510364,38.1607184],[28.4524099,38.1611007],[28.445127,38.1656726],[28.4449285,38.1677898],[28.4334487,38.1758491],[28.4350365,38.1771226],[28.4341607,38.1783906],[28.4441453,38.1805004],[28.4506631,38.1865934],[28.4534579,38.1850122],[28.4609145,38.188027],[28.4605873,38.1900339],[28.4723943,38.1899116],[28.4730434,38.1917457],[28.475731,38.1923697],[28.4749532,38.1934701],[28.4813067,38.1965034],[28.4823439,38.195525],[28.486283,38.1968993],[28.4895068,38.2007087],[28.4862453,38.2050548],[28.4873718,38.2078116],[28.4896463,38.2082837],[28.4886056,38.2163554],[28.491686,38.2204208],[28.4901198,38.2243615],[28.4930008,38.227471],[28.4928435,38.2318007],[28.4894049,38.2341604],[28.4904456,38.23952],[28.4890861,38.2447827],[28.4811571,38.2516937],[28.4815195,38.2550319],[28.4762336,38.2537221],[28.451773,38.2605341],[28.4407088,38.2605096],[28.4166738,38.2661828],[28.4140444,38.2650526],[28.4052216,38.2672501],[28.4011866,38.2661186],[28.3892553,38.2575192],[28.3788329,38.2542457],[28.374875,38.2547391],[28.3716479,38.2567253],[28.3800131,38.2651004],[28.3793485,38.2683085],[28.371881,38.2703261],[28.3694444,38.2758067],[28.3671899,38.2752967],[28.3676541,38.2808836],[28.3624935,38.2834859],[28.361249,38.2871155],[28.3562279,38.290324],[28.3552194,38.2950563],[28.356534,38.2980655],[28.3409707,38.3028564],[28.3335977,38.3139877],[28.3267269,38.3179268],[28.3129178,38.3221936],[28.3062236,38.3209098],[28.2971066,38.3160773],[28.2923868,38.3117915],[28.2770564,38.313032],[28.2714312,38.3157149],[28.2737435,38.3181925],[28.271478,38.3183958],[28.270066,38.3154914],[28.2596839,38.3142925],[28.2470663,38.3194326],[28.2372342,38.3283555],[28.2337785,38.3297624],[28.2299838,38.3290276],[28.2272583,38.3244084],[28.2151183,38.3176228],[28.2108103,38.313258],[28.205949,38.3211139],[28.2085924,38.3254365],[28.2080665,38.3302088],[28.2114697,38.3347023],[28.2118656,38.3402993],[28.2049275,38.3462103],[28.1932999,38.3476997],[28.1891641,38.3585268],[28.1903327,38.3651886],[28.1890301,38.3688366],[28.1824882,38.3668172],[28.1816306,38.3652766],[28.1684267,38.3677924],[28.1573305,38.3586172],[28.1484565,38.3453797],[28.1418219,38.3300175],[28.1345615,38.3276986],[28.1229147,38.318533],[28.1225154,38.3019537],[28.1311865,38.2925629],[28.1363397,38.289933],[28.1310865,38.288071],[28.1306292,38.2849114],[28.133813,38.2830334],[28.1250711,38.2779514],[28.1296138,38.2745112],[28.1377515,38.2568662],[28.1354206,38.2556851],[28.1342291,38.2485521],[28.1294914,38.2456244],[28.1292003,38.2420016],[28.1342483,38.2383866],[28.1324726,38.2365032],[28.1378111,38.2330664],[28.1355278,38.2276064],[28.1376193,38.2217227],[28.140347,38.2203317],[28.1451312,38.2224482],[28.1604526,38.2240674],[28.168196,38.2194024],[28.1736178,38.2179122],[28.1766277,38.2195565],[28.1790561,38.2188588],[28.1751046,38.2126775],[28.1803352,38.2087339],[28.1743929,38.1914177],[28.1720984,38.1909937],[28.17307,38.1856688],[28.1658658,38.1793944],[28.1698302,38.1794682],[28.1706066,38.1765644],[28.1777299,38.1782749],[28.1848847,38.1753844],[28.187482,38.1651865],[28.1873647,38.1537706],[28.1927768,38.151076]]]}},{"type":"Feature","properties":{"code":"35-21","provinceCode":"35","name":"Konak"},"geometry":{"type":"Polygon","coordinates":[[[27.1384025,38.3943525],[27.1442001,38.4015385],[27.1454424,38.4060119],[27.1538365,38.4030862],[27.1653646,38.4046101],[27.165783,38.4066111],[27.177279,38.4084985],[27.1817127,38.4059869],[27.1858885,38.4062534],[27.1896253,38.4080865],[27.1866465,38.407479],[27.1859828,38.4084565],[27.1868407,38.4171373],[27.1787347,38.4204243],[27.180703,38.4480475],[27.1792531,38.4508181],[27.1730706,38.4491713],[27.1734273,38.4470812],[27.1711751,38.4471379],[27.1657235,38.448714],[27.1685875,38.444462],[27.1664463,38.4398596],[27.1626544,38.4417193],[27.163654,38.4447404],[27.1623974,38.4465435],[27.1595131,38.4408651],[27.1572408,38.4426458],[27.1591842,38.4455589],[27.1546223,38.4474129],[27.1514411,38.4426683],[27.147462,38.4422653],[27.1467512,38.4442033],[27.1487875,38.4472236],[27.1457705,38.4443256],[27.1461799,38.442628],[27.1428713,38.4426398],[27.1332204,38.4286866],[27.1316097,38.429252],[27.1329954,38.4284483],[27.1303651,38.4226583],[27.1284071,38.4239009],[27.1292208,38.4221532],[27.1256318,38.418001],[27.1228915,38.4171168],[27.1188671,38.4107921],[27.1019685,38.4077482],[27.0868051,38.3986554],[27.0724786,38.4032904],[27.068361,38.4017176],[27.0695514,38.3978727],[27.0782485,38.3939925],[27.0875701,38.3930061],[27.0940074,38.3958701],[27.0948679,38.3982422],[27.0995818,38.4013913],[27.1112422,38.4017949],[27.1222063,38.4060664],[27.1244134,38.4025246],[27.1330076,38.3960372],[27.1384025,38.3943525]]]}},{"type":"Feature","properties":{"code":"35-22","provinceCode":"35","name":"Menderes"},"geometry":{"type":"Polygon","coordinates":[[[27.3114049,38.0479067],[27.3135555,38.0539745],[27.3086099,38.0551456],[27.3070789,38.0606901],[27.308428,38.0630893],[27.3078819,38.0709246],[27.3030468,38.0786935],[27.3090707,38.0966626],[27.3125121,38.1157961],[27.3102737,38.1212803],[27.3039865,38.1288095],[27.2976243,38.1339996],[27.285683,38.138641],[27.2908788,38.1444439],[27.2874892,38.1519702],[27.2807999,38.1555467],[27.2706314,38.1543363],[27.2632029,38.161404],[27.2515654,38.1638422],[27.2544193,38.1611849],[27.2535181,38.1587891],[27.2571874,38.1553133],[27.2573593,38.1515297],[27.2628239,38.1479985],[27.2578847,38.1398813],[27.2496879,38.1382781],[27.2481215,38.1394172],[27.2432691,38.1391353],[27.2393314,38.1424281],[27.2366953,38.1416618],[27.2365075,38.1499095],[27.2298932,38.1587975],[27.2272003,38.1595652],[27.223234,38.1580391],[27.2124714,38.1792666],[27.2109461,38.1841352],[27.2144833,38.1861891],[27.2065824,38.2052521],[27.2088432,38.2169581],[27.2102809,38.2183742],[27.2206235,38.2176999],[27.2200762,38.212794],[27.2229487,38.2046292],[27.2246575,38.2039335],[27.227667,38.2091731],[27.2309232,38.209582],[27.2325379,38.2076346],[27.2353327,38.2102143],[27.2388303,38.2096916],[27.2399032,38.2112765],[27.2452891,38.2115884],[27.247569,38.2169581],[27.2473436,38.2205278],[27.2435531,38.2210594],[27.2415984,38.225113],[27.2415505,38.2290736],[27.2446504,38.2289993],[27.2362296,38.2388147],[27.2387709,38.2395341],[27.2380227,38.2414247],[27.2416305,38.2445169],[27.2477245,38.2479715],[27.2524033,38.2566066],[27.2288867,38.2720376],[27.2150424,38.2772323],[27.2137943,38.277879],[27.2151947,38.2792244],[27.2084248,38.2817173],[27.2153893,38.2846045],[27.1870208,38.284547],[27.1704642,38.2820683],[27.1634858,38.2856833],[27.165016,38.2815152],[27.1626127,38.2804624],[27.161875,38.273605],[27.1533777,38.2781476],[27.1515083,38.2844123],[27.1466052,38.2909387],[27.1388912,38.2911576],[27.1243,38.3015818],[27.1191501,38.2982813],[27.1142428,38.2972114],[27.1073913,38.2977003],[27.1058169,38.3004346],[27.0940125,38.3024995],[27.0858642,38.2935272],[27.0867305,38.2905373],[27.0846567,38.2899573],[27.0826153,38.2914626],[27.0814131,38.2882543],[27.0782196,38.2949047],[27.0551419,38.2983739],[27.051816,38.3036951],[27.0411976,38.3077105],[27.036043,38.3062932],[27.0297386,38.3086563],[27.0252061,38.3138508],[27.0119903,38.3190903],[27.0063042,38.3163398],[27.0006346,38.3107643],[26.9999164,38.3078124],[26.9873464,38.3072732],[26.9847822,38.3057409],[26.9853884,38.3020364],[26.977272,38.2985086],[26.9720221,38.2992489],[26.9710171,38.3008661],[26.9723435,38.3018474],[26.9683027,38.3044949],[26.9593012,38.3014134],[26.9518983,38.3068438],[26.947639,38.3068101],[26.9495487,38.302971],[26.9479138,38.2962733],[26.9437867,38.2910602],[26.9498306,38.2893038],[26.9570902,38.283767],[26.9556721,38.2818942],[26.9581854,38.2817679],[26.9554916,38.2772481],[26.9509246,38.2747453],[26.955098,38.2736207],[26.9607502,38.2633434],[26.9641519,38.2621825],[26.9613871,38.2595894],[26.9704384,38.2476859],[26.9726163,38.2431636],[26.9711669,38.2398559],[26.9796234,38.2332968],[26.9767009,38.2293454],[26.9766118,38.2247331],[26.9714912,38.2219789],[26.9666189,38.2223351],[26.9641949,38.2207433],[26.9620002,38.2140923],[26.9661486,38.2101964],[26.9727654,38.2081601],[26.9804484,38.1997236],[26.9831455,38.1940927],[26.9864346,38.1924727],[26.983328,38.1883898],[26.9865678,38.1845466],[26.9848466,38.1836347],[26.9838067,38.1747495],[26.9729502,38.1371514],[27.0150507,38.134168],[26.9882088,38.1213145],[26.9830549,38.0963211],[26.9916977,38.0867754],[26.9735447,38.0753041],[26.9834934,38.073867],[26.9910155,38.0708857],[27.0178024,38.0546451],[27.0343768,38.0537536],[27.0464191,38.0500532],[27.0556663,38.0428199],[27.0606609,38.0366137],[27.063386,38.0366337],[27.0620277,38.0371187],[27.0635126,38.0377699],[27.0680685,38.0338826],[27.0729619,38.0249906],[27.070878,38.0190048],[27.0746426,38.0171824],[27.0759366,38.0124732],[27.0783583,38.0163717],[27.084877,38.013871],[27.0882495,38.0176519],[27.0973863,38.0165325],[27.102317,38.013838],[27.1049793,38.0098589],[27.1071047,38.0095539],[27.1087929,38.0058416],[27.1108704,38.0059211],[27.1114936,38.0008741],[27.1151096,38.00116],[27.118946,37.9923095],[27.1209188,37.9944121],[27.125498,37.993651],[27.1310875,37.9903674],[27.1314641,37.9871375],[27.1387586,37.9888953],[27.141438,37.9876763],[27.1420564,37.9848347],[27.1457483,37.9832455],[27.1493344,37.9868351],[27.1537677,37.9865649],[27.1551009,37.9845525],[27.1671853,37.9812715],[27.16897,37.984221],[27.1725636,37.9831752],[27.175142,37.986524],[27.1815137,37.9858328],[27.1861278,37.9905677],[27.191702,37.9902474],[27.1939199,37.9884889],[27.1961823,37.9909981],[27.1996616,37.9914462],[27.20281,37.9889987],[27.2054201,37.9925657],[27.2114431,37.9907658],[27.215912,37.9928133],[27.2189374,37.9890632],[27.2221089,37.9894365],[27.2222121,37.9881002],[27.2302559,37.9856187],[27.2313316,37.9840624],[27.2337841,37.9852582],[27.2348059,37.9840256],[27.2352376,37.9858035],[27.2370933,37.9860952],[27.2423924,37.9826203],[27.2418828,37.9801472],[27.2467293,37.9812393],[27.2453063,37.985717],[27.2497962,37.9908504],[27.2516727,38.0030446],[27.2569996,38.0028375],[27.26064,38.0080492],[27.2657334,38.0086039],[27.2654093,38.0147963],[27.2745569,38.0176775],[27.2734898,38.0195747],[27.2757033,38.0200645],[27.2764271,38.0182273],[27.281692,38.0232218],[27.2824458,38.0300123],[27.2861543,38.038233],[27.2959936,38.039329],[27.3114049,38.0479067]]]}},{"type":"Feature","properties":{"code":"35-23","provinceCode":"35","name":"Menemen"},"geometry":{"type":"Polygon","coordinates":[[[27.147431,38.7449944],[27.1398225,38.7371922],[27.1358865,38.7357429],[27.1219002,38.7380643],[27.107992,38.7373272],[27.1017885,38.7350566],[27.0941649,38.7286159],[27.0840371,38.7259005],[27.070885,38.7253968],[27.0546864,38.7296122],[27.0518936,38.7281358],[27.0471623,38.728257],[27.0459887,38.7249564],[27.0399387,38.7196495],[27.0410088,38.7156033],[27.0381603,38.7079177],[27.0421064,38.7026886],[27.0415485,38.7012401],[27.0257556,38.6964297],[27.0206128,38.6929477],[27.0167796,38.6918567],[27.0157134,38.6934738],[27.012645,38.6927536],[27.010883,38.6895664],[27.0054413,38.6884198],[27.0031142,38.6910756],[26.9983971,38.6878714],[26.9912517,38.6763136],[26.9883871,38.6640587],[26.9869531,38.6654485],[26.9805282,38.6643896],[26.9798952,38.6669614],[26.9759678,38.6645902],[26.9741003,38.6679747],[26.9716823,38.6688629],[26.9635911,38.6638436],[26.9674981,38.6533098],[26.9624019,38.6520278],[26.9531107,38.6448804],[26.9446885,38.6449558],[26.9429934,38.641495],[26.9437377,38.6315019],[26.9403326,38.6320502],[26.9381695,38.6369829],[26.9323075,38.638034],[26.9156012,38.6330372],[26.911397,38.6352852],[26.9102275,38.637791],[26.9043696,38.639752],[26.9009256,38.6372881],[26.8994529,38.6378399],[26.8981254,38.6341119],[26.8995845,38.6284798],[26.903286,38.6276248],[26.9034469,38.6258312],[26.8938554,38.622133],[26.8848967,38.6272142],[26.8860769,38.6203409],[26.883864,38.6188139],[26.8811924,38.6227285],[26.8746264,38.6173805],[26.8731278,38.6190246],[26.8735778,38.6253283],[26.8697369,38.6269208],[26.8652952,38.6261329],[26.8634981,38.6275284],[26.8635726,38.6291146],[26.8687391,38.6319915],[26.8715393,38.6373636],[26.8642115,38.6450815],[26.8645763,38.6473943],[26.8557572,38.6472518],[26.8521523,38.6430788],[26.8449855,38.6413526],[26.8467824,38.6395512],[26.8442881,38.6365255],[26.842711,38.640238],[26.8404364,38.6379418],[26.8346107,38.6386039],[26.8330393,38.63601],[26.8364775,38.6318407],[26.8381512,38.6321256],[26.8413162,38.6253031],[26.8425608,38.6255546],[26.8437195,38.6197122],[26.8523991,38.6118154],[26.8497276,38.6083698],[26.8489176,38.601981],[26.8559074,38.5890676],[26.8411353,38.5892396],[26.8401897,38.5876827],[26.8400128,38.5804931],[26.8441988,38.5818297],[26.848149,38.5752387],[26.8416636,38.568094],[26.8444346,38.5650054],[26.8430786,38.563438],[26.8463213,38.5625621],[26.846793,38.5601649],[26.8381851,38.5614557],[26.8412509,38.5581363],[26.8404255,38.5562922],[26.8306385,38.5577675],[26.8342939,38.5612713],[26.8368291,38.5612713],[26.8345887,38.562055],[26.8322893,38.5673795],[26.8337633,38.5618937],[26.813924,38.5437275],[26.8297247,38.5253261],[26.8454074,38.5196526],[26.870825,38.5131758],[26.8856823,38.5063051],[26.8884361,38.5090016],[26.8909122,38.5229807],[26.8992305,38.53254],[26.9213741,38.5187967],[26.9276178,38.51943],[26.9311595,38.5226023],[26.9388035,38.5245263],[26.9390452,38.5266061],[26.9443667,38.5260521],[26.9449031,38.5235257],[26.9447422,38.5264886],[26.9478214,38.5224261],[26.9582731,38.52094],[26.9579834,38.5162476],[26.9603115,38.5152319],[26.9692039,38.5140065],[26.9690108,38.5172133],[26.970706,38.5179184],[26.9742805,38.5176681],[26.9740748,38.516525],[26.9804263,38.5141912],[26.9807286,38.5168772],[26.9880116,38.5215447],[26.9932056,38.5294323],[26.9968052,38.5235063],[27.0008612,38.5229765],[26.9995451,38.5208396],[27.0039439,38.520806],[27.0049417,38.5295052],[27.0078411,38.5297007],[27.0073499,38.53542],[27.0085593,38.5354111],[27.0090853,38.5298184],[27.0146572,38.5302806],[27.0234323,38.5214149],[27.0310039,38.5267501],[27.0358782,38.5221436],[27.0399253,38.5222186],[27.0404597,38.5277207],[27.0384805,38.5288467],[27.0471167,38.5426273],[27.0675176,38.5533509],[27.0681814,38.5550087],[27.0850324,38.5557168],[27.0926499,38.5502799],[27.1026645,38.5552684],[27.1021128,38.5580827],[27.1039,38.5565],[27.1168,38.5539],[27.1184206,38.5546764],[27.1292,38.5517],[27.1389,38.5577],[27.1478,38.557],[27.1512079,38.5543492],[27.1623,38.5513],[27.1678644,38.5477039],[27.1709704,38.5419224],[27.1744358,38.5418217],[27.1799934,38.5363669],[27.1867994,38.5343937],[27.1886324,38.5362022],[27.1942677,38.5356567],[27.20837,38.5432477],[27.2154663,38.5439737],[27.2197953,38.5503713],[27.2296022,38.5513953],[27.2361036,38.5625132],[27.2243864,38.5724396],[27.2362774,38.5715522],[27.249831,38.5730018],[27.2429936,38.5757036],[27.2366734,38.5835164],[27.2344049,38.5932753],[27.2359653,38.6037297],[27.2348067,38.6093927],[27.238035,38.6096126],[27.2352266,38.6170607],[27.231919,38.6205888],[27.2325115,38.6253009],[27.2350887,38.6259929],[27.2343011,38.6313811],[27.2277551,38.6408477],[27.2399461,38.6495854],[27.2382949,38.6491476],[27.2319788,38.6556552],[27.2287568,38.669992],[27.2125586,38.6746643],[27.210592,38.6779385],[27.2026315,38.6819322],[27.2047794,38.6852663],[27.2021431,38.691284],[27.2091758,38.690166],[27.2091973,38.6887968],[27.2158116,38.6918492],[27.2230344,38.690348],[27.2235417,38.7117683],[27.2207006,38.715152],[27.2172013,38.7148606],[27.2185205,38.7185048],[27.214125,38.7161593],[27.2106814,38.7194402],[27.2042239,38.7192575],[27.205866,38.7230065],[27.2043187,38.7249054],[27.1927446,38.7235255],[27.187643,38.7200349],[27.1811306,38.7226005],[27.1727268,38.7271503],[27.1674785,38.7335242],[27.1617436,38.7348455],[27.1578813,38.7389755],[27.1531606,38.7401764],[27.1523505,38.7422559],[27.147431,38.7449944]]]}},{"type":"Feature","properties":{"code":"35-24","provinceCode":"35","name":"Narlıdere"},"geometry":{"type":"Polygon","coordinates":[[[27.0349441,38.3799264],[27.0352399,38.3819229],[27.0318819,38.3830246],[27.0344192,38.3871076],[27.028529,38.3928007],[27.0231539,38.392847],[27.0242429,38.3999942],[27.017355,38.413013],[27.015263,38.4133195],[27.0097774,38.4085764],[27.0043892,38.4090658],[26.9949889,38.4063462],[26.9885035,38.4006312],[26.980689,38.3966059],[26.955196,38.3910734],[26.9416273,38.3852407],[26.9330952,38.3832577],[26.9253566,38.3846928],[26.9230377,38.3786891],[26.9253311,38.3703115],[26.9329941,38.363233],[26.9370925,38.3638092],[26.9423129,38.3617752],[26.9461048,38.3632877],[26.9508254,38.362539],[26.9534562,38.3539156],[26.9666578,38.3547744],[26.9931178,38.3326139],[26.9990194,38.3329715],[27.0041154,38.3354074],[27.0057571,38.3423546],[27.0159005,38.3543395],[27.01478,38.360419],[27.0173764,38.363397],[27.022436,38.3655405],[27.0266868,38.3743297],[27.0256112,38.3762123],[27.0329117,38.3772089],[27.0349441,38.3799264]]]}},{"type":"Feature","properties":{"code":"35-25","provinceCode":"35","name":"Ödemiş"},"geometry":{"type":"Polygon","coordinates":[[[28.1529119,38.0468568],[28.1520367,38.0494091],[28.1550085,38.0560326],[28.15135,38.05572],[28.1518704,38.056945],[28.1495207,38.0578067],[28.1513759,38.0648708],[28.1481648,38.0672679],[28.1436916,38.0665607],[28.1286614,38.0738746],[28.121679,38.0831122],[28.1336157,38.0974183],[28.1371717,38.1098618],[28.1353319,38.1114472],[28.1357181,38.116972],[28.1518006,38.1175882],[28.1549262,38.1208556],[28.1569022,38.1203525],[28.1593162,38.1218549],[28.1611615,38.1275604],[28.1674327,38.1247482],[28.1708887,38.1210432],[28.173687,38.1229221],[28.182802,38.1240343],[28.1896099,38.1284586],[28.1925672,38.1275407],[28.1964772,38.1369278],[28.1927768,38.151076],[28.1873647,38.1537706],[28.187482,38.1651865],[28.1848847,38.1753844],[28.1777299,38.1782749],[28.1706066,38.1765644],[28.1698302,38.1794682],[28.1658658,38.1793944],[28.17307,38.1856688],[28.1720984,38.1909937],[28.1743929,38.1914177],[28.1803352,38.2087339],[28.1751046,38.2126775],[28.1790561,38.2188588],[28.1766277,38.2195565],[28.1736178,38.2179122],[28.168196,38.2194024],[28.1604526,38.2240674],[28.1451312,38.2224482],[28.140347,38.2203317],[28.1376193,38.2217227],[28.1355278,38.2276064],[28.1378111,38.2330664],[28.1324726,38.2365032],[28.1342483,38.2383866],[28.1292003,38.2420016],[28.1294914,38.2456244],[28.1342291,38.2485521],[28.1354206,38.2556851],[28.1377515,38.2568662],[28.1296138,38.2745112],[28.1250711,38.2779514],[28.133813,38.2830334],[28.1306292,38.2849114],[28.1310865,38.288071],[28.1363397,38.289933],[28.1311865,38.2925629],[28.1225154,38.3019537],[28.1229147,38.318533],[28.1345615,38.3276986],[28.1418219,38.3300175],[28.1484565,38.3453797],[28.1573305,38.3586172],[28.143408,38.3616259],[28.1335363,38.3701532],[28.1170485,38.3748817],[28.1154493,38.3811535],[28.1034007,38.3942872],[28.0830177,38.406907],[28.0816481,38.3993582],[28.0739558,38.4009424],[28.0695531,38.4043135],[28.050631,38.4007367],[28.0480025,38.3996221],[28.0470368,38.3925161],[28.037461,38.3910461],[28.0323712,38.3855733],[28.0277899,38.3892364],[28.0241013,38.3880531],[28.0212362,38.3921181],[28.0175771,38.3887118],[28.006152,38.384836],[28.0000534,38.3773683],[27.9939794,38.3782349],[27.9868988,38.3813649],[27.9731159,38.3787033],[27.9706096,38.3769484],[27.9684512,38.3785751],[27.9600794,38.3785963],[27.9559232,38.3814428],[27.9440826,38.396507],[27.9408704,38.396366],[27.9355243,38.3998529],[27.9321409,38.3993555],[27.9266063,38.4011751],[27.9235773,38.4035467],[27.9256497,38.4081066],[27.9211006,38.4184153],[27.9154263,38.4165053],[27.91009,38.4185728],[27.9087639,38.4179157],[27.9141022,38.4148067],[27.9020333,38.4105835],[27.9002416,38.4070525],[27.8908324,38.4009233],[27.8772826,38.3837333],[27.8727221,38.3845595],[27.8697378,38.3820734],[27.8664565,38.3816328],[27.8664761,38.3789871],[27.871558,38.373527],[27.8698045,38.3699409],[27.8720784,38.3654833],[27.8683877,38.3628166],[27.8727865,38.362152],[27.8737414,38.3573146],[27.8777885,38.3566887],[27.8780778,38.3543269],[27.8819988,38.3506745],[27.8875612,38.3501201],[27.8883902,38.3396872],[27.8821387,38.3370052],[27.8766596,38.336666],[27.8682869,38.3300832],[27.868135,38.3268666],[27.8611028,38.3218869],[27.8610463,38.312725],[27.8588808,38.3080215],[27.8367805,38.3096052],[27.8343772,38.3138652],[27.8324407,38.309361],[27.8292811,38.3088138],[27.8276288,38.3053031],[27.8247642,38.3075763],[27.8178696,38.3066878],[27.8131563,38.3108904],[27.8117033,38.3075539],[27.8091881,38.306606],[27.803231,38.2996536],[27.8020519,38.2939341],[27.8097032,38.2794658],[27.8192289,38.2819525],[27.8316955,38.2773599],[27.8316522,38.273295],[27.8335297,38.2720653],[27.8322043,38.2718646],[27.831685,38.2668914],[27.8280967,38.2647931],[27.8297247,38.2596116],[27.8269473,38.2570141],[27.828606,38.2545354],[27.8264955,38.2507533],[27.8257113,38.2535691],[27.8212848,38.2542651],[27.8165453,38.2513164],[27.7994859,38.2510692],[27.7938274,38.2385581],[27.7896089,38.2357978],[27.7830899,38.2264455],[27.7826925,38.2200468],[27.7886232,38.2138694],[27.7906751,38.1996852],[27.8004931,38.1929089],[27.8034596,38.1948909],[27.8108144,38.1869477],[27.8225929,38.1881439],[27.8245249,38.1907523],[27.8320014,38.1922251],[27.8376388,38.1886046],[27.8378105,38.1847297],[27.8354663,38.1827816],[27.8422898,38.1838147],[27.8441866,38.1737964],[27.8476167,38.1707336],[27.8607273,38.1711975],[27.867068,38.1735002],[27.8685593,38.171653],[27.8765845,38.1740484],[27.8822923,38.1794968],[27.8820562,38.175634],[27.8862512,38.1750015],[27.8838265,38.1675958],[27.8853822,38.1686418],[27.8893947,38.1673765],[27.8906178,38.1688358],[27.892946,38.1671572],[27.9015398,38.1738207],[27.9039001,38.1725049],[27.9037714,38.1707505],[27.9057455,38.1705143],[27.9121613,38.1744954],[27.9116678,38.1702107],[27.9184055,38.1668873],[27.9244351,38.1657908],[27.9238423,38.1621012],[27.9217851,38.1620201],[27.92183,38.1593283],[27.9198646,38.1593121],[27.9198646,38.1566294],[27.9218601,38.156562],[27.9216917,38.1538017],[27.9241743,38.1537204],[27.9244023,38.1478669],[27.9260873,38.1478973],[27.92741,38.1454585],[27.9275679,38.1419571],[27.9303467,38.1420078],[27.9330611,38.1351811],[27.9368566,38.1316314],[27.9424626,38.1310979],[27.949104,38.1278027],[27.9497973,38.1265815],[27.9400135,38.1213091],[27.9291031,38.1198823],[27.9235156,38.1206295],[27.9174079,38.1171854],[27.9252589,38.111725],[27.925543,38.1091365],[27.9224383,38.1045487],[27.9260552,38.1039001],[27.9257441,38.0916617],[27.9294133,38.090678],[27.9326365,38.079208],[27.9447505,38.0750352],[27.9494175,38.075677],[27.9551202,38.0724844],[27.9550779,38.0709652],[27.9602497,38.0669901],[27.9634517,38.0576857],[27.9632049,38.0440296],[27.952949,38.034102],[27.94173,38.0277264],[27.9396721,38.0139183],[27.9263022,38.0108958],[27.9164308,38.0147453],[27.9109525,38.0157711],[27.9062192,38.0149138],[27.900342,37.9933131],[27.9264088,37.9962612],[27.9276005,37.9976105],[27.9413397,37.9978946],[27.95648,37.9947333],[27.9658938,37.9994117],[27.9819684,37.9850483],[28.0040263,37.9727198],[28.0073733,37.9657834],[28.0100566,37.9697914],[28.0070999,37.9811459],[28.0182926,37.9820507],[28.0190709,37.9893378],[28.0176129,37.9949818],[28.0191599,37.9973997],[28.0269633,38.0013184],[28.0331174,38.0019617],[28.0364755,38.0206316],[28.0437358,38.0306321],[28.0437611,38.0340107],[28.0515845,38.0389644],[28.0550801,38.032104],[28.0728788,38.0266692],[28.0805457,38.027046],[28.0832954,38.0250006],[28.0901971,38.0255982],[28.102169,38.0312928],[28.1104302,38.0277771],[28.1146605,38.0243081],[28.1275427,38.025622],[28.1311691,38.0238134],[28.1365676,38.0243725],[28.1414192,38.0224544],[28.1461634,38.0242912],[28.1487241,38.0281157],[28.1511241,38.0283902],[28.1515963,38.0335341],[28.1529158,38.0369655],[28.155072,38.0370516],[28.1556308,38.0406557],[28.1529119,38.0468568]]]}},{"type":"Feature","properties":{"code":"35-26","provinceCode":"35","name":"Seferihisar"},"geometry":{"type":"Polygon","coordinates":[[[26.7550627,38.2224627],[26.7587515,38.2211521],[26.7577414,38.2193817],[26.7621742,38.2150619],[26.7665248,38.2171518],[26.7669901,38.2137275],[26.7699525,38.2143064],[26.7713795,38.2109246],[26.774422,38.2097694],[26.7722132,38.2072355],[26.7750403,38.2045697],[26.7779658,38.2030446],[26.781857,38.203701],[26.7827305,38.2013996],[26.7877748,38.2009553],[26.7888643,38.1992503],[26.7864262,38.1955949],[26.7826304,38.1947881],[26.784151,38.1943501],[26.7828637,38.192791],[26.7844149,38.1927128],[26.7827682,38.1907068],[26.7810321,38.1948601],[26.7827763,38.1957037],[26.7802595,38.1958858],[26.7763549,38.1993893],[26.7723967,38.1969515],[26.7742437,38.1919985],[26.7708448,38.1911622],[26.7715413,38.1868855],[26.7699118,38.1860566],[26.7701055,38.1831054],[26.7726909,38.1825686],[26.7698199,38.1764426],[26.7676398,38.1757947],[26.770064,38.1739138],[26.7721945,38.1752208],[26.7746486,38.1743551],[26.7720274,38.1712275],[26.7748011,38.1705378],[26.7747343,38.1616308],[26.7781179,38.1661961],[26.781936,38.1660122],[26.7848768,38.1639693],[26.7875252,38.1702554],[26.7969109,38.1730659],[26.8038285,38.1707917],[26.807905,38.1661083],[26.8138469,38.1652689],[26.8144493,38.1633578],[26.8242955,38.1583985],[26.8251294,38.1556175],[26.8223664,38.1514646],[26.8234519,38.1486496],[26.8204167,38.1470453],[26.8196849,38.1438807],[26.8225689,38.1407994],[26.8303381,38.139059],[26.8295098,38.1373137],[26.8330193,38.135622],[26.8332282,38.1323679],[26.8367833,38.1315356],[26.8333128,38.1247963],[26.8405862,38.1188746],[26.841868,38.1133329],[26.8511729,38.1017439],[26.8513785,38.0993364],[26.8484571,38.0953049],[26.8505274,38.0920504],[26.8498685,38.0830636],[26.8457075,38.0799504],[26.8458723,38.0720047],[26.8558111,38.0578443],[26.8550666,38.0558504],[26.8580525,38.0506807],[26.8573517,38.0462059],[26.8632581,38.0409271],[26.8657818,38.0413114],[26.8679878,38.0396976],[26.8649885,38.0325553],[26.8669771,38.0316194],[26.8685128,38.0332665],[26.8692732,38.031095],[26.8718495,38.0301752],[26.876436,38.0342741],[26.8756387,38.0378895],[26.8821041,38.0426756],[26.881262,38.0471404],[26.8838511,38.0494766],[26.8835515,38.0514708],[26.8972779,38.0610914],[26.9398807,38.0740538],[26.9604234,38.0759485],[26.9653693,38.0745182],[26.9678588,38.0720217],[26.9689909,38.0746808],[26.9735447,38.0753041],[26.9916977,38.0867754],[26.9830549,38.0963211],[26.9882088,38.1213145],[27.0150507,38.134168],[26.9729502,38.1371514],[26.9838067,38.1747495],[26.9848466,38.1836347],[26.9865678,38.1845466],[26.983328,38.1883898],[26.9864346,38.1924727],[26.9831455,38.1940927],[26.9804484,38.1997236],[26.9727654,38.2081601],[26.9661486,38.2101964],[26.9620002,38.2140923],[26.9641949,38.2207433],[26.9666189,38.2223351],[26.9714912,38.2219789],[26.9766118,38.2247331],[26.9767009,38.2293454],[26.9796234,38.2332968],[26.9711669,38.2398559],[26.9726163,38.2431636],[26.9704384,38.2476859],[26.9613871,38.2595894],[26.9641519,38.2621825],[26.9607502,38.2633434],[26.955098,38.2736207],[26.9509246,38.2747453],[26.9554916,38.2772481],[26.9581854,38.2817679],[26.9556721,38.2818942],[26.9570902,38.283767],[26.9498306,38.2893038],[26.9437867,38.2910602],[26.9479138,38.2962733],[26.941431,38.3014026],[26.9393133,38.3091842],[26.9361111,38.3073839],[26.9339061,38.3086202],[26.9331165,38.3063651],[26.9294107,38.3056483],[26.9277263,38.3033162],[26.9254303,38.3039645],[26.9240623,38.3012523],[26.9222328,38.3043221],[26.9197011,38.304377],[26.9171047,38.3071216],[26.9149321,38.3063387],[26.9145106,38.3080135],[26.9095145,38.3022305],[26.9043471,38.3011699],[26.8971063,38.3020272],[26.8944715,38.3067029],[26.8909585,38.3064313],[26.8890166,38.3040992],[26.8912094,38.3008183],[26.887536,38.296833],[26.8867154,38.2908103],[26.8780999,38.2884777],[26.8794223,38.2843316],[26.872076,38.2830724],[26.8674972,38.2716618],[26.8618791,38.2638681],[26.8592723,38.2634574],[26.8574102,38.2649211],[26.8554464,38.2604315],[26.8520361,38.2650217],[26.8490723,38.2618715],[26.8445107,38.2638321],[26.8411767,38.2634143],[26.8435049,38.2666322],[26.8399215,38.2687802],[26.8400502,38.2668849],[26.8343055,38.2646047],[26.8341949,38.2634068],[26.8319017,38.2631363],[26.8310058,38.2645979],[26.8298095,38.2637513],[26.8275726,38.267125],[26.8189573,38.2707681],[26.8186676,38.2764156],[26.8158544,38.2802553],[26.8176216,38.2809553],[26.8054925,38.2878005],[26.8004206,38.2845742],[26.7924754,38.2870095],[26.7847967,38.284926],[26.7831337,38.2861724],[26.777127,38.2860529],[26.7758405,38.2836439],[26.7740548,38.2856407],[26.7622304,38.2671206],[26.7585794,38.2649202],[26.7612179,38.262399],[26.7591413,38.2595345],[26.7547824,38.2612416],[26.7547667,38.2580691],[26.7514354,38.2532922],[26.7510921,38.242621],[26.7551851,38.2319187],[26.7535767,38.2267578],[26.7550627,38.2224627]]]}},{"type":"Feature","properties":{"code":"35-27","provinceCode":"35","name":"Selçuk"},"geometry":{"type":"Polygon","coordinates":[[[27.3114049,38.0479067],[27.2959936,38.039329],[27.2861543,38.038233],[27.2824458,38.0300123],[27.281692,38.0232218],[27.2764271,38.0182273],[27.2757033,38.0200645],[27.2734898,38.0195747],[27.2745569,38.0176775],[27.2654093,38.0147963],[27.2657334,38.0086039],[27.26064,38.0080492],[27.2569996,38.0028375],[27.2516727,38.0030446],[27.2497962,37.9908504],[27.2453063,37.985717],[27.2467293,37.9812393],[27.254451,37.974049],[27.2616458,37.9600842],[27.2726344,37.9467306],[27.276967,37.9269411],[27.2756745,37.9221991],[27.2715964,37.9220023],[27.2884907,37.9105433],[27.3130138,37.8755277],[27.3169015,37.8722099],[27.3280264,37.8735382],[27.3496099,37.878178],[27.3540667,37.8809715],[27.3556352,37.8794645],[27.3580545,37.8809507],[27.3635048,37.8779275],[27.3627216,37.8764116],[27.3665839,37.8721179],[27.3718572,37.8708518],[27.3728174,37.8726134],[27.3755532,37.8724948],[27.3786807,37.8781223],[27.3876715,37.8664137],[27.3916894,37.8510267],[27.3896402,37.8444482],[27.3871243,37.845664],[27.3828864,37.8430418],[27.3810035,37.8387715],[27.3743731,37.8377336],[27.3765979,37.8359916],[27.3755318,37.8345116],[27.3792279,37.8325372],[27.380663,37.8263242],[27.3871551,37.8168183],[27.3895943,37.8178114],[27.3897385,37.8152305],[27.3937449,37.8171242],[27.3947483,37.8193378],[27.4004665,37.8209454],[27.4075548,37.8263859],[27.4148658,37.8278442],[27.4293815,37.8356229],[27.4405581,37.8386567],[27.4412005,37.8443216],[27.4358825,37.8524403],[27.4388583,37.8561658],[27.4359727,37.8605566],[27.4379897,37.8657742],[27.4352646,37.8703648],[27.4246752,37.8732697],[27.4269605,37.8786219],[27.4319172,37.8791216],[27.4591757,37.8962961],[27.4576335,37.8986441],[27.4574806,37.9140377],[27.4547295,37.9180173],[27.4575882,37.9241204],[27.456023,37.9264864],[27.4598876,37.9273116],[27.4648895,37.9259332],[27.4731469,37.9324794],[27.475089,37.9326146],[27.4803897,37.9285706],[27.486398,37.929261],[27.5020505,37.9374906],[27.4947834,37.937718],[27.4967676,37.9458304],[27.4950135,37.9472814],[27.4959099,37.9508356],[27.4928336,37.9589889],[27.4840754,37.9593197],[27.4740708,37.9624665],[27.473191,37.9665139],[27.4823642,37.9717071],[27.4847857,37.9781635],[27.4760417,37.981155],[27.4735557,37.9879586],[27.4731938,37.9972565],[27.4686699,38.0034841],[27.4699706,38.0090329],[27.4683768,38.0118759],[27.4728584,38.0144821],[27.4724078,38.0196212],[27.4643126,38.0242991],[27.471199,38.0267984],[27.4745219,38.0303963],[27.4742787,38.0323996],[27.4699628,38.0361236],[27.4708986,38.041066],[27.4637644,38.0401051],[27.4573016,38.0356871],[27.445178,38.0361518],[27.4435472,38.0377912],[27.4413586,38.0358603],[27.4390733,38.0366715],[27.4320459,38.0585332],[27.4167359,38.0704603],[27.4131417,38.0751985],[27.4036145,38.0813426],[27.403416,38.0803249],[27.3941311,38.0809424],[27.3920143,38.0770403],[27.393154,38.0617989],[27.3971665,38.0529997],[27.3940236,38.0454379],[27.3873818,38.045869],[27.3830918,38.0444253],[27.378782,38.0386767],[27.3686298,38.0306104],[27.3649612,38.0306933],[27.3639287,38.0291173],[27.3549578,38.0295202],[27.354706,38.0351047],[27.3380931,38.0401654],[27.3438055,38.0435575],[27.3390492,38.0465008],[27.3370799,38.0508865],[27.3309682,38.0509158],[27.3279444,38.0488147],[27.329944,38.0477067],[27.3302782,38.0449466],[27.3251814,38.0458986],[27.3175179,38.0443143],[27.3114049,38.0479067]]]}},{"type":"Feature","properties":{"code":"35-28","provinceCode":"35","name":"Tire"},"geometry":{"type":"Polygon","coordinates":[[[27.4847857,37.9781635],[27.4875569,37.9784222],[27.4954104,37.9745996],[27.4998307,37.9787943],[27.5009894,37.9857117],[27.5057101,37.9893308],[27.5090146,37.9982933],[27.5143361,38.0015652],[27.5199902,38.0019879],[27.5240417,38.0077742],[27.5447988,38.0036872],[27.5491252,38.008196],[27.5559815,38.0085214],[27.5595358,38.0104115],[27.5626986,38.0103368],[27.5761373,38.0047892],[27.5841869,38.0036769],[27.6060391,38.0079099],[27.6186633,38.008548],[27.6202897,38.006679],[27.6223027,38.0074621],[27.6212236,38.0048934],[27.6237849,37.9992806],[27.6191028,37.9970099],[27.6231099,37.989995],[27.6243979,37.9820505],[27.6226893,37.9722983],[27.6272968,37.9691631],[27.6309621,37.9699588],[27.6317152,37.9724647],[27.6364507,37.9684918],[27.6415161,37.9682498],[27.6485989,37.9632123],[27.6529822,37.9624801],[27.6597158,37.9639872],[27.6623564,37.9623205],[27.6609778,37.966184],[27.663424,37.9672498],[27.6679248,37.9654947],[27.6706445,37.9662221],[27.6699257,37.9675965],[27.6725435,37.9684127],[27.6802103,37.976678],[27.6869052,37.9772291],[27.692284,37.9800043],[27.6940007,37.9824256],[27.7026388,37.9810871],[27.7030778,37.9782784],[27.7046442,37.9801897],[27.710529,37.9786379],[27.7125149,37.9793472],[27.7119559,37.9810565],[27.7168858,37.9812129],[27.7159738,37.9803926],[27.718935,37.9806294],[27.7186453,37.9789719],[27.7228993,37.975699],[27.7244121,37.9788197],[27.730679,37.9786544],[27.7332044,37.9812214],[27.733891,37.9795047],[27.739352,37.9780586],[27.7384025,37.9756863],[27.7400494,37.972481],[27.7437991,37.9727009],[27.74516,37.9690024],[27.7483642,37.9677784],[27.7480048,37.9647334],[27.7501506,37.9635196],[27.7514166,37.957704],[27.754603,37.9548828],[27.7553487,37.9491681],[27.7581078,37.9512175],[27.7577197,37.9542737],[27.7626765,37.9572768],[27.7640229,37.9606732],[27.7672952,37.9593028],[27.7717906,37.9637818],[27.7723002,37.9677319],[27.7756691,37.969914],[27.7776486,37.9750182],[27.7851864,37.9748621],[27.7853465,37.9718805],[27.7899715,37.9696813],[27.7974164,37.9717621],[27.8004748,37.9712729],[27.8021606,37.9698551],[27.8003258,37.9637952],[27.8068725,37.9650019],[27.8135847,37.9627746],[27.8239169,37.9672793],[27.8270549,37.9718995],[27.8325028,37.973029],[27.8430734,37.9784123],[27.843985,37.9767097],[27.846677,37.9781898],[27.8450915,37.975162],[27.8475898,37.9718636],[27.8561329,37.9704221],[27.8635889,37.9765115],[27.866955,37.9861882],[27.8741118,37.9941383],[27.8802548,38.0066007],[27.8796,38.0123144],[27.9016441,38.0109199],[27.9024766,38.0130886],[27.9062192,38.0149138],[27.9109525,38.0157711],[27.9164308,38.0147453],[27.9263022,38.0108958],[27.9396721,38.0139183],[27.94173,38.0277264],[27.952949,38.034102],[27.9632049,38.0440296],[27.9634517,38.0576857],[27.9602497,38.0669901],[27.9550779,38.0709652],[27.9551202,38.0724844],[27.9494175,38.075677],[27.9447505,38.0750352],[27.9326365,38.079208],[27.9294133,38.090678],[27.9257441,38.0916617],[27.9260552,38.1039001],[27.9224383,38.1045487],[27.925543,38.1091365],[27.9252589,38.111725],[27.9174079,38.1171854],[27.9235156,38.1206295],[27.9291031,38.1198823],[27.9400135,38.1213091],[27.9497973,38.1265815],[27.949104,38.1278027],[27.9424626,38.1310979],[27.9368566,38.1316314],[27.9330611,38.1351811],[27.9303467,38.1420078],[27.9275679,38.1419571],[27.92741,38.1454585],[27.9260873,38.1478973],[27.9244023,38.1478669],[27.9241743,38.1537204],[27.9216917,38.1538017],[27.9218601,38.156562],[27.9198646,38.1566294],[27.9198646,38.1593121],[27.92183,38.1593283],[27.9217851,38.1620201],[27.9238423,38.1621012],[27.9244351,38.1657908],[27.9184055,38.1668873],[27.9116678,38.1702107],[27.9121613,38.1744954],[27.9057455,38.1705143],[27.9037714,38.1707505],[27.9039001,38.1725049],[27.9015398,38.1738207],[27.892946,38.1671572],[27.8906178,38.1688358],[27.8893947,38.1673765],[27.8853822,38.1686418],[27.8838265,38.1675958],[27.8862512,38.1750015],[27.8820562,38.175634],[27.8822923,38.1794968],[27.8765845,38.1740484],[27.8685593,38.171653],[27.867068,38.1735002],[27.8607273,38.1711975],[27.8476167,38.1707336],[27.8441866,38.1737964],[27.8422898,38.1838147],[27.8354663,38.1827816],[27.8378105,38.1847297],[27.8376388,38.1886046],[27.8320014,38.1922251],[27.8245249,38.1907523],[27.8225929,38.1881439],[27.8108144,38.1869477],[27.8034596,38.1948909],[27.8004931,38.1929089],[27.7906751,38.1996852],[27.7886232,38.2138694],[27.7826925,38.2200468],[27.7830899,38.2264455],[27.7763756,38.2164719],[27.7698907,38.1868033],[27.7681374,38.1859314],[27.7653319,38.1782654],[27.7633899,38.1717796],[27.7642375,38.1682369],[27.7618343,38.1683002],[27.7562284,38.1458638],[27.7540183,38.1459313],[27.754308,38.1478045],[27.7513575,38.1494076],[27.7345669,38.1481673],[27.7290952,38.1528667],[27.7220195,38.1531114],[27.7219874,38.1554441],[27.7170575,38.1556972],[27.7162796,38.1501964],[27.7129108,38.1525081],[27.7121329,38.1563046],[27.6998806,38.1588228],[27.6994514,38.1568994],[27.690466,38.1536344],[27.6884437,38.1485807],[27.6815393,38.148201],[27.6759752,38.1503606],[27.6734755,38.1493381],[27.6607686,38.1509009],[27.6588321,38.1435688],[27.6450562,38.1435519],[27.6359584,38.1487248],[27.6199829,38.1504959],[27.6169574,38.1568656],[27.6071075,38.1548366],[27.607351,38.1578862],[27.6030374,38.1582778],[27.6032909,38.1560717],[27.5976455,38.1550771],[27.5950384,38.1520736],[27.5881505,38.1512468],[27.5880378,38.1498252],[27.585141,38.1494919],[27.5854683,38.1479057],[27.5759535,38.1459807],[27.5703084,38.1478045],[27.565341,38.1472054],[27.5658131,38.14988],[27.5606418,38.1490026],[27.5605452,38.1462098],[27.5568116,38.1431384],[27.5570436,38.1380878],[27.5473165,38.1370545],[27.5434756,38.1379068],[27.54354,38.1393329],[27.5384331,38.1394341],[27.533884,38.1375523],[27.5236487,38.1400079],[27.5147009,38.1337464],[27.5090897,38.1343372],[27.5088215,38.1311219],[27.4906361,38.1299572],[27.4907005,38.1235346],[27.4849927,38.1240578],[27.484746,38.1229016],[27.4804973,38.1229606],[27.4804329,38.1211291],[27.477753,38.1208323],[27.4784609,38.1190448],[27.4763507,38.1178667],[27.4788558,38.1170564],[27.4768935,38.1128188],[27.4823427,38.1154231],[27.4840619,38.1141999],[27.4950564,38.1168243],[27.4980225,38.1162942],[27.5024056,38.1122323],[27.5040471,38.112629],[27.5035643,38.1143089],[27.5067421,38.1145304],[27.5079739,38.1091848],[27.5151592,38.1111634],[27.5193036,38.1104849],[27.5175065,38.1059262],[27.5198936,38.1053901],[27.5140571,38.1021862],[27.5172308,38.1007497],[27.5124201,38.0883066],[27.5143941,38.0833638],[27.5142983,38.0735603],[27.5045536,38.0732593],[27.4958447,38.0696064],[27.4931387,38.062667],[27.4934553,38.0545851],[27.4691147,38.0525513],[27.4708986,38.041066],[27.4699628,38.0361236],[27.4742787,38.0323996],[27.4745219,38.0303963],[27.471199,38.0267984],[27.4643126,38.0242991],[27.4724078,38.0196212],[27.4728584,38.0144821],[27.4683768,38.0118759],[27.4699706,38.0090329],[27.4686699,38.0034841],[27.4731938,37.9972565],[27.4735557,37.9879586],[27.4760417,37.981155],[27.4847857,37.9781635]]]}},{"type":"Feature","properties":{"code":"35-29","provinceCode":"35","name":"Torbalı"},"geometry":{"type":"Polygon","coordinates":[[[27.4708986,38.041066],[27.4691147,38.0525513],[27.4934553,38.0545851],[27.4931387,38.062667],[27.4958447,38.0696064],[27.5045536,38.0732593],[27.5142983,38.0735603],[27.5143941,38.0833638],[27.5124201,38.0883066],[27.5172308,38.1007497],[27.5140571,38.1021862],[27.5198936,38.1053901],[27.5175065,38.1059262],[27.5193036,38.1104849],[27.5151592,38.1111634],[27.5079739,38.1091848],[27.5067421,38.1145304],[27.5035643,38.1143089],[27.5040471,38.112629],[27.5024056,38.1122323],[27.4980225,38.1162942],[27.4950564,38.1168243],[27.4840619,38.1141999],[27.4823427,38.1154231],[27.4768935,38.1128188],[27.4788558,38.1170564],[27.4763507,38.1178667],[27.4784609,38.1190448],[27.477753,38.1208323],[27.4764097,38.1283453],[27.4687762,38.1367949],[27.4511325,38.1356705],[27.4387514,38.1320755],[27.4379536,38.1297801],[27.4301846,38.123684],[27.4453571,38.1529846],[27.4454784,38.1574477],[27.4476958,38.1606207],[27.4518769,38.1598393],[27.4510681,38.1564776],[27.454094,38.1558978],[27.4564111,38.1642049],[27.4583798,38.1655545],[27.4580552,38.1688701],[27.4562716,38.1687852],[27.4561107,38.1709867],[27.4581527,38.1717416],[27.4581364,38.1745316],[27.4567218,38.1743011],[27.460667,38.17937],[27.4596605,38.1835572],[27.4627552,38.1872564],[27.4653181,38.1970715],[27.468673,38.1988173],[27.4678224,38.2087518],[27.4735021,38.2091352],[27.4729724,38.2105117],[27.481032,38.2164213],[27.4858326,38.2145781],[27.4867355,38.211335],[27.490722,38.213857],[27.497162,38.2145807],[27.5076209,38.2262633],[27.5197456,38.2358638],[27.5218877,38.2409401],[27.520982,38.2439744],[27.5231776,38.246682],[27.5228036,38.2514389],[27.5170671,38.2545034],[27.5164477,38.263087],[27.5116571,38.2653962],[27.5072449,38.2634847],[27.5032671,38.271904],[27.4927624,38.281173],[27.4920124,38.2875484],[27.4824891,38.2925458],[27.4755685,38.2945167],[27.4676632,38.2939168],[27.4650222,38.2971392],[27.4625386,38.2966008],[27.4607951,38.2983],[27.4586722,38.2973906],[27.4534638,38.3000686],[27.450827,38.2992028],[27.4450719,38.302818],[27.4397605,38.3028329],[27.4356048,38.3059292],[27.4219394,38.3085117],[27.4156346,38.3115971],[27.4136186,38.3095245],[27.4119617,38.3147563],[27.40567,38.3166982],[27.4032291,38.3151645],[27.4031907,38.3174383],[27.3999663,38.3146698],[27.392464,38.3211694],[27.3933021,38.3256573],[27.3887455,38.3249346],[27.3852402,38.3259963],[27.3764949,38.3346246],[27.3631736,38.3358107],[27.3474662,38.3402836],[27.3538112,38.3356814],[27.3483393,38.3317369],[27.3469019,38.3241679],[27.3486614,38.3197489],[27.3554313,38.3206411],[27.3641324,38.3107501],[27.3638368,38.3080739],[27.359095,38.3026334],[27.3584032,38.2985507],[27.3658973,38.2990559],[27.3681557,38.2971993],[27.3631775,38.2955573],[27.3621124,38.2935979],[27.3572955,38.2939259],[27.3578721,38.2917892],[27.3555974,38.292609],[27.3530656,38.2896208],[27.3534679,38.2876798],[27.3559356,38.2879829],[27.3536289,38.2873513],[27.3538139,38.2861176],[27.3413028,38.2832766],[27.3245645,38.2876503],[27.3205358,38.2847618],[27.3211312,38.2873471],[27.3083045,38.2929394],[27.3001671,38.2908545],[27.2996253,38.2895661],[27.2948509,38.290185],[27.2950065,38.2883619],[27.2913963,38.2870692],[27.2892344,38.288505],[27.2883493,38.2857781],[27.2828856,38.2849765],[27.2822285,38.2828753],[27.2787255,38.2836712],[27.277379,38.2809088],[27.2742569,38.2822774],[27.2646761,38.2745416],[27.261778,38.275739],[27.2548792,38.2736722],[27.2560072,38.2751059],[27.2544837,38.2758555],[27.2530951,38.273943],[27.2405791,38.2714083],[27.2288867,38.2720376],[27.2524033,38.2566066],[27.2477245,38.2479715],[27.2416305,38.2445169],[27.2380227,38.2414247],[27.2387709,38.2395341],[27.2362296,38.2388147],[27.2446504,38.2289993],[27.2415505,38.2290736],[27.2415984,38.225113],[27.2435531,38.2210594],[27.2473436,38.2205278],[27.247569,38.2169581],[27.2452891,38.2115884],[27.2399032,38.2112765],[27.2388303,38.2096916],[27.2353327,38.2102143],[27.2325379,38.2076346],[27.2309232,38.209582],[27.227667,38.2091731],[27.2246575,38.2039335],[27.2229487,38.2046292],[27.2200762,38.212794],[27.2206235,38.2176999],[27.2102809,38.2183742],[27.2088432,38.2169581],[27.2065824,38.2052521],[27.2144833,38.1861891],[27.2109461,38.1841352],[27.2124714,38.1792666],[27.223234,38.1580391],[27.2272003,38.1595652],[27.2298932,38.1587975],[27.2365075,38.1499095],[27.2366953,38.1416618],[27.2393314,38.1424281],[27.2432691,38.1391353],[27.2481215,38.1394172],[27.2496879,38.1382781],[27.2578847,38.1398813],[27.2628239,38.1479985],[27.2573593,38.1515297],[27.2571874,38.1553133],[27.2535181,38.1587891],[27.2544193,38.1611849],[27.2515654,38.1638422],[27.2632029,38.161404],[27.2706314,38.1543363],[27.2807999,38.1555467],[27.2874892,38.1519702],[27.2908788,38.1444439],[27.285683,38.138641],[27.2976243,38.1339996],[27.3039865,38.1288095],[27.3102737,38.1212803],[27.3125121,38.1157961],[27.3090707,38.0966626],[27.3030468,38.0786935],[27.3078819,38.0709246],[27.308428,38.0630893],[27.3070789,38.0606901],[27.3086099,38.0551456],[27.3135555,38.0539745],[27.3114049,38.0479067],[27.3175179,38.0443143],[27.3251814,38.0458986],[27.3302782,38.0449466],[27.329944,38.0477067],[27.3279444,38.0488147],[27.3309682,38.0509158],[27.3370799,38.0508865],[27.3390492,38.0465008],[27.3438055,38.0435575],[27.3380931,38.0401654],[27.354706,38.0351047],[27.3549578,38.0295202],[27.3639287,38.0291173],[27.3649612,38.0306933],[27.3686298,38.0306104],[27.378782,38.0386767],[27.3830918,38.0444253],[27.3873818,38.045869],[27.3940236,38.0454379],[27.3971665,38.0529997],[27.393154,38.0617989],[27.3920143,38.0770403],[27.3941311,38.0809424],[27.403416,38.0803249],[27.4036145,38.0813426],[27.4131417,38.0751985],[27.4167359,38.0704603],[27.4320459,38.0585332],[27.4390733,38.0366715],[27.4413586,38.0358603],[27.4435472,38.0377912],[27.445178,38.0361518],[27.4573016,38.0356871],[27.4637644,38.0401051],[27.4708986,38.041066]]]}},{"type":"Feature","properties":{"code":"35-30","provinceCode":"35","name":"Urla"},"geometry":{"type":"MultiPolygon","coordinates":[[[[26.4412583,38.214913],[26.4395589,38.2124819],[26.4460552,38.2093207],[26.4514768,38.2090042],[26.451752,38.2015062],[26.4544084,38.2016133],[26.4586248,38.2055134],[26.4620007,38.2038695],[26.459375,38.1968344],[26.4570233,38.1948539],[26.4582646,38.1917204],[26.4635437,38.1952891],[26.4715933,38.1905984],[26.4777021,38.1922655],[26.479399,38.1911985],[26.4856871,38.1918203],[26.4883701,38.1955907],[26.4916294,38.1951115],[26.4925353,38.1917848],[26.4863884,38.1856713],[26.487486,38.1828774],[26.4932211,38.1818064],[26.4969848,38.1791663],[26.4967981,38.1777051],[26.5010345,38.1836628],[26.5034951,38.1773269],[26.5069737,38.1760596],[26.5182498,38.1878529],[26.5205489,38.1828625],[26.5233133,38.1832687],[26.5183365,38.1801774],[26.5169854,38.1753259],[26.5203793,38.1708903],[26.5202944,38.1652204],[26.5191066,38.1642865],[26.5157128,38.1703567],[26.5135068,38.1701566],[26.5124038,38.1676218],[26.5163915,38.1608842],[26.5200399,38.1592831],[26.5211429,38.1553469],[26.5238579,38.1553469],[26.5217368,38.1540126],[26.5244518,38.1526782],[26.5218216,38.1522779],[26.521058,38.1502762],[26.5215671,38.1422692],[26.5327667,38.1390661],[26.5301365,38.1383988],[26.5295425,38.1364635],[26.5314091,38.1348619],[26.5313162,38.128117],[26.5345701,38.1268769],[26.5413551,38.1303969],[26.5421301,38.1276997],[26.5458,38.1277187],[26.5437376,38.1202502],[26.5524507,38.1225815],[26.5524047,38.1183558],[26.5605698,38.1179912],[26.5605959,38.1201118],[26.5625015,38.1194647],[26.5643291,38.1213133],[26.5666851,38.1270327],[26.5644987,38.1280699],[26.5666199,38.1315918],[26.5647009,38.1361657],[26.5661208,38.1361118],[26.5664502,38.137865],[26.5624625,38.143804],[26.5632261,38.145272],[26.5714561,38.1438707],[26.5735772,38.1393998],[26.5779043,38.1369307],[26.5825708,38.126386],[26.5842677,38.1260189],[26.5856252,38.1218139],[26.5835041,38.1183429],[26.5858798,38.1156061],[26.5815526,38.111534],[26.5835889,38.1085966],[26.5924128,38.1031889],[26.5953824,38.1066606],[26.5988611,38.1072614],[26.6044609,38.1032557],[26.6058184,38.1061933],[26.6109939,38.1075285],[26.6143877,38.1134699],[26.6097758,38.1267389],[26.6128122,38.1352991],[26.6070688,38.1348414],[26.6041601,38.1380335],[26.6014038,38.147111],[26.6068691,38.1394978],[26.6077836,38.1419708],[26.6104113,38.1381463],[26.6138188,38.1387959],[26.6160303,38.1371087],[26.6183589,38.1379992],[26.6183981,38.1397093],[26.6235526,38.1383869],[26.6231942,38.1441633],[26.6263455,38.1463981],[26.6284309,38.1611937],[26.6305643,38.1607934],[26.633084,38.1671975],[26.630508,38.1684403],[26.6327474,38.1745808],[26.6300517,38.178212],[26.6306803,38.1840948],[26.6282574,38.1864455],[26.6307962,38.1918958],[26.6314805,38.1995962],[26.6329115,38.2004628],[26.6356385,38.1982643],[26.6390288,38.2004776],[26.6358604,38.2079421],[26.6452637,38.2022478],[26.6499584,38.2037798],[26.6515567,38.2063337],[26.6503567,38.2090758],[26.6535299,38.2102719],[26.6563198,38.2073698],[26.6597127,38.2103572],[26.6619363,38.2087523],[26.6659563,38.2088648],[26.6670456,38.2061195],[26.6681671,38.207737],[26.6709479,38.2077374],[26.6745303,38.2047125],[26.6766261,38.2112361],[26.6784305,38.2117782],[26.6830837,38.2113332],[26.6855636,38.2089242],[26.6869916,38.2066308],[26.6845845,38.2064187],[26.6835218,38.2045284],[26.686423,38.2024391],[26.6885467,38.2067491],[26.6941038,38.2055136],[26.6954836,38.2080131],[26.693629,38.2095863],[26.6966385,38.2114957],[26.7030114,38.2072384],[26.7059833,38.2086337],[26.7054576,38.2113819],[26.7104304,38.2122544],[26.7123401,38.2101342],[26.7162883,38.2113018],[26.7178601,38.208895],[26.721245,38.2116812],[26.7225164,38.2078201],[26.7260321,38.2098504],[26.7326001,38.2073602],[26.7347223,38.2087741],[26.7321946,38.2127758],[26.7346977,38.213276],[26.7359272,38.2163264],[26.7403434,38.2129819],[26.7436626,38.215553],[26.7451589,38.2129172],[26.7470402,38.2161701],[26.745327,38.2191738],[26.7485746,38.2184558],[26.750068,38.2221399],[26.7550627,38.2224627],[26.7535767,38.2267578],[26.7551851,38.2319187],[26.7510921,38.242621],[26.7514354,38.2532922],[26.7547667,38.2580691],[26.7547824,38.2612416],[26.7591413,38.2595345],[26.7612179,38.262399],[26.7585794,38.2649202],[26.7622304,38.2671206],[26.7740548,38.2856407],[26.7758405,38.2836439],[26.777127,38.2860529],[26.7831337,38.2861724],[26.7847967,38.284926],[26.7924754,38.2870095],[26.8004206,38.2845742],[26.8054925,38.2878005],[26.8176216,38.2809553],[26.8158544,38.2802553],[26.8186676,38.2764156],[26.8189573,38.2707681],[26.8275726,38.267125],[26.8298095,38.2637513],[26.8310058,38.2645979],[26.8319017,38.2631363],[26.8341949,38.2634068],[26.8343055,38.2646047],[26.8400502,38.2668849],[26.8399215,38.2687802],[26.8435049,38.2666322],[26.8411767,38.2634143],[26.8445107,38.2638321],[26.8490723,38.2618715],[26.8520361,38.2650217],[26.8554464,38.2604315],[26.8574102,38.2649211],[26.8592723,38.2634574],[26.8618791,38.2638681],[26.8674972,38.2716618],[26.872076,38.2830724],[26.8794223,38.2843316],[26.8780999,38.2884777],[26.8867154,38.2908103],[26.887536,38.296833],[26.8847573,38.2991948],[26.8775503,38.3005394],[26.8770432,38.3043097],[26.8733954,38.3031731],[26.8664753,38.3037372],[26.8481827,38.2919408],[26.8449639,38.2856082],[26.8438697,38.2918397],[26.8344927,38.2964667],[26.8349379,38.2942733],[26.8317246,38.2948206],[26.831789,38.2934565],[26.8290639,38.2934901],[26.8135928,38.3027269],[26.8150696,38.3042175],[26.8106746,38.3048064],[26.8098378,38.3110363],[26.8140113,38.3154138],[26.8155455,38.3200477],[26.8142313,38.330575],[26.8213177,38.3300764],[26.8305445,38.343011],[26.8345132,38.3447151],[26.8531714,38.3602263],[26.8537187,38.3623455],[26.8583273,38.364721],[26.8549131,38.3735491],[26.8350441,38.3705779],[26.8288412,38.367522],[26.823621,38.3673031],[26.822484,38.3654014],[26.815574,38.362616],[26.8135315,38.3584781],[26.8093565,38.3557271],[26.8017383,38.3552232],[26.7948509,38.3566922],[26.7857329,38.3598233],[26.7801085,38.3638181],[26.7875679,38.3711253],[26.7885608,38.3741618],[26.7919241,38.3752488],[26.7888918,38.3778013],[26.7857252,38.3768266],[26.7830187,38.3672157],[26.7787627,38.3631983],[26.7708542,38.3642471],[26.7727414,38.3648779],[26.766372,38.3667415],[26.7623067,38.3717047],[26.7613898,38.376578],[26.7628574,38.3785369],[26.7609144,38.3816525],[26.7624158,38.3840837],[26.7500066,38.391275],[26.7485243,38.3935813],[26.7498872,38.3938333],[26.7483944,38.3941349],[26.7506573,38.3954319],[26.7504754,38.3931545],[26.7509622,38.3954247],[26.7474704,38.3983456],[26.7493081,38.4001795],[26.7413022,38.4027933],[26.7379383,38.411481],[26.7350835,38.4139784],[26.7349303,38.4191564],[26.7403108,38.4214947],[26.7354947,38.4292969],[26.733544,38.4296422],[26.7319717,38.4267039],[26.7325034,38.4221328],[26.7287869,38.426523],[26.7310728,38.4305685],[26.7266724,38.4318789],[26.7247554,38.4358997],[26.7196224,38.4367176],[26.7225526,38.4327051],[26.7217317,38.4302551],[26.7240696,38.4290627],[26.7209057,38.4265637],[26.713996,38.42774],[26.7110607,38.4327702],[26.7068292,38.4343404],[26.705334,38.429538],[26.7003343,38.4280617],[26.6997575,38.4255492],[26.6966974,38.425627],[26.6965762,38.4236267],[26.6912237,38.4198449],[26.6941185,38.4210537],[26.6941222,38.4198449],[26.6889755,38.4184173],[26.6878881,38.4153059],[26.6858787,38.4146295],[26.6845339,38.4122796],[26.6856543,38.4127906],[26.6865011,38.4112218],[26.6838137,38.4115203],[26.682932,38.4091239],[26.6863417,38.4028767],[26.6843416,38.399585],[26.6781488,38.3972215],[26.6791229,38.3953342],[26.6755334,38.3921611],[26.6754562,38.3823132],[26.676933,38.3784976],[26.6791445,38.3777949],[26.6810732,38.3741201],[26.6808821,38.3754939],[26.6822524,38.3747307],[26.6807205,38.3738523],[26.6826344,38.3737371],[26.6809336,38.3689014],[26.6825059,38.3671905],[26.6806066,38.3660038],[26.6887179,38.3514135],[26.6844382,38.3504426],[26.6825904,38.3567286],[26.6791445,38.3580306],[26.6779984,38.3601162],[26.6754195,38.3586442],[26.6770763,38.3532227],[26.6730101,38.346489],[26.6804707,38.3480111],[26.6868979,38.3470065],[26.6922827,38.3440912],[26.6955739,38.3398697],[26.6934257,38.3355197],[26.700338,38.3320822],[26.7019147,38.3277073],[26.699873,38.3227757],[26.7037299,38.3196865],[26.7015421,38.3148289],[26.6923243,38.3118924],[26.6806827,38.3102278],[26.6744897,38.3113133],[26.6669004,38.3170993],[26.6650127,38.323301],[26.6580911,38.3265035],[26.6560461,38.3302796],[26.6521739,38.3290219],[26.6534751,38.3243621],[26.651728,38.3290456],[26.6542109,38.3314283],[26.6535142,38.3331045],[26.6526168,38.332291],[26.654475,38.3349167],[26.6515628,38.3379547],[26.6437367,38.3398549],[26.6405512,38.3482383],[26.6433041,38.3513472],[26.6450189,38.3577293],[26.6443109,38.3720756],[26.6397883,38.3788399],[26.6302396,38.3805479],[26.628116,38.3831621],[26.6297677,38.3833532],[26.6261811,38.3902336],[26.6229012,38.3923481],[26.6248833,38.3947585],[26.6242462,38.3985557],[26.6229012,38.4009721],[26.6201876,38.4009597],[26.6169549,38.4034253],[26.6178123,38.4075364],[26.6140526,38.4110002],[26.6159668,38.4152917],[26.6108704,38.4196214],[26.6110015,38.4226508],[26.6040927,38.4199281],[26.600874,38.4157923],[26.5887142,38.4216993],[26.5888422,38.4233089],[26.5879198,38.4239987],[26.5882569,38.4221472],[26.5846497,38.4255358],[26.5840821,38.4283896],[26.5876012,38.4322292],[26.5905615,38.4305137],[26.5946949,38.4334575],[26.5968734,38.432469],[26.5986023,38.4333787],[26.6002813,38.4395412],[26.6022139,38.4396837],[26.6028691,38.4415115],[26.5842068,38.4425026],[26.5795443,38.4416875],[26.5754048,38.436977],[26.5670335,38.4388923],[26.5645214,38.4402025],[26.5689485,38.4448787],[26.5650272,38.4498918],[26.5650224,38.4551848],[26.5633612,38.456716],[26.5391493,38.4645943],[26.5389017,38.4658226],[26.5321433,38.4662408],[26.5275478,38.4635726],[26.5163612,38.4691893],[26.5025562,38.4674973],[26.4919489,38.4604919],[26.4819905,38.4595389],[26.4796735,38.4559705],[26.4856467,38.4531669],[26.4897207,38.4490071],[26.4955224,38.4480243],[26.5057762,38.4363848],[26.5152737,38.4313555],[26.5289998,38.4330516],[26.5305447,38.4345139],[26.5333021,38.4335979],[26.541059,38.436346],[26.5415633,38.4305219],[26.5447068,38.426849],[26.544975,38.4237559],[26.5493202,38.4202676],[26.5512171,38.4147257],[26.5452647,38.4152155],[26.5424323,38.4122564],[26.5344391,38.4139553],[26.5334201,38.4100034],[26.5286779,38.405514],[26.5216827,38.38096],[26.5145373,38.3760986],[26.5131426,38.350912],[26.5082717,38.3499023],[26.4993882,38.3448538],[26.4929938,38.3378526],[26.4935732,38.3331735],[26.4992165,38.3291843],[26.5003323,38.3263395],[26.508394,38.326216],[26.5105134,38.3248841],[26.5125329,38.3147564],[26.5171712,38.310405],[26.4974248,38.302971],[26.4994097,38.299519],[26.4985192,38.2941554],[26.5070915,38.2907282],[26.5169191,38.2813131],[26.5238714,38.2796287],[26.5262403,38.2693987],[26.5229916,38.2677273],[26.5180993,38.2678789],[26.5109432,38.2633638],[26.5019846,38.2628668],[26.4918756,38.2559896],[26.4853978,38.2549983],[26.4763319,38.2494208],[26.4627492,38.2491933],[26.4561188,38.2456207],[26.4550996,38.2388711],[26.4595199,38.2398655],[26.4577389,38.2355425],[26.4598846,38.2269968],[26.465072,38.2227867],[26.4595199,38.2228247],[26.4541018,38.2186608],[26.4412583,38.214913]]],[[[26.6741364,38.3317989],[26.6746257,38.3292737],[26.6792613,38.3302703],[26.6780681,38.3337719],[26.6741364,38.3317989]]],[[[26.768126,38.4097279],[26.7703367,38.4044971],[26.7734232,38.4088593],[26.769363,38.4110475],[26.768126,38.4097279]]],[[[26.7806545,38.4167797],[26.7822529,38.4152826],[26.7854676,38.4155249],[26.7822161,38.4184974],[26.7806545,38.4167797]]],[[[26.7839523,38.3948496],[26.7855848,38.3931379],[26.7915476,38.395861],[26.7912531,38.3987525],[26.78901,38.3997434],[26.7839523,38.3948496]]],[[[26.7921533,38.4100416],[26.7931144,38.4069173],[26.7960928,38.4080515],[26.7988923,38.4071057],[26.7957575,38.415427],[26.7921533,38.4100416]]]]}}]}