{"type":"FeatureCollection","features":[{"type":"Feature","properties":{"code":"38-01","provinceCode":"38","name":"Akkışla"},"geometry":{"type":"Polygon","coordinates":[[[36.0682592,38.9756158],[36.0696939,38.9683372],[36.0714844,38.9684844],[36.0734383,38.9648122],[36.0780072,38.9663903],[36.0807536,38.9634622],[36.0827281,38.9639022],[36.0851853,38.9621161],[36.0865728,38.9574767],[36.0899042,38.9561889],[36.08889,38.9476461],[36.0931186,38.9429111],[36.0916478,38.9431786],[36.0927797,38.9422703],[36.0907383,38.9420786],[36.0890011,38.9382317],[36.0861144,38.9384047],[36.0837803,38.9361297],[36.086225,38.9344375],[36.0845378,38.9321864],[36.0851619,38.9296786],[36.0890539,38.9230317],[36.1003694,38.9145464],[36.0971983,38.9013306],[36.0988678,38.8993764],[36.1013139,38.8811572],[36.1158408,38.8713208],[36.1242553,38.8729592],[36.1166542,38.8668783],[36.1387939,38.8728844],[36.1449739,38.8649478],[36.1579556,38.8668128],[36.1678097,38.8748708],[36.1712958,38.8992356],[36.1799258,38.9057111],[36.1898831,38.9027189],[36.2116897,38.8678803],[36.2579375,38.8778947],[36.2770425,38.884415],[36.2700675,38.9027964],[36.2731528,38.9012261],[36.3060783,38.8977386],[36.3208872,38.9073111],[36.3302433,38.9173275],[36.3436394,38.8897892],[36.35569,38.8771689],[36.3534392,38.8935022],[36.3584844,38.9199722],[36.3541983,38.9210636],[36.3482033,38.9257714],[36.3359433,38.9291083],[36.3210594,38.9425136],[36.3208325,38.9589669],[36.3143783,38.986765],[36.3084108,38.9990978],[36.3274267,39.0369606],[36.328155,39.0503978],[36.3326675,39.05151],[36.3346192,39.0535297],[36.3310258,39.0744111],[36.3297769,39.0728539],[36.3266606,39.0736056],[36.3200864,39.0775719],[36.3160981,39.0848706],[36.3066225,39.0930847],[36.2986711,39.0937486],[36.2965694,39.0926297],[36.2916014,39.0964058],[36.2983928,39.1051242],[36.2875739,39.1017081],[36.2872264,39.0989506],[36.2829514,39.1006842],[36.2735775,39.09983],[36.2654125,39.0969164],[36.2660561,39.0955803],[36.2630394,39.0954369],[36.2596944,39.0685267],[36.25418,39.0644833],[36.2515719,39.0667606],[36.2477567,39.0668292],[36.2449247,39.07077],[36.2410906,39.0668911],[36.2287503,39.0668542],[36.2290231,39.0705606],[36.2242011,39.0706564],[36.2206383,39.0758328],[36.2203731,39.0771347],[36.2239697,39.078095],[36.2190383,39.0774183],[36.2197867,39.0740181],[36.2150578,39.0766469],[36.2082533,39.0770392],[36.2018756,39.07794],[36.2035014,39.0591619],[36.2020481,39.0532078],[36.19536,39.0460519],[36.1915519,39.0466833],[36.1891722,39.0427394],[36.1810758,39.0437447],[36.1793631,39.0424506],[36.1814819,39.0445503],[36.1795881,39.0454883],[36.1785481,39.0440767],[36.1786167,39.0461],[36.1763039,39.045855],[36.1760814,39.0469144],[36.1730667,39.0468625],[36.1729333,39.0454153],[36.1699353,39.04435],[36.1701281,39.0483156],[36.1678144,39.0482956],[36.1609078,39.0475103],[36.1546553,39.0447467],[36.1451458,39.0355344],[36.1357742,39.034925],[36.1294061,39.0370789],[36.1228503,39.0354856],[36.1213361,39.0375264],[36.1160981,39.0367042],[36.1151658,39.0379017],[36.1056914,39.0324228],[36.1005297,39.033295],[36.1012317,39.0364925],[36.0995931,39.0342475],[36.0950653,39.0329308],[36.0916203,39.0351894],[36.0825642,39.0355408],[36.0796039,39.0339511],[36.082085,39.0318378],[36.0817658,39.0266025],[36.082695,39.0272825],[36.0866619,39.0237719],[36.0868781,39.0255769],[36.0883469,39.0255497],[36.0901297,39.0220586],[36.0883978,39.0208883],[36.0890831,39.0187906],[36.0865419,39.0187706],[36.0859708,39.0174508],[36.0899439,39.0102567],[36.0810319,39.0062164],[36.0764033,39.0056308],[36.0791547,38.9986156],[36.0754578,38.9957142],[36.0741678,38.9962186],[36.076315,38.9880308],[36.0728175,38.9795994],[36.0695936,38.9782483],[36.0682592,38.9756158]]]}},{"type":"Feature","properties":{"code":"38-02","provinceCode":"38","name":"Bünyan"},"geometry":{"type":"Polygon","coordinates":[[[35.9829581,38.55115],[35.9868711,38.5685869],[35.9971811,38.5824642],[35.9936894,38.6061217],[35.9991808,38.6140256],[36.011865,38.6183575],[36.0423639,38.6045994],[36.0483311,38.5993231],[36.0492247,38.6006494],[36.0539931,38.5987636],[36.0557653,38.6004128],[36.0574411,38.6000306],[36.0594789,38.5974925],[36.0633258,38.5975069],[36.0645117,38.5942961],[36.0790742,38.5955317],[36.0845197,38.5940006],[36.0845675,38.5954108],[36.0891733,38.5975458],[36.0872656,38.6003672],[36.0882994,38.6019461],[36.0946389,38.6066658],[36.0920678,38.6079567],[36.0958864,38.6101264],[36.0970842,38.6091131],[36.0977872,38.6102558],[36.0962183,38.6110156],[36.0982603,38.6134803],[36.0996753,38.6143744],[36.1022631,38.6121311],[36.1068092,38.6144964],[36.1108317,38.6141819],[36.1142858,38.6198128],[36.1164908,38.6167597],[36.1196436,38.6184792],[36.1212928,38.6239969],[36.1197181,38.6277939],[36.1221719,38.6300781],[36.1188311,38.6320489],[36.1187947,38.6375489],[36.1080042,38.6380175],[36.0995683,38.6409575],[36.1019697,38.6435981],[36.1041214,38.6425267],[36.1047739,38.6450753],[36.1075553,38.6458961],[36.1043625,38.6466561],[36.1037764,38.6487633],[36.1023458,38.6479606],[36.1003492,38.6492617],[36.1025367,38.6498142],[36.1039583,38.6524033],[36.1013433,38.6501897],[36.099205,38.6508125],[36.0991883,38.6525725],[36.0925308,38.6549417],[36.0867333,38.6529681],[36.0846856,38.6537667],[36.0906011,38.6565133],[36.0988783,38.6633361],[36.099635,38.6653803],[36.0970275,38.6650181],[36.0964331,38.6679744],[36.0977472,38.6717972],[36.1021778,38.6748258],[36.1079847,38.6745447],[36.0984322,38.6949725],[36.1024647,38.6908911],[36.1065119,38.69011],[36.1074778,38.6925067],[36.1113964,38.6948114],[36.1216933,38.6978536],[36.1223575,38.7001978],[36.1364714,38.7025861],[36.1258372,38.7131056],[36.1028308,38.7252578],[36.0918264,38.7355808],[36.0871733,38.7363528],[36.0876472,38.7446108],[36.0916106,38.7454747],[36.0978839,38.7523178],[36.0973922,38.7548775],[36.1090086,38.7704028],[36.1108342,38.7776289],[36.1097794,38.7823536],[36.1129642,38.7923869],[36.1157922,38.7955236],[36.1212444,38.7961908],[36.1294858,38.8038867],[36.13004,38.8087083],[36.1280117,38.8121794],[36.1241706,38.8141153],[36.1196533,38.8135414],[36.1181708,38.8161975],[36.1164828,38.8360333],[36.1247181,38.8428664],[36.1153058,38.8645661],[36.1166542,38.8668783],[36.1242553,38.8729592],[36.1158408,38.8713208],[36.1013139,38.8811572],[36.0988678,38.8993764],[36.0971983,38.9013306],[36.1003694,38.9145464],[36.0890539,38.9230317],[36.0851619,38.9296786],[36.0845378,38.9321864],[36.086225,38.9344375],[36.0837803,38.9361297],[36.0861144,38.9384047],[36.0890011,38.9382317],[36.0907383,38.9420786],[36.0927797,38.9422703],[36.0916478,38.9431786],[36.0931186,38.9429111],[36.08889,38.9476461],[36.0899042,38.9561889],[36.0865728,38.9574767],[36.0851853,38.9621161],[36.0827281,38.9639022],[36.0807536,38.9634622],[36.0780072,38.9663903],[36.0734383,38.9648122],[36.0714844,38.9684844],[36.0696939,38.9683372],[36.0682592,38.9756158],[36.0631442,38.9733497],[36.0609528,38.9744542],[36.0598781,38.9731494],[36.0555169,38.9729078],[36.0469383,38.9763231],[36.0467081,38.9783764],[36.0409228,38.9810781],[36.0385489,38.9844522],[36.0352222,38.9845072],[36.0365256,38.9854544],[36.0349339,38.9867681],[36.0297667,38.9860083],[36.0241739,38.9873725],[36.0195542,38.9850933],[36.0200253,38.9753806],[36.0123769,38.9702053],[36.0096922,38.9643133],[36.0011306,38.9653133],[35.9972161,38.9643661],[35.9949972,38.9669353],[35.9911242,38.9663344],[35.9833692,38.9704378],[35.9777819,38.9682164],[35.9708831,38.9716611],[35.9761975,38.9809447],[35.9507603,38.9956769],[35.9518219,39.0040492],[35.94559,39.0058397],[35.9455569,39.0037072],[35.9378994,39.0056133],[35.9359017,39.0038814],[35.9330292,39.0046475],[35.9248625,39.0006764],[35.9184897,38.9937794],[35.9174411,38.9962186],[35.9115914,38.9914206],[35.9098567,38.9922611],[35.9064556,38.9883111],[35.9013261,38.9870372],[35.8955811,38.9910481],[35.8857142,38.99087],[35.8805706,38.9896531],[35.8776703,38.9864486],[35.8642831,38.9841561],[35.8611183,38.9822186],[35.8577364,38.9830461],[35.8575353,38.9873578],[35.8523097,38.9867153],[35.8520731,38.9884831],[35.8482364,38.9893764],[35.8491178,38.9908347],[35.8461289,38.9936483],[35.838855,38.9921481],[35.8348706,38.9934961],[35.8316289,38.9900489],[35.8246178,38.99347],[35.8199397,38.9911944],[35.8026086,38.9901631],[35.7878972,38.99721],[35.7850394,38.9997981],[35.7855092,39.0030917],[35.7802511,39.0021789],[35.7715597,39.0034047],[35.7665806,39.0090958],[35.7625097,39.0094747],[35.7614475,39.0127789],[35.7631508,39.0251397],[35.7564292,39.0242408],[35.7471869,39.0185617],[35.7372492,39.0157203],[35.7394294,39.0123736],[35.7379322,39.0122922],[35.7380969,39.0090417],[35.7354297,39.0074664],[35.7347267,39.0048431],[35.7283575,39.0054025],[35.7287197,38.9996578],[35.7259158,38.9961667],[35.7250458,38.9971694],[35.7216142,38.9949925],[35.7214311,38.9921253],[35.7169372,38.9919906],[35.7114622,39.0002989],[35.7106872,38.9988264],[35.7081503,39.0012542],[35.7067147,39.0051911],[35.7004728,39.0062222],[35.6919153,39.0013603],[35.6875169,38.9979228],[35.6867328,38.9943267],[35.6910811,38.9858275],[35.6895831,38.9822189],[35.6862672,38.9806781],[35.6823914,38.9752706],[35.6811197,38.9756875],[35.6853656,38.9722361],[35.6834125,38.9706272],[35.6774492,38.9717381],[35.6728381,38.9660294],[35.6742983,38.9626039],[35.6697258,38.9597253],[35.6654744,38.9529244],[35.6718692,38.9510803],[35.6721856,38.9491786],[35.6755075,38.9490078],[35.6788153,38.9519206],[35.6810775,38.9479017],[35.6867469,38.9474464],[35.6987789,38.9494206],[35.7019119,38.9484072],[35.7031014,38.9429731],[35.7107131,38.9408994],[35.7103706,38.9368736],[35.7152725,38.9328983],[35.7184844,38.9340097],[35.7196489,38.9378172],[35.7250347,38.9379139],[35.7269572,38.9365731],[35.7285203,38.9385733],[35.7307378,38.9384078],[35.731185,38.9363167],[35.7331144,38.9366314],[35.7338228,38.9350869],[35.7359583,38.9357439],[35.739465,38.9329061],[35.7397828,38.9338369],[35.7425958,38.9330244],[35.7427056,38.9231753],[35.7475531,38.9187919],[35.7526914,38.9249436],[35.7563997,38.9230508],[35.7613208,38.9253794],[35.7660492,38.9226689],[35.7748561,38.9217892],[35.7786161,38.9151583],[35.7846469,38.9166692],[35.7867839,38.9132486],[35.7853072,38.9105981],[35.7866461,38.9098186],[35.7865075,38.90384],[35.7784483,38.8911289],[35.78017,38.8854811],[35.7769858,38.8772953],[35.7826547,38.8718528],[35.7868603,38.8635175],[35.7838667,38.8627814],[35.7847817,38.8597233],[35.7823428,38.8586392],[35.7796719,38.8529886],[35.7763697,38.8542222],[35.7761686,38.8530044],[35.7793239,38.8515206],[35.7823914,38.8521064],[35.7815247,38.8485747],[35.7857044,38.8485408],[35.7782361,38.8457172],[35.7797819,38.8453692],[35.7777792,38.8415561],[35.7794794,38.8417375],[35.7866833,38.832395],[35.8001867,38.8281097],[35.8006222,38.8195247],[35.8051308,38.8165589],[35.8010767,38.8144189],[35.7998044,38.8025228],[35.8023939,38.79945],[35.8084381,38.7975672],[35.8035594,38.7926242],[35.8034261,38.7893244],[35.8009144,38.7864233],[35.8102919,38.7816586],[35.8101544,38.7775394],[35.807565,38.7732672],[35.8197658,38.7669033],[35.8241758,38.7661136],[35.8223947,38.7599553],[35.8154186,38.755895],[35.8074658,38.7606581],[35.8025006,38.7580214],[35.7952497,38.7407633],[35.7888831,38.7356011],[35.7821586,38.7247964],[35.7729794,38.7157275],[35.7594739,38.7144822],[35.7473175,38.7176461],[35.7482906,38.7155589],[35.7437758,38.7136878],[35.7455003,38.7050653],[35.7445261,38.69562],[35.7437053,38.6929692],[35.7388436,38.6906467],[35.7389361,38.6854117],[35.74444,38.6827867],[35.7419917,38.6811103],[35.7468831,38.6794267],[35.7464203,38.6756828],[35.7551114,38.6732542],[35.7587022,38.6711197],[35.7587303,38.6693414],[35.7630769,38.6697856],[35.7666642,38.6681039],[35.7690411,38.6707183],[35.7745886,38.6706469],[35.7790531,38.6652928],[35.7849883,38.6630631],[35.7870911,38.6669311],[35.7838589,38.6699144],[35.7852456,38.6700931],[35.7850053,38.6783314],[35.7828042,38.6848236],[35.7919786,38.6868242],[35.8016958,38.6840158],[35.8151219,38.6858433],[35.8126622,38.6944289],[35.8358181,38.6949744],[35.8429333,38.6909328],[35.8632492,38.6893144],[35.8863358,38.69201],[35.8763197,38.6771692],[35.87622,38.6658581],[35.8799831,38.6628444],[35.8780303,38.6587522],[35.8760339,38.6589553],[35.8746906,38.6525753],[35.8717139,38.6540506],[35.8701144,38.6539283],[35.8702308,38.6525656],[35.8667361,38.6529983],[35.8668381,38.6501633],[35.8633489,38.6475106],[35.8659694,38.6453186],[35.8594969,38.6405344],[35.8380978,38.6381286],[35.8406211,38.6338469],[35.8399272,38.6317436],[35.8434567,38.6327808],[35.8447117,38.6309394],[35.8472575,38.6308333],[35.8479394,38.6260194],[35.8522808,38.6233933],[35.8570897,38.6255236],[35.8566586,38.6213364],[35.8534158,38.620975],[35.8537294,38.61968],[35.8500247,38.6200244],[35.8484317,38.6178397],[35.8502306,38.61375],[35.8518414,38.6135825],[35.8509036,38.61238],[35.8551089,38.6108164],[35.8540361,38.6016581],[35.8599447,38.6005161],[35.8564794,38.5983425],[35.8593883,38.5960286],[35.8593489,38.5935608],[35.8629006,38.5927044],[35.8598294,38.5879658],[35.8645472,38.5861214],[35.8678853,38.5879275],[35.8694353,38.5861247],[35.8676903,38.5837719],[35.8703536,38.581185],[35.8757653,38.5817272],[35.8799017,38.5926592],[35.8818622,38.5919133],[35.8823161,38.5956897],[35.8870011,38.5968347],[35.8877508,38.6008886],[35.8922664,38.6030094],[35.8972856,38.6108061],[35.9105233,38.6105667],[35.9117397,38.6071714],[35.9129578,38.6073744],[35.9126511,38.5960706],[35.9148,38.5946078],[35.9189581,38.5958544],[35.9159531,38.5899039],[35.947995,38.5621467],[35.9514261,38.5573592],[35.9680589,38.5522906],[35.9829581,38.55115]]]}},{"type":"Feature","properties":{"code":"38-03","provinceCode":"38","name":"Develi"},"geometry":{"type":"Polygon","coordinates":[[[35.6929583,37.9958161],[35.7119661,38.028445],[35.7098503,38.0348533],[35.7163153,38.0447947],[35.7196542,38.0452081],[35.7237453,38.0516386],[35.7246611,38.0548339],[35.7217047,38.0602969],[35.7224917,38.0626483],[35.7399253,38.0541503],[35.7411158,38.0456275],[35.7484336,38.0407119],[35.7596694,38.0416281],[35.7638817,38.0437833],[35.7645975,38.055215],[35.7616667,38.0708164],[35.7659889,38.0579056],[35.7767231,38.0534706],[35.7778689,38.0989714],[35.7709272,38.1006078],[35.7698967,38.1024428],[35.7776917,38.1073769],[35.7865617,38.1084581],[35.7909247,38.1160319],[35.7962567,38.1167914],[35.8006214,38.1208911],[35.8015578,38.1143197],[35.8157536,38.10852],[35.8065383,38.0994739],[35.7993536,38.0982167],[35.7896992,38.0811531],[35.79525,38.0778381],[35.8035581,38.0758658],[35.8352183,38.076065],[35.8517442,38.0902456],[35.8747303,38.0845494],[35.8881014,38.0881453],[35.8913319,38.0908586],[35.8992117,38.0911956],[35.9065489,38.1008344],[35.9140978,38.1034464],[35.9198094,38.1098517],[35.9373414,38.0955106],[35.945245,38.0968586],[35.9541589,38.1055908],[35.9635264,38.1092044],[35.9679936,38.1159144],[35.9744614,38.1172944],[35.9708658,38.1280147],[35.9729153,38.1390475],[35.9908033,38.1503558],[35.9930264,38.1560553],[35.9916067,38.1673339],[35.9951581,38.1735192],[35.9979828,38.1759211],[36.0021086,38.1764267],[36.0054483,38.1805706],[36.0117728,38.1808081],[36.0123925,38.1847914],[36.0209181,38.1897481],[36.0003833,38.1950336],[35.9949558,38.2039444],[35.9945408,38.2121014],[35.9903569,38.22343],[35.9852956,38.2180439],[35.9707525,38.2136922],[35.9548286,38.2164006],[35.9523689,38.2217894],[35.9392628,38.2215386],[35.9375539,38.2243039],[35.9388606,38.2296161],[35.9297292,38.2302319],[35.9274592,38.2329772],[35.9257539,38.2329308],[35.9243561,38.2383144],[35.9171717,38.2414939],[35.9083767,38.2531681],[35.9051394,38.2545614],[35.9063392,38.2560403],[35.90246,38.2617472],[35.9061106,38.2620842],[35.9087233,38.2663019],[35.9118017,38.2661892],[35.9147428,38.2707669],[35.9119375,38.2752739],[35.9121606,38.2794503],[35.9054008,38.2853361],[35.9028594,38.2825861],[35.8969822,38.2812869],[35.8877986,38.2830831],[35.8871286,38.2848869],[35.8852714,38.2802944],[35.8804114,38.2776431],[35.8767897,38.27941],[35.87453,38.2828847],[35.8722403,38.2735614],[35.8699128,38.2717864],[35.8620733,38.2762933],[35.8636369,38.2708444],[35.8615706,38.2682997],[35.8649378,38.2632042],[35.8507639,38.2642842],[35.8470256,38.2611175],[35.8483411,38.2558658],[35.840655,38.2562761],[35.8332328,38.2538122],[35.8302047,38.2500608],[35.8231089,38.2601708],[35.8148356,38.2641556],[35.7949072,38.2618467],[35.7830167,38.2579564],[35.7699789,38.25661],[35.7682933,38.2538144],[35.7592331,38.2777889],[35.7586503,38.2865128],[35.7650081,38.2986306],[35.7594992,38.3023636],[35.7536547,38.315005],[35.7551964,38.3217747],[35.7520811,38.34021],[35.7525131,38.3417583],[35.7574858,38.3438644],[35.7263872,38.3404567],[35.7146369,38.3434331],[35.7116228,38.3461889],[35.706295,38.3474883],[35.7085725,38.3505167],[35.7085558,38.3555519],[35.7021419,38.3569317],[35.7004361,38.3605742],[35.6987342,38.3589167],[35.6938808,38.3592094],[35.6941308,38.3690006],[35.6916117,38.3697325],[35.6928892,38.3712422],[35.6905672,38.3720636],[35.6899939,38.3768169],[35.6873669,38.3773789],[35.6890494,38.3819278],[35.6868175,38.3809617],[35.6879078,38.384045],[35.6850919,38.3868442],[35.6860422,38.3957506],[35.6839242,38.4035822],[35.6784153,38.4036914],[35.6769158,38.4049014],[35.6736208,38.4033033],[35.6697411,38.4118231],[35.6714944,38.4126289],[35.6700022,38.4180264],[35.6676047,38.4213481],[35.6622844,38.4219278],[35.6592839,38.4307044],[35.6560028,38.4303858],[35.6540272,38.4434669],[35.6493725,38.4485378],[35.6491778,38.4509017],[35.6472458,38.4502058],[35.6413792,38.4563967],[35.6433503,38.45958],[35.6382192,38.4598361],[35.6342422,38.4645592],[35.6300256,38.4666028],[35.6261733,38.465875],[35.6202933,38.4696117],[35.6168664,38.4694669],[35.6113806,38.4729008],[35.6060567,38.4738047],[35.6005217,38.4775142],[35.6005942,38.4790633],[35.5955528,38.4795428],[35.5936042,38.4777792],[35.5872986,38.4797933],[35.5845956,38.4874617],[35.5807831,38.4910447],[35.5778094,38.4878986],[35.5749225,38.4928083],[35.568455,38.4921256],[35.5650281,38.4898364],[35.5636269,38.4837872],[35.5619714,38.4898506],[35.5529333,38.4918094],[35.5427547,38.5008269],[35.5427494,38.5116936],[35.5472819,38.5218161],[35.5446542,38.5245867],[35.54434,38.5281231],[35.5394875,38.5238936],[35.5292217,38.5249772],[35.5261192,38.5266117],[35.5266728,38.5294378],[35.5221333,38.5306667],[35.5223214,38.5344667],[35.5195061,38.5395569],[35.5202775,38.5430517],[35.5098781,38.5348033],[35.5048358,38.5348006],[35.5021558,38.5300169],[35.4910089,38.5287867],[35.4880064,38.5228983],[35.4813186,38.5239586],[35.4810658,38.5254483],[35.4840222,38.5299411],[35.4914861,38.5326306],[35.4449583,38.5309747],[35.4488883,38.532075],[35.4284294,38.5462819],[35.4250525,38.54518],[35.4251722,38.53383],[35.4274083,38.5262081],[35.4327392,38.5209628],[35.4480192,38.5134142],[35.4644933,38.5012131],[35.4430458,38.4950192],[35.4151869,38.4971086],[35.4089339,38.4953889],[35.4108589,38.4939414],[35.40042,38.4899808],[35.3978119,38.4858147],[35.3913789,38.4858731],[35.3867583,38.5023722],[35.3708478,38.5078931],[35.3679828,38.5033994],[35.3643528,38.5017308],[35.3131014,38.4986472],[35.3057928,38.4962511],[35.3060586,38.4900506],[35.3032564,38.4838186],[35.2927983,38.4774872],[35.2918819,38.4734214],[35.281375,38.4759425],[35.2762475,38.4744031],[35.2708556,38.4655728],[35.2456722,38.4523739],[35.2324256,38.4471589],[35.2299842,38.4367728],[35.2246686,38.4336653],[35.2336039,38.4244453],[35.2372731,38.4241347],[35.2501219,38.4099742],[35.2544519,38.4014467],[35.2624044,38.3953406],[35.2827594,38.3934722],[35.2796478,38.3840786],[35.2793725,38.3533128],[35.2760506,38.3331628],[35.2754667,38.2925975],[35.2578608,38.2907889],[35.2518517,38.2883933],[35.2431797,38.2903558],[35.2393597,38.2742728],[35.2396664,38.2668619],[35.2109567,38.2608239],[35.2182042,38.2578628],[35.2348322,38.2449025],[35.2547153,38.2444258],[35.2716564,38.2588322],[35.2909269,38.2551933],[35.2931892,38.2529611],[35.2926597,38.250845],[35.2989567,38.2501428],[35.3108039,38.2406097],[35.3160575,38.2439158],[35.3196039,38.2446631],[35.3212178,38.2427264],[35.3254383,38.24349],[35.3445867,38.2486464],[35.3439444,38.2495153],[35.3471867,38.2508292],[35.3485844,38.2499828],[35.3804114,38.2583419],[35.3801725,38.2564242],[35.392195,38.2555661],[35.3931794,38.2564686],[35.3949533,38.2414931],[35.3995769,38.2273836],[35.3988631,38.2121542],[35.4145586,38.2096483],[35.4525786,38.1928067],[35.4590208,38.1881122],[35.4622903,38.1887417],[35.4746953,38.1812092],[35.4836217,38.1784669],[35.4851719,38.1921639],[35.4932981,38.2029589],[35.4957906,38.2022164],[35.5035603,38.2038217],[35.5095311,38.2001625],[35.5117208,38.2166464],[35.5089269,38.2210339],[35.5146781,38.2250014],[35.5152189,38.2226147],[35.5269953,38.2140361],[35.5418864,38.2092881],[35.5565247,38.2097844],[35.5574733,38.1979447],[35.5609061,38.1978656],[35.5585428,38.1972025],[35.5658836,38.1960158],[35.5656708,38.1942297],[35.5746908,38.1888578],[35.5834058,38.1874867],[35.5853744,38.1853881],[35.5925108,38.1848269],[35.5884208,38.1787286],[35.5841547,38.1759953],[35.5845217,38.1704725],[35.5820003,38.1669664],[35.5827675,38.1633206],[35.57417,38.1608931],[35.5778597,38.1577692],[35.5728031,38.1515453],[35.5721169,38.1458919],[35.5676433,38.1424306],[35.5727744,38.1391892],[35.5760408,38.1326072],[35.5712078,38.1273147],[35.5602086,38.1240386],[35.5520497,38.1132378],[35.5539917,38.1031608],[35.5516797,38.0937008],[35.5608911,38.0825258],[35.5630836,38.076705],[35.5646594,38.0766875],[35.5675725,38.0680603],[35.5865778,38.0646411],[35.5917814,38.0673844],[35.5961586,38.0665989],[35.5996728,38.0574419],[35.5994444,38.0516558],[35.6046758,38.0488964],[35.6157978,38.0468481],[35.6244064,38.0434219],[35.6334364,38.0315422],[35.6458772,38.0267767],[35.6476169,38.0215936],[35.6508233,38.0220694],[35.6634342,38.014685],[35.67487,38.0150181],[35.6929583,37.9958161]]]}},{"type":"Feature","properties":{"code":"38-04","provinceCode":"38","name":"Felahiye"},"geometry":{"type":"Polygon","coordinates":[[[35.5027539,39.19436],[35.5038958,39.1916594],[35.5055622,39.1914572],[35.5014322,39.1850553],[35.5026314,39.1837408],[35.4939078,39.1839742],[35.4922017,39.1811578],[35.4892772,39.1876592],[35.4871628,39.1867086],[35.4849008,39.1817569],[35.4790972,39.1839508],[35.4762817,39.1826461],[35.4766483,39.1813217],[35.4747108,39.1823797],[35.4729394,39.1779061],[35.467815,39.1767014],[35.4669036,39.1779986],[35.4670981,39.1749689],[35.4621967,39.1758911],[35.4656625,39.1724525],[35.4647592,39.1693225],[35.4623997,39.164645],[35.4567453,39.1595556],[35.4547856,39.1597017],[35.4559656,39.1570506],[35.4535139,39.1579014],[35.4516928,39.1537911],[35.4500936,39.153735],[35.450695,39.1505758],[35.4531894,39.150345],[35.451095,39.14941],[35.4518994,39.1472947],[35.4498025,39.1506372],[35.4477872,39.1496078],[35.4464594,39.1514081],[35.4410947,39.1528597],[35.4416114,39.1504475],[35.4402808,39.1507758],[35.4370931,39.1457417],[35.4352786,39.1457753],[35.4348339,39.1417481],[35.4327661,39.1398464],[35.4345189,39.1306628],[35.4317111,39.1257022],[35.4350397,39.1190792],[35.4348406,39.1102658],[35.4490442,39.1098183],[35.4505092,39.1075156],[35.4580828,39.1102747],[35.4621825,39.1093139],[35.4609439,39.1073394],[35.4572017,39.1065742],[35.4567681,39.1047625],[35.4599119,39.1039447],[35.4596989,39.1026564],[35.4527483,39.0939008],[35.4532922,39.0913714],[35.4508583,39.09272],[35.4491522,39.0909425],[35.4585297,39.089405],[35.4661956,39.09103],[35.4688656,39.0900689],[35.4684908,39.0869017],[35.4635847,39.0853556],[35.4634108,39.0836661],[35.4672817,39.0845686],[35.4684008,39.0826633],[35.4719131,39.0828103],[35.4705036,39.07969],[35.4730389,39.0777269],[35.4780581,39.0617539],[35.4732367,39.0588958],[35.4745589,39.0556272],[35.4709892,39.0528392],[35.4688989,39.0551058],[35.4659425,39.0538219],[35.4607206,39.0542553],[35.4603989,39.0569378],[35.4590919,39.05413],[35.4571653,39.0562431],[35.4580069,39.0543378],[35.4550239,39.0554867],[35.4531547,39.0538261],[35.4538822,39.0508753],[35.4511694,39.0491814],[35.4495167,39.0560461],[35.4471683,39.0582178],[35.4465997,39.0542544],[35.4431717,39.0531122],[35.4432356,39.0548767],[35.4382322,39.0563458],[35.4375233,39.0600792],[35.4349319,39.0583939],[35.4274894,39.0578625],[35.4255356,39.0614597],[35.4227944,39.0603631],[35.4233369,39.0580394],[35.4254472,39.05759],[35.4197625,39.0571069],[35.4188433,39.0594872],[35.4149875,39.0609669],[35.4138239,39.0594431],[35.4126769,39.0618078],[35.4121008,39.0584592],[35.4102231,39.0580981],[35.4091361,39.0555833],[35.4091408,39.0491022],[35.4075244,39.0514317],[35.4012364,39.0497872],[35.4006103,39.0508022],[35.3975372,39.0495847],[35.3989383,39.0471097],[35.3966192,39.0487478],[35.3911003,39.0456639],[35.3907183,39.0431911],[35.3899114,39.0444722],[35.3861967,39.0441042],[35.3853811,39.0394911],[35.3836314,39.0400586],[35.3773503,39.0363164],[35.3698261,39.0276994],[35.3690764,39.0246161],[35.3745769,39.0199831],[35.4064733,39.0121178],[35.4137214,39.0071494],[35.4181669,39.0003239],[35.4366069,38.9904017],[35.4383581,38.9894697],[35.4448911,38.9912836],[35.4460489,38.9894269],[35.4577514,38.9854842],[35.4609167,38.9877336],[35.4704969,38.9864111],[35.4773639,38.9884667],[35.4808433,38.9797447],[35.4874781,38.9795514],[35.4943061,38.9697269],[35.5000978,38.9703506],[35.5036922,38.9736519],[35.5072444,38.9807011],[35.5026153,38.9848503],[35.507895,38.9898236],[35.5144528,38.9893033],[35.5255592,39.0000975],[35.5359761,39.0018019],[35.5435606,38.9981128],[35.5506928,39.0029961],[35.5516019,39.0111767],[35.5548689,39.0173097],[35.5478872,39.0196169],[35.5475811,39.0216722],[35.5498272,39.0237014],[35.5594444,39.0262867],[35.5694094,39.023715],[35.5828347,39.0316589],[35.5889672,39.0281889],[35.5920419,39.0309347],[35.5972425,39.0304017],[35.6057461,39.0340414],[35.6193714,39.0324156],[35.6211119,39.0339939],[35.6193728,39.0398294],[35.6261133,39.04347],[35.6359306,39.0446936],[35.6436378,39.0513483],[35.6456769,39.0551419],[35.64499,39.0578872],[35.6488019,39.0599656],[35.6567975,39.0581119],[35.6722911,39.0641161],[35.6782426,39.0637371],[35.6724933,39.0766183],[35.6716706,39.0848092],[35.6683975,39.0900611],[35.6730647,39.0922528],[35.6676,39.0916169],[35.6664725,39.0969894],[35.6695156,39.0996239],[35.6650569,39.1000297],[35.6667967,39.1047461],[35.6647217,39.1050597],[35.6628506,39.1081219],[35.6649547,39.1098214],[35.6640514,39.1118819],[35.6666353,39.1156086],[35.6623103,39.1134603],[35.6613056,39.1147442],[35.6573517,39.113955],[35.6561458,39.1116053],[35.6367036,39.1122333],[35.6416822,39.1165469],[35.6376914,39.1179933],[35.6389847,39.1202589],[35.643765,39.1222833],[35.6422672,39.1262019],[35.6444336,39.1279144],[35.6422511,39.131485],[35.6486739,39.1358828],[35.6555575,39.1363742],[35.6633472,39.1343469],[35.6642272,39.1308692],[35.6669606,39.1334056],[35.6668511,39.1315494],[35.6716403,39.1303044],[35.6754406,39.1267017],[35.678535,39.1351089],[35.6773231,39.1395639],[35.6805692,39.1451047],[35.6828156,39.1455581],[35.6829286,39.1444539],[35.6879569,39.1478381],[35.695585,39.1500594],[35.6997422,39.1542772],[35.6992833,39.1556089],[35.7026189,39.1525178],[35.7040589,39.1547144],[35.7011392,39.1569394],[35.7030222,39.1594536],[35.7081161,39.1615997],[35.7101017,39.1610006],[35.7130414,39.1636606],[35.7152469,39.1626383],[35.7223269,39.1703369],[35.7261592,39.1698825],[35.7353731,39.1740697],[35.7328931,39.2004708],[35.7418067,39.2116906],[35.7493867,39.2176328],[35.7481883,39.2335775],[35.7409292,39.2304347],[35.7303628,39.2221242],[35.7143211,39.222665],[35.7089958,39.2201658],[35.6799717,39.2208583],[35.6727325,39.224705],[35.6707097,39.2239208],[35.6638294,39.2288028],[35.6563503,39.2230794],[35.6363414,39.2178231],[35.6376119,39.2158536],[35.6336953,39.209815],[35.6328522,39.2032881],[35.6275564,39.2020064],[35.6238856,39.1974297],[35.6209317,39.1938669],[35.6101167,39.1882869],[35.6020936,39.1931022],[35.5958653,39.1925839],[35.5934947,39.1891853],[35.5881769,39.1874817],[35.5754003,39.1906731],[35.5706989,39.1888725],[35.5669869,39.1901667],[35.5669858,39.1884903],[35.5618861,39.1899483],[35.5568083,39.1874369],[35.5558992,39.1901275],[35.5486894,39.1888286],[35.5436031,39.1916256],[35.5338672,39.1869],[35.5318242,39.1873228],[35.5302792,39.1840519],[35.5329831,39.1822186],[35.5315036,39.1815783],[35.5157386,39.1920522],[35.5165747,39.1928919],[35.5136158,39.1934567],[35.5136203,39.1954692],[35.5059728,39.1964367],[35.5027539,39.19436]]]}},{"type":"Feature","properties":{"code":"38-05","provinceCode":"38","name":"Hacılar"},"geometry":{"type":"Polygon","coordinates":[[[35.4488883,38.532075],[35.4629181,38.5381458],[35.4803269,38.5729114],[35.48046,38.6037872],[35.4773072,38.6052911],[35.4771722,38.6091094],[35.4779078,38.6109278],[35.4823858,38.6107167],[35.4832336,38.6146997],[35.4839106,38.6361961],[35.482165,38.6365117],[35.4820261,38.6400614],[35.4788419,38.6390372],[35.4785367,38.6409111],[35.4830747,38.6485328],[35.4803097,38.6504078],[35.4763689,38.6498581],[35.4782772,38.6606411],[35.4723908,38.6682111],[35.469375,38.6771269],[35.4639878,38.678645],[35.4631517,38.6770108],[35.4596192,38.6771278],[35.4574733,38.6746617],[35.4546397,38.6732736],[35.4525622,38.6739761],[35.4447856,38.6697061],[35.4427725,38.6652836],[35.4399225,38.6660269],[35.4354014,38.6629536],[35.4318808,38.6657581],[35.4319967,38.6710992],[35.4272464,38.6685333],[35.4247619,38.6683419],[35.425775,38.6705639],[35.4181819,38.6698431],[35.4158211,38.6663681],[35.40721,38.6629375],[35.4020003,38.6642933],[35.4027206,38.6671006],[35.3993233,38.6690681],[35.3957119,38.6852461],[35.3872044,38.6899722],[35.388115,38.6909447],[35.3836289,38.6958181],[35.3868464,38.7000128],[35.3839631,38.7054092],[35.3726831,38.7004219],[35.3694467,38.7058731],[35.3706194,38.7062142],[35.3625053,38.7134306],[35.3604183,38.7130239],[35.3574139,38.7184861],[35.3538122,38.7181272],[35.3533253,38.7201578],[35.3483561,38.7195656],[35.3478981,38.7223869],[35.3410622,38.721615],[35.3144069,38.7270781],[35.3070597,38.7110322],[35.3024478,38.7105667],[35.3008175,38.7081378],[35.3047528,38.6819769],[35.3098219,38.6780594],[35.3133372,38.6696828],[35.3288497,38.6523228],[35.3347522,38.6529472],[35.3436578,38.6485006],[35.3475453,38.6492233],[35.3535803,38.6471036],[35.3500481,38.6360631],[35.3534844,38.6316314],[35.3581886,38.6264006],[35.3709042,38.6189894],[35.3798147,38.6069961],[35.3949542,38.5975706],[35.4050453,38.5712261],[35.4038814,38.5633161],[35.4284294,38.5462819],[35.4488883,38.532075]]]}},{"type":"Feature","properties":{"code":"38-06","provinceCode":"38","name":"İncesu"},"geometry":{"type":"Polygon","coordinates":[[[35.1465364,38.4804456],[35.158625,38.4735356],[35.1702767,38.4561447],[35.1842881,38.4514297],[35.2092761,38.4479206],[35.2154939,38.4420228],[35.2289897,38.4419031],[35.2299842,38.4367728],[35.2324256,38.4471589],[35.2456722,38.4523739],[35.2708556,38.4655728],[35.2762475,38.4744031],[35.281375,38.4759425],[35.2918819,38.4734214],[35.2927983,38.4774872],[35.3032564,38.4838186],[35.3060586,38.4900506],[35.3057928,38.4962511],[35.3131014,38.4986472],[35.3643528,38.5017308],[35.3679828,38.5033994],[35.3708478,38.5078931],[35.3867583,38.5023722],[35.3913789,38.4858731],[35.3978119,38.4858147],[35.40042,38.4899808],[35.4108589,38.4939414],[35.4089339,38.4953889],[35.4151869,38.4971086],[35.4430458,38.4950192],[35.4644933,38.5012131],[35.4480192,38.5134142],[35.4327392,38.5209628],[35.4274083,38.5262081],[35.4251722,38.53383],[35.4250525,38.54518],[35.4284294,38.5462819],[35.4038814,38.5633161],[35.4050453,38.5712261],[35.3949542,38.5975706],[35.3798147,38.6069961],[35.3709042,38.6189894],[35.3581886,38.6264006],[35.3534844,38.6316314],[35.3500481,38.6360631],[35.3535803,38.6471036],[35.3475453,38.6492233],[35.3436578,38.6485006],[35.3347522,38.6529472],[35.3288497,38.6523228],[35.3133372,38.6696828],[35.3098219,38.6780594],[35.3047528,38.6819769],[35.3008175,38.7081378],[35.3024478,38.7105667],[35.3070597,38.7110322],[35.3144069,38.7270781],[35.3144636,38.7423389],[35.3120522,38.7512644],[35.3062961,38.7577669],[35.2982953,38.7571183],[35.288505,38.7534072],[35.2895253,38.7577225],[35.2852781,38.7580608],[35.2852983,38.7617614],[35.2897419,38.7625919],[35.2913486,38.7650144],[35.274955,38.7644258],[35.2754747,38.7731828],[35.2588269,38.7761794],[35.2575372,38.7773008],[35.2594886,38.7775733],[35.2560353,38.7786775],[35.2498564,38.7843736],[35.2508119,38.7880447],[35.2525736,38.7879636],[35.2525311,38.7913964],[35.2497064,38.7968692],[35.2474933,38.7970431],[35.2477494,38.7993525],[35.2405167,38.7995428],[35.2404553,38.8012261],[35.2367092,38.8013161],[35.2354483,38.7967503],[35.2260367,38.8057708],[35.2181967,38.8066675],[35.1973169,38.8024981],[35.1944583,38.8050867],[35.1917186,38.8050547],[35.1916894,38.8106906],[35.1883078,38.8116997],[35.1827261,38.8090022],[35.1762992,38.8103217],[35.1730719,38.8075497],[35.1721214,38.8094769],[35.1735803,38.8102633],[35.1721489,38.8112436],[35.1777386,38.8153686],[35.1745567,38.8166108],[35.1750328,38.8201192],[35.1789247,38.8188861],[35.1802744,38.8203556],[35.1821189,38.8161189],[35.1854556,38.8182461],[35.1890703,38.8175253],[35.1886011,38.8218483],[35.1859719,38.8226472],[35.1877664,38.8245772],[35.1875428,38.8291447],[35.1833947,38.8322953],[35.1798092,38.830275],[35.1788186,38.8311442],[35.1827969,38.8346186],[35.1780917,38.8363139],[35.1730669,38.83459],[35.1701281,38.8292347],[35.1652942,38.8283672],[35.1610683,38.8302239],[35.1542253,38.8270692],[35.1558289,38.8196097],[35.1533006,38.8133828],[35.1488203,38.8134322],[35.1426611,38.8085042],[35.1390933,38.8077633],[35.1354825,38.8021994],[35.1322828,38.8015286],[35.1266122,38.8031233],[35.1138511,38.8015189],[35.1116542,38.7964031],[35.0984322,38.7882153],[35.0893294,38.7875761],[35.0858783,38.7857475],[35.0798686,38.7900433],[35.07487,38.7857711],[35.0648375,38.7835275],[35.0570961,38.7839053],[35.0535031,38.781375],[35.0528558,38.776315],[35.0450017,38.7745444],[35.0617678,38.7646342],[35.0627708,38.7634083],[35.0614514,38.76298],[35.0647728,38.7614667],[35.0661314,38.7546333],[35.0789494,38.7470103],[35.0678817,38.7423161],[35.0713508,38.7400767],[35.0774161,38.7258897],[35.0842817,38.7228625],[35.094975,38.7128828],[35.0956867,38.7082758],[35.0993933,38.7025181],[35.0949125,38.6994864],[35.0893744,38.6995897],[35.0866136,38.6963572],[35.0826364,38.6838597],[35.0858,38.6824972],[35.0921903,38.6732728],[35.0904561,38.6724003],[35.0910933,38.6699986],[35.0875944,38.6671014],[35.0891411,38.6657392],[35.0867981,38.6647858],[35.0898325,38.6593992],[35.0891325,38.6572047],[35.0846425,38.656005],[35.0854233,38.6519192],[35.0819886,38.6499989],[35.0893225,38.6446119],[35.0737922,38.6469678],[35.0719158,38.6393772],[35.0765086,38.6378194],[35.089845,38.6218742],[35.0961347,38.6173806],[35.0982608,38.6118222],[35.0923097,38.5773033],[35.1045667,38.5725992],[35.1186914,38.5576719],[35.1221147,38.5576011],[35.1300781,38.5519183],[35.1292683,38.5502536],[35.1336636,38.5453897],[35.1362525,38.5446944],[35.1423142,38.5325597],[35.1367467,38.5270286],[35.1363078,38.5198989],[35.1422175,38.5104608],[35.1556467,38.5031033],[35.1664006,38.5026111],[35.1465364,38.4804456]]]}},{"type":"Feature","properties":{"code":"38-07","provinceCode":"38","name":"Kocasinan"},"geometry":{"type":"Polygon","coordinates":[[[35.0440617,39.03369],[35.0431303,39.0276986],[35.0483714,39.0016064],[35.0469311,39.0007969],[35.0494814,38.9940281],[35.0458414,38.9947131],[35.0472711,38.9915919],[35.0447386,38.9892636],[35.0471942,38.9897342],[35.0480081,38.9869217],[35.0445708,38.9866061],[35.0464611,38.9839625],[35.0477181,38.9845811],[35.0495067,38.9784961],[35.0454847,38.9785436],[35.0452881,38.971125],[35.0422644,38.9719306],[35.0448142,38.9661744],[35.0438222,38.9638344],[35.0469964,38.9641811],[35.0496983,38.9541836],[35.0447992,38.9533367],[35.0381261,38.9552786],[35.0327194,38.9547408],[35.0324856,38.9499858],[35.0349244,38.9502825],[35.0345622,38.9395106],[35.0277358,38.9333639],[35.0252875,38.9264008],[35.0270103,38.9244056],[35.0176869,38.9174161],[35.0134281,38.9166011],[35.0067761,38.9110036],[35.0016214,38.9102281],[35.0048222,38.9083],[35.0041117,38.9066128],[35.0074486,38.9058275],[35.0060525,38.9054414],[35.0082081,38.9037983],[35.0067344,38.9015053],[35.0100869,38.8969908],[35.0086408,38.8896847],[35.0153039,38.8789844],[35.0157275,38.8722736],[35.0193256,38.8648789],[35.0110689,38.8646878],[35.0116342,38.8624328],[35.0019706,38.8614144],[35.0014822,38.8597825],[34.9880017,38.8593514],[34.9827697,38.8577847],[34.9785181,38.8507172],[34.9606631,38.8443289],[34.9596656,38.8394339],[34.9625139,38.8341694],[34.9649089,38.8243458],[34.9639303,38.8211997],[34.9659775,38.8184369],[34.9644422,38.8142989],[34.9656472,38.8043619],[34.9703464,38.7996169],[34.9769783,38.7883686],[34.9840536,38.7901339],[34.9885053,38.7929331],[34.9936708,38.7916075],[34.9961042,38.7924753],[35.0070933,38.7848928],[35.0161006,38.7730181],[35.0227811,38.7743622],[35.0273478,38.772825],[35.0331028,38.7776728],[35.0450017,38.7745444],[35.0528558,38.776315],[35.0535031,38.781375],[35.0570961,38.7839053],[35.0648375,38.7835275],[35.07487,38.7857711],[35.0798686,38.7900433],[35.0858783,38.7857475],[35.0893294,38.7875761],[35.0984322,38.7882153],[35.1116542,38.7964031],[35.1138511,38.8015189],[35.1266122,38.8031233],[35.1322828,38.8015286],[35.1354825,38.8021994],[35.1390933,38.8077633],[35.1426611,38.8085042],[35.1488203,38.8134322],[35.1533006,38.8133828],[35.1558289,38.8196097],[35.1542253,38.8270692],[35.1610683,38.8302239],[35.1652942,38.8283672],[35.1701281,38.8292347],[35.1730669,38.83459],[35.1780917,38.8363139],[35.1827969,38.8346186],[35.1788186,38.8311442],[35.1798092,38.830275],[35.1833947,38.8322953],[35.1875428,38.8291447],[35.1877664,38.8245772],[35.1859719,38.8226472],[35.1886011,38.8218483],[35.1890703,38.8175253],[35.1854556,38.8182461],[35.1821189,38.8161189],[35.1802744,38.8203556],[35.1789247,38.8188861],[35.1750328,38.8201192],[35.1745567,38.8166108],[35.1777386,38.8153686],[35.1721489,38.8112436],[35.1735803,38.8102633],[35.1721214,38.8094769],[35.1730719,38.8075497],[35.1762992,38.8103217],[35.1827261,38.8090022],[35.1883078,38.8116997],[35.1916894,38.8106906],[35.1917186,38.8050547],[35.1944583,38.8050867],[35.1973169,38.8024981],[35.2181967,38.8066675],[35.2260367,38.8057708],[35.2354483,38.7967503],[35.2367092,38.8013161],[35.2404553,38.8012261],[35.2405167,38.7995428],[35.2477494,38.7993525],[35.2474933,38.7970431],[35.2497064,38.7968692],[35.2525311,38.7913964],[35.2525736,38.7879636],[35.2508119,38.7880447],[35.2498564,38.7843736],[35.2560353,38.7786775],[35.2594886,38.7775733],[35.2575372,38.7773008],[35.2588269,38.7761794],[35.2754747,38.7731828],[35.274955,38.7644258],[35.2913486,38.7650144],[35.2897419,38.7625919],[35.2852983,38.7617614],[35.2852781,38.7580608],[35.2895253,38.7577225],[35.288505,38.7534072],[35.2982953,38.7571183],[35.3062961,38.7577669],[35.3120522,38.7512644],[35.3471322,38.7650356],[35.3618292,38.7667006],[35.3662258,38.7656386],[35.3666847,38.7618192],[35.3709981,38.7580344],[35.3729789,38.7596344],[35.3823931,38.7605961],[35.3916725,38.7566564],[35.3902903,38.7516997],[35.4091503,38.7458331],[35.4536964,38.7270036],[35.4819419,38.7205294],[35.5317381,38.7341881],[35.5535781,38.7527847],[35.5568103,38.7518322],[35.5589908,38.7534244],[35.5601958,38.7522911],[35.5620225,38.7540033],[35.5658778,38.7543353],[35.5654047,38.7556939],[35.5689408,38.7553931],[35.5703139,38.7566383],[35.5734283,38.7650722],[35.5750231,38.7650525],[35.5779225,38.7698303],[35.5766939,38.7737556],[35.5802828,38.7754452],[35.578758,38.7777794],[35.5879178,38.7806781],[35.5993,38.7808272],[35.5935725,38.7869694],[35.5869456,38.7874192],[35.5902636,38.7914339],[35.5882364,38.7927217],[35.5894492,38.7941847],[35.5845003,38.7996406],[35.5844564,38.8018214],[35.5815494,38.8023878],[35.5804422,38.8047636],[35.5944853,38.8399781],[35.6053764,38.8478511],[35.6113289,38.8497717],[35.6100261,38.8474011],[35.6133603,38.8479772],[35.6127219,38.8448319],[35.6153919,38.8414156],[35.6173708,38.8412611],[35.6169897,38.8398764],[35.6202933,38.8389289],[35.62351,38.8341292],[35.6271469,38.8357019],[35.6323442,38.8347633],[35.6366275,38.8367292],[35.6423931,38.8401992],[35.6417192,38.8428303],[35.6478644,38.8482081],[35.6497922,38.8451597],[35.6550975,38.8454489],[35.6541911,38.8407206],[35.6592961,38.8390264],[35.6660225,38.83897],[35.6854889,38.8447344],[35.6916142,38.8452289],[35.6950942,38.8475564],[35.6991167,38.8536425],[35.7121008,38.8617172],[35.7223403,38.8626658],[35.7247342,38.8646842],[35.725505,38.8739861],[35.7269119,38.8742747],[35.7221744,38.8802547],[35.7233103,38.8817131],[35.7174147,38.8817578],[35.7130211,38.8848331],[35.7134072,38.8859856],[35.7102397,38.8866103],[35.712475,38.8899508],[35.7109264,38.8981781],[35.7145928,38.8997981],[35.7143439,38.9025931],[35.7198333,38.9044472],[35.7236036,38.9130744],[35.7276131,38.9127842],[35.7265386,38.9111122],[35.7302722,38.9139],[35.7323272,38.9118008],[35.7397608,38.9190922],[35.7446269,38.9164272],[35.7445103,38.9177731],[35.7475531,38.9187919],[35.7427056,38.9231753],[35.7425958,38.9330244],[35.7397828,38.9338369],[35.739465,38.9329061],[35.7359583,38.9357439],[35.7338228,38.9350869],[35.7331144,38.9366314],[35.731185,38.9363167],[35.7307378,38.9384078],[35.7285203,38.9385733],[35.7269572,38.9365731],[35.7250347,38.9379139],[35.7196489,38.9378172],[35.7184844,38.9340097],[35.7152725,38.9328983],[35.7103706,38.9368736],[35.7107131,38.9408994],[35.7031014,38.9429731],[35.7019119,38.9484072],[35.6987789,38.9494206],[35.6867469,38.9474464],[35.6810775,38.9479017],[35.6788153,38.9519206],[35.6755075,38.9490078],[35.6721856,38.9491786],[35.6718692,38.9510803],[35.6654744,38.9529244],[35.6697258,38.9597253],[35.6742983,38.9626039],[35.6728381,38.9660294],[35.6774492,38.9717381],[35.6834125,38.9706272],[35.6853656,38.9722361],[35.6811197,38.9756875],[35.6823914,38.9752706],[35.6862672,38.9806781],[35.6895831,38.9822189],[35.6910811,38.9858275],[35.6867328,38.9943267],[35.6875169,38.9979228],[35.6919153,39.0013603],[35.6972361,39.0229428],[35.7059236,39.0266811],[35.7044594,39.0299764],[35.7079231,39.03165],[35.7122383,39.0376408],[35.7125508,39.0426456],[35.7180928,39.0458214],[35.7187856,39.0497564],[35.7024919,39.0531342],[35.6860928,39.06609],[35.6782426,39.0637371],[35.6722911,39.0641161],[35.6567975,39.0581119],[35.6488019,39.0599656],[35.64499,39.0578872],[35.6456769,39.0551419],[35.6436378,39.0513483],[35.6359306,39.0446936],[35.6261133,39.04347],[35.6193728,39.0398294],[35.6211119,39.0339939],[35.6193714,39.0324156],[35.6057461,39.0340414],[35.5972425,39.0304017],[35.5920419,39.0309347],[35.5889672,39.0281889],[35.5828347,39.0316589],[35.5694094,39.023715],[35.5594444,39.0262867],[35.5498272,39.0237014],[35.5475811,39.0216722],[35.5478872,39.0196169],[35.5548689,39.0173097],[35.5516019,39.0111767],[35.5506928,39.0029961],[35.5435606,38.9981128],[35.5359761,39.0018019],[35.5255592,39.0000975],[35.5144528,38.9893033],[35.507895,38.9898236],[35.5026153,38.9848503],[35.5072444,38.9807011],[35.5036922,38.9736519],[35.5000978,38.9703506],[35.4943061,38.9697269],[35.4874781,38.9795514],[35.4808433,38.9797447],[35.4773639,38.9884667],[35.4704969,38.9864111],[35.4609167,38.9877336],[35.4577514,38.9854842],[35.4460489,38.9894269],[35.4448911,38.9912836],[35.4383581,38.9894697],[35.4366069,38.9904017],[35.4246972,38.9892678],[35.4107164,38.9917272],[35.4037364,38.9950483],[35.40162,38.9942553],[35.3992558,38.9884044],[35.3925014,38.9860247],[35.3751456,38.9901169],[35.3700219,38.9941592],[35.3690475,39.0064978],[35.3535856,39.0157469],[35.3407475,39.0083186],[35.3252756,39.0055636],[35.3101969,38.9988086],[35.3061239,38.9993358],[35.2960206,38.996425],[35.2927156,38.9913936],[35.2831711,38.9871947],[35.2788089,38.9899081],[35.27647,38.9956586],[35.2712303,38.9966442],[35.2703547,38.9988617],[35.2689039,38.9955908],[35.2662361,38.9947956],[35.2636064,38.9975861],[35.2572161,38.9968014],[35.2525656,39.0002111],[35.2506544,38.9988336],[35.2496775,39.0004683],[35.2472683,38.9999525],[35.2449828,39.0039086],[35.2434378,39.0006547],[35.2404139,39.0003078],[35.2412014,38.9990475],[35.2384658,38.9960561],[35.2338661,38.9963356],[35.2332058,38.9924128],[35.2318692,38.9922894],[35.2317642,38.9956258],[35.2294672,38.9958431],[35.2289906,38.9977847],[35.2264022,38.9970458],[35.2251778,38.9933436],[35.2197817,38.9938781],[35.2235861,38.9946736],[35.2211678,38.9972233],[35.2216642,38.9990275],[35.2253972,38.9989533],[35.2254711,39.0021336],[35.2207197,39.0035847],[35.2217864,39.0053561],[35.2194922,39.0055678],[35.2178631,39.0037603],[35.2152417,39.0057197],[35.2073692,39.0040672],[35.2093403,39.0072564],[35.20707,39.0083425],[35.2064069,39.0120094],[35.205755,39.0102644],[35.2005183,39.0106356],[35.1991369,39.0088292],[35.1988803,39.0103569],[35.1951833,39.0100192],[35.1958575,39.0153881],[35.1929422,39.0153686],[35.1925522,39.0137972],[35.1880811,39.0163725],[35.1881969,39.0139361],[35.1847522,39.0130033],[35.1850953,39.0165881],[35.1814478,39.0153278],[35.1824567,39.0190469],[35.1795242,39.0183253],[35.1792658,39.0192964],[35.1772269,39.0172617],[35.1766256,39.0198483],[35.1726736,39.0177161],[35.1719056,39.0209581],[35.1689219,39.0221317],[35.1643086,39.0169714],[35.1657106,39.0140144],[35.1631756,39.0132428],[35.1644639,39.0117656],[35.1629242,39.0110997],[35.1606472,39.0126686],[35.1591333,39.0111256],[35.1596914,39.0142383],[35.1575358,39.0159247],[35.1553383,39.0156589],[35.1526442,39.0147614],[35.1532017,39.0133772],[35.1569592,39.0133783],[35.1534067,39.0121069],[35.1543142,39.0100242],[35.1520036,39.0114242],[35.1485197,39.0097439],[35.1461933,39.0152147],[35.1440294,39.0151878],[35.1419086,39.0174167],[35.1381472,39.0161797],[35.1407697,39.0160647],[35.1401867,39.0142644],[35.1369069,39.0136283],[35.1340536,39.018505],[35.1232786,39.0188703],[35.1195381,39.0256847],[35.1117647,39.0272031],[35.1105094,39.0303425],[35.1060458,39.0306656],[35.1028064,39.0285769],[35.1021803,39.0315086],[35.0995528,39.0303858],[35.0997925,39.0326686],[35.0974092,39.0296022],[35.0915142,39.0290789],[35.0902131,39.0322433],[35.091865,39.0326625],[35.0894189,39.0340872],[35.0909908,39.0357903],[35.0858942,39.0353692],[35.083715,39.0380217],[35.0852864,39.0392681],[35.0827539,39.0381917],[35.0830042,39.0400083],[35.080375,39.0409594],[35.084095,39.0425789],[35.0812133,39.0438253],[35.0778558,39.0408544],[35.0752311,39.0438444],[35.0741803,39.0430636],[35.072055,39.0457717],[35.0701939,39.0456619],[35.0721667,39.0475736],[35.0684775,39.0504886],[35.0657372,39.0476014],[35.0692356,39.0422947],[35.0639392,39.0409558],[35.064945,39.0390347],[35.0597783,39.0380992],[35.0563386,39.0358072],[35.0536956,39.0364231],[35.0552011,39.0348647],[35.0510044,39.0327336],[35.0440617,39.03369]]]}},{"type":"Feature","properties":{"code":"38-08","provinceCode":"38","name":"Melikgazi"},"geometry":{"type":"Polygon","coordinates":[[[35.54434,38.5281231],[35.5402247,38.5361061],[35.5533767,38.5366956],[35.5529969,38.5400397],[35.5572144,38.5486856],[35.5644161,38.5494828],[35.5687042,38.5547308],[35.5697386,38.5602256],[35.5733231,38.5600722],[35.5729414,38.565285],[35.5783336,38.5669219],[35.5799492,38.5700661],[35.5853408,38.5737975],[35.5858697,38.5777425],[35.5834719,38.5803742],[35.5862928,38.5853208],[35.5812297,38.5883644],[35.5874233,38.5915128],[35.5729386,38.6077142],[35.5579636,38.6170675],[35.5561203,38.6209447],[35.5576325,38.6254703],[35.5533478,38.6263253],[35.5517178,38.6245703],[35.5481303,38.6261711],[35.5428153,38.6233619],[35.5391786,38.6276447],[35.5404247,38.6318061],[35.5389092,38.6356092],[35.5410147,38.6377628],[35.5400386,38.6473033],[35.5387858,38.6523092],[35.5310147,38.6647956],[35.531735,38.6709808],[35.5367383,38.6818344],[35.5418731,38.6882061],[35.5317694,38.7120333],[35.5396822,38.7134119],[35.5485069,38.7200678],[35.5641869,38.7187186],[35.5715092,38.7113806],[35.5770389,38.7021742],[35.5800947,38.7042219],[35.5829289,38.7037908],[35.5867369,38.6969853],[35.5885119,38.6983708],[35.5917922,38.6927731],[35.5991217,38.6863931],[35.6010667,38.6819589],[35.6066497,38.6773278],[35.6094406,38.6708522],[35.6142206,38.6725486],[35.6192114,38.6772542],[35.6222231,38.6776569],[35.6225719,38.6823619],[35.6262744,38.6827836],[35.627195,38.6845369],[35.6352761,38.6875233],[35.6435581,38.6855075],[35.6430975,38.684075],[35.6461278,38.6850331],[35.65018,38.6821561],[35.6540381,38.6873297],[35.6555314,38.6860611],[35.6588744,38.6863083],[35.6591717,38.6837672],[35.6654436,38.6848808],[35.6631833,38.6855039],[35.6632753,38.6883261],[35.6590675,38.6927125],[35.6618586,38.6961247],[35.6597792,38.6995694],[35.6574692,38.7003169],[35.6551072,38.7063642],[35.658265,38.7087133],[35.6562586,38.7148864],[35.6693006,38.7203761],[35.6696936,38.7177192],[35.6751644,38.7196253],[35.6811661,38.7100928],[35.6826725,38.7107844],[35.6846308,38.7079839],[35.6863394,38.7083853],[35.6872431,38.7047056],[35.6924136,38.7035797],[35.6999931,38.6945958],[35.7040267,38.6925672],[35.7038364,38.6902431],[35.7066658,38.6908019],[35.7104417,38.6866067],[35.7230586,38.6853414],[35.7330764,38.6861475],[35.7340128,38.6893144],[35.7361817,38.6856619],[35.7389361,38.6854117],[35.7388436,38.6906467],[35.7437053,38.6929692],[35.7445261,38.69562],[35.7455003,38.7050653],[35.7437758,38.7136878],[35.7482906,38.7155589],[35.7473175,38.7176461],[35.7594739,38.7144822],[35.7729794,38.7157275],[35.7821586,38.7247964],[35.7888831,38.7356011],[35.7952497,38.7407633],[35.8025006,38.7580214],[35.8074658,38.7606581],[35.8154186,38.755895],[35.8223947,38.7599553],[35.8241758,38.7661136],[35.8197658,38.7669033],[35.807565,38.7732672],[35.8101544,38.7775394],[35.8102919,38.7816586],[35.8009144,38.7864233],[35.8034261,38.7893244],[35.8035594,38.7926242],[35.8084381,38.7975672],[35.8023939,38.79945],[35.7998044,38.8025228],[35.8010767,38.8144189],[35.8051308,38.8165589],[35.8006222,38.8195247],[35.8001867,38.8281097],[35.7866833,38.832395],[35.7794794,38.8417375],[35.7777792,38.8415561],[35.7797819,38.8453692],[35.7782361,38.8457172],[35.7857044,38.8485408],[35.7815247,38.8485747],[35.7823914,38.8521064],[35.7793239,38.8515206],[35.7761686,38.8530044],[35.7763697,38.8542222],[35.7796719,38.8529886],[35.7823428,38.8586392],[35.7847817,38.8597233],[35.7838667,38.8627814],[35.7868603,38.8635175],[35.7826547,38.8718528],[35.7769858,38.8772953],[35.78017,38.8854811],[35.7784483,38.8911289],[35.7865075,38.90384],[35.7866461,38.9098186],[35.7853072,38.9105981],[35.7867839,38.9132486],[35.7846469,38.9166692],[35.7786161,38.9151583],[35.7748561,38.9217892],[35.7660492,38.9226689],[35.7613208,38.9253794],[35.7563997,38.9230508],[35.7526914,38.9249436],[35.7475531,38.9187919],[35.7445103,38.9177731],[35.7446269,38.9164272],[35.7397608,38.9190922],[35.7323272,38.9118008],[35.7302722,38.9139],[35.7265386,38.9111122],[35.7276131,38.9127842],[35.7236036,38.9130744],[35.7198333,38.9044472],[35.7143439,38.9025931],[35.7145928,38.8997981],[35.7109264,38.8981781],[35.712475,38.8899508],[35.7102397,38.8866103],[35.7134072,38.8859856],[35.7130211,38.8848331],[35.7174147,38.8817578],[35.7233103,38.8817131],[35.7221744,38.8802547],[35.7269119,38.8742747],[35.725505,38.8739861],[35.7247342,38.8646842],[35.7223403,38.8626658],[35.7121008,38.8617172],[35.6991167,38.8536425],[35.6950942,38.8475564],[35.6916142,38.8452289],[35.6854889,38.8447344],[35.6660225,38.83897],[35.6592961,38.8390264],[35.6541911,38.8407206],[35.6550975,38.8454489],[35.6497922,38.8451597],[35.6478644,38.8482081],[35.6417192,38.8428303],[35.6423931,38.8401992],[35.6366275,38.8367292],[35.6323442,38.8347633],[35.6271469,38.8357019],[35.62351,38.8341292],[35.6202933,38.8389289],[35.6169897,38.8398764],[35.6173708,38.8412611],[35.6153919,38.8414156],[35.6127219,38.8448319],[35.6133603,38.8479772],[35.6100261,38.8474011],[35.6113289,38.8497717],[35.6053764,38.8478511],[35.5944853,38.8399781],[35.5804422,38.8047636],[35.5815494,38.8023878],[35.5844564,38.8018214],[35.5845003,38.7996406],[35.5894492,38.7941847],[35.5882364,38.7927217],[35.5902636,38.7914339],[35.5869456,38.7874192],[35.5935725,38.7869694],[35.5993,38.7808272],[35.5879178,38.7806781],[35.578758,38.7777794],[35.5802828,38.7754452],[35.5766939,38.7737556],[35.5779225,38.7698303],[35.5750231,38.7650525],[35.5734283,38.7650722],[35.5703139,38.7566383],[35.5689408,38.7553931],[35.5654047,38.7556939],[35.5658778,38.7543353],[35.5620225,38.7540033],[35.5601958,38.7522911],[35.5589908,38.7534244],[35.5568103,38.7518322],[35.5535781,38.7527847],[35.5317381,38.7341881],[35.4819419,38.7205294],[35.4536964,38.7270036],[35.4091503,38.7458331],[35.3902903,38.7516997],[35.3916725,38.7566564],[35.3823931,38.7605961],[35.3729789,38.7596344],[35.3709981,38.7580344],[35.3666847,38.7618192],[35.3662258,38.7656386],[35.3618292,38.7667006],[35.3471322,38.7650356],[35.3120522,38.7512644],[35.3144636,38.7423389],[35.3144069,38.7270781],[35.3410622,38.721615],[35.3478981,38.7223869],[35.3483561,38.7195656],[35.3533253,38.7201578],[35.3538122,38.7181272],[35.3574139,38.7184861],[35.3604183,38.7130239],[35.3625053,38.7134306],[35.3706194,38.7062142],[35.3694467,38.7058731],[35.3726831,38.7004219],[35.3839631,38.7054092],[35.3868464,38.7000128],[35.3836289,38.6958181],[35.388115,38.6909447],[35.3872044,38.6899722],[35.3957119,38.6852461],[35.3993233,38.6690681],[35.4027206,38.6671006],[35.4020003,38.6642933],[35.40721,38.6629375],[35.4158211,38.6663681],[35.4181819,38.6698431],[35.425775,38.6705639],[35.4247619,38.6683419],[35.4272464,38.6685333],[35.4319967,38.6710992],[35.4318808,38.6657581],[35.4354014,38.6629536],[35.4399225,38.6660269],[35.4427725,38.6652836],[35.4447856,38.6697061],[35.4525622,38.6739761],[35.4546397,38.6732736],[35.4574733,38.6746617],[35.4596192,38.6771278],[35.4631517,38.6770108],[35.4639878,38.678645],[35.469375,38.6771269],[35.4723908,38.6682111],[35.4782772,38.6606411],[35.4763689,38.6498581],[35.4803097,38.6504078],[35.4830747,38.6485328],[35.4785367,38.6409111],[35.4788419,38.6390372],[35.4820261,38.6400614],[35.482165,38.6365117],[35.4839106,38.6361961],[35.4832336,38.6146997],[35.4823858,38.6107167],[35.4779078,38.6109278],[35.4771722,38.6091094],[35.4773072,38.6052911],[35.48046,38.6037872],[35.4803269,38.5729114],[35.4629181,38.5381458],[35.4488883,38.532075],[35.4449583,38.5309747],[35.4914861,38.5326306],[35.4840222,38.5299411],[35.4810658,38.5254483],[35.4813186,38.5239586],[35.4880064,38.5228983],[35.4910089,38.5287867],[35.5021558,38.5300169],[35.5048358,38.5348006],[35.5098781,38.5348033],[35.5202775,38.5430517],[35.5195061,38.5395569],[35.5223214,38.5344667],[35.5221333,38.5306667],[35.5266728,38.5294378],[35.5261192,38.5266117],[35.5292217,38.5249772],[35.5394875,38.5238936],[35.54434,38.5281231]]]}},{"type":"Feature","properties":{"code":"38-09","provinceCode":"38","name":"Özvatan"},"geometry":{"type":"Polygon","coordinates":[[[35.6919153,39.0013603],[35.7004728,39.0062222],[35.7067147,39.0051911],[35.7081503,39.0012542],[35.7106872,38.9988264],[35.7114622,39.0002989],[35.7169372,38.9919906],[35.7214311,38.9921253],[35.7216142,38.9949925],[35.7250458,38.9971694],[35.7259158,38.9961667],[35.7287197,38.9996578],[35.7283575,39.0054025],[35.7347267,39.0048431],[35.7354297,39.0074664],[35.7380969,39.0090417],[35.7379322,39.0122922],[35.7394294,39.0123736],[35.7372492,39.0157203],[35.7471869,39.0185617],[35.7564292,39.0242408],[35.7631508,39.0251397],[35.7665789,39.0373697],[35.7789917,39.0512731],[35.7782436,39.0544442],[35.7860006,39.0605353],[35.7910853,39.0613861],[35.7940675,39.0639439],[35.7994722,39.0699861],[35.8013997,39.0758528],[35.8146886,39.0880367],[35.8165686,39.0932839],[35.8242758,39.0945342],[35.8285342,39.0990286],[35.8373175,39.0990942],[35.8408708,39.1039589],[35.8541261,39.1063442],[35.8614047,39.1120297],[35.8703022,39.1156064],[35.8676722,39.1201428],[35.8659308,39.1180989],[35.8647719,39.1194089],[35.8599286,39.1179031],[35.8586125,39.1226203],[35.8567244,39.1221331],[35.8530183,39.1275061],[35.849695,39.1245847],[35.8484903,39.1261506],[35.8439861,39.1264561],[35.8429061,39.1307017],[35.8360864,39.1351675],[35.8270639,39.1365175],[35.8203539,39.1410617],[35.8229947,39.14355],[35.8223319,39.1452733],[35.8132322,39.1468961],[35.8119283,39.1509608],[35.8139739,39.1525997],[35.8199775,39.1531172],[35.8223831,39.1598572],[35.8232561,39.15803],[35.8239769,39.1607069],[35.8275697,39.1606056],[35.8285039,39.1624361],[35.8268931,39.1638414],[35.8324622,39.1621211],[35.8348206,39.1596131],[35.8360053,39.1628594],[35.8389408,39.1615486],[35.8400272,39.1635406],[35.8389211,39.1667869],[35.8343072,39.1684133],[35.8311383,39.1757314],[35.8280158,39.1777675],[35.8298511,39.1798292],[35.8254314,39.1837922],[35.8263706,39.1893736],[35.8067231,39.1825769],[35.8067381,39.185],[35.8100631,39.1872428],[35.8165486,39.2006892],[35.8141908,39.2072578],[35.8107469,39.2095033],[35.8060736,39.2189511],[35.8021856,39.2222139],[35.7909839,39.2248969],[35.78622,39.22847],[35.7684069,39.2312533],[35.7622647,39.2297175],[35.7481883,39.2335775],[35.7493867,39.2176328],[35.7418067,39.2116906],[35.7328931,39.2004708],[35.7353731,39.1740697],[35.7261592,39.1698825],[35.7223269,39.1703369],[35.7152469,39.1626383],[35.7130414,39.1636606],[35.7101017,39.1610006],[35.7081161,39.1615997],[35.7030222,39.1594536],[35.7011392,39.1569394],[35.7040589,39.1547144],[35.7026189,39.1525178],[35.6992833,39.1556089],[35.6997422,39.1542772],[35.695585,39.1500594],[35.6879569,39.1478381],[35.6829286,39.1444539],[35.6828156,39.1455581],[35.6805692,39.1451047],[35.6773231,39.1395639],[35.678535,39.1351089],[35.6754406,39.1267017],[35.6716403,39.1303044],[35.6668511,39.1315494],[35.6669606,39.1334056],[35.6642272,39.1308692],[35.6633472,39.1343469],[35.6555575,39.1363742],[35.6486739,39.1358828],[35.6422511,39.131485],[35.6444336,39.1279144],[35.6422672,39.1262019],[35.643765,39.1222833],[35.6389847,39.1202589],[35.6376914,39.1179933],[35.6416822,39.1165469],[35.6367036,39.1122333],[35.6561458,39.1116053],[35.6573517,39.113955],[35.6613056,39.1147442],[35.6623103,39.1134603],[35.6666353,39.1156086],[35.6640514,39.1118819],[35.6649547,39.1098214],[35.6628506,39.1081219],[35.6647217,39.1050597],[35.6667967,39.1047461],[35.6650569,39.1000297],[35.6695156,39.0996239],[35.6664725,39.0969894],[35.6676,39.0916169],[35.6730647,39.0922528],[35.6683975,39.0900611],[35.6716706,39.0848092],[35.6724933,39.0766183],[35.6782426,39.0637371],[35.6860928,39.06609],[35.7024919,39.0531342],[35.7187856,39.0497564],[35.7180928,39.0458214],[35.7125508,39.0426456],[35.7122383,39.0376408],[35.7079231,39.03165],[35.7044594,39.0299764],[35.7059236,39.0266811],[35.6972361,39.0229428],[35.6919153,39.0013603]]]}},{"type":"Feature","properties":{"code":"38-10","provinceCode":"38","name":"Pınarbaşı"},"geometry":{"type":"Polygon","coordinates":[[[36.2031428,38.4552533],[36.2088161,38.4438689],[36.2327192,38.4293094],[36.2525544,38.4353031],[36.2741314,38.4461489],[36.2914961,38.4579944],[36.3195636,38.4508236],[36.3262408,38.4602381],[36.3273119,38.467725],[36.3309267,38.4732367],[36.3485025,38.4845808],[36.3645117,38.5047297],[36.363155,38.5149269],[36.3642558,38.5208422],[36.3717536,38.5196461],[36.3751736,38.5215019],[36.38428,38.5157719],[36.3981806,38.5165522],[36.4138511,38.5114339],[36.4237314,38.5319367],[36.4267128,38.5331336],[36.4321703,38.5394508],[36.4440936,38.5431972],[36.4475753,38.5517136],[36.4371667,38.5457703],[36.4319661,38.5519944],[36.4222611,38.557795],[36.4257697,38.565485],[36.4228714,38.5706928],[36.4246367,38.5729794],[36.4248058,38.5841553],[36.4304878,38.5926789],[36.4304639,38.5913275],[36.4342658,38.5905839],[36.4373878,38.5938447],[36.4378658,38.5975925],[36.4507128,38.5927436],[36.4662436,38.5818258],[36.4707944,38.5803539],[36.4758919,38.5927375],[36.4852922,38.6039111],[36.4908731,38.6061269],[36.4958303,38.6050572],[36.5023764,38.6108219],[36.5061253,38.6113444],[36.5082156,38.61697],[36.5084917,38.6113447],[36.5171361,38.6041456],[36.5244636,38.6011297],[36.5189203,38.5856153],[36.5127936,38.5784617],[36.5108128,38.5735225],[36.5330597,38.5799975],[36.5376481,38.5865739],[36.5567264,38.6009006],[36.5488136,38.6032017],[36.5456497,38.6084381],[36.5416442,38.6083544],[36.5359272,38.6028853],[36.5276242,38.6056542],[36.5294844,38.6111428],[36.5232694,38.6134269],[36.5280022,38.6188742],[36.5465097,38.6247131],[36.5573919,38.6262694],[36.5634275,38.6356133],[36.5697153,38.6375053],[36.5794517,38.6374706],[36.5980047,38.6404067],[36.6215994,38.653355],[36.6104097,38.6683397],[36.6513572,38.6760933],[36.6533675,38.6822542],[36.6701433,38.6874283],[36.6731828,38.6915433],[36.6768469,38.6934183],[36.6808897,38.6946158],[36.6921469,38.6917031],[36.7059953,38.6997783],[36.7167819,38.7091261],[36.7249433,38.7128533],[36.7327208,38.7142028],[36.7244458,38.7249219],[36.7316856,38.7316625],[36.7356681,38.7414167],[36.7576867,38.7517872],[36.8005733,38.7550544],[36.8136769,38.7619319],[36.8209111,38.7862778],[36.8139325,38.7874028],[36.7925825,38.775375],[36.7926428,38.7920811],[36.7876847,38.7977344],[36.7905489,38.7975181],[36.7924317,38.8002811],[36.8068008,38.8093128],[36.8150386,38.8234228],[36.8240764,38.8279664],[36.8214869,38.8323542],[36.8292986,38.836195],[36.8506994,38.8516542],[36.8604011,38.854075],[36.852805,38.8760344],[36.8549953,38.8779167],[36.8534703,38.8783619],[36.8515686,38.8894531],[36.8522697,38.8940822],[36.8494206,38.8978078],[36.8766486,38.914305],[36.8885325,38.9129681],[36.8987469,38.9147772],[36.9072233,38.9251283],[36.9072772,38.9310825],[36.91478,38.9422283],[36.9537656,38.9357944],[36.9587414,38.943315],[36.9570736,38.9511697],[36.9597697,38.9577492],[36.9506464,38.9593867],[36.9467869,38.9631097],[36.9390956,38.965695],[36.9442211,38.9687472],[36.9370975,38.9720697],[36.9383661,38.9735442],[36.9310783,38.9750447],[36.9250428,38.9786953],[36.9300158,38.992245],[36.9357464,38.9951553],[36.9315644,38.9971756],[36.93279,38.9986008],[36.9277725,39.0054467],[36.92427,39.0055275],[36.9212114,39.0133847],[36.9091922,39.0129828],[36.9045728,39.0246717],[36.90142,39.0279339],[36.8795864,39.0424728],[36.8748636,39.0521006],[36.8825736,39.0577536],[36.8792058,39.0597169],[36.8817211,39.0640692],[36.8741586,39.0660442],[36.8879706,39.0775914],[36.8752642,39.0851033],[36.8720203,39.0854419],[36.8716006,39.0841536],[36.8639347,39.0868372],[36.8661653,39.0878086],[36.8664119,39.0907928],[36.8467644,39.0988886],[36.8438619,39.1058633],[36.8418992,39.1056761],[36.8413144,39.1070586],[36.8416128,39.1117311],[36.84622,39.1170483],[36.8407969,39.1190061],[36.7965558,39.1123056],[36.7809908,39.1073439],[36.7705583,39.1023047],[36.7698539,39.1053589],[36.7719319,39.1066292],[36.7698692,39.1075683],[36.7702842,39.1158467],[36.7682286,39.118165],[36.7699528,39.118555],[36.7698189,39.1284844],[36.7679764,39.1353244],[36.7609953,39.1327269],[36.7616522,39.1314008],[36.7563156,39.1324697],[36.7495714,39.1390056],[36.747255,39.1384097],[36.7468036,39.1492997],[36.7448292,39.1486608],[36.7459614,39.1501983],[36.7416844,39.1618803],[36.7360606,39.1713314],[36.7247675,39.1714925],[36.7216569,39.1682092],[36.7129403,39.1680203],[36.7050667,39.1652122],[36.7033769,39.1621711],[36.7006083,39.1634075],[36.6977533,39.1706806],[36.6956333,39.1708825],[36.6942178,39.1684983],[36.6901133,39.1695586],[36.689775,39.1738089],[36.6876895,39.1751348],[36.6818517,39.1742758],[36.6795769,39.1707706],[36.6772183,39.1704342],[36.6709583,39.1721936],[36.6719031,39.1816731],[36.6620056,39.1784978],[36.6561275,39.1783478],[36.6568611,39.1760447],[36.6582078,39.1762547],[36.6571706,39.1736764],[36.6511175,39.1702122],[36.6526322,39.157545],[36.6519881,39.1547828],[36.6497828,39.1551731],[36.6527086,39.1512517],[36.6503778,39.1499247],[36.6458789,39.1515219],[36.6423875,39.1505897],[36.6424172,39.1521642],[36.6401206,39.1531106],[36.6357597,39.1526575],[36.6341089,39.1482425],[36.6379325,39.1410722],[36.6327964,39.1328878],[36.6292039,39.1336167],[36.6248119,39.1292661],[36.6226014,39.1290506],[36.6194828,39.1167836],[36.6006611,39.1084592],[36.6007542,39.1025775],[36.5991664,39.1010303],[36.5952108,39.101855],[36.5908597,39.1006508],[36.59031,39.0991828],[36.5881236,39.1025006],[36.5829256,39.1041603],[36.5786031,39.1081017],[36.5667958,39.1113678],[36.5655267,39.1154906],[36.5623514,39.1161889],[36.5599658,39.1119789],[36.5528219,39.1109181],[36.5514022,39.1071944],[36.5475886,39.1041575],[36.5420192,39.1029561],[36.5362989,39.1046103],[36.5258006,39.11205],[36.5180286,39.1127086],[36.5137161,39.1094569],[36.5083456,39.1088514],[36.5090597,39.1073847],[36.504615,39.1020964],[36.5017361,39.1025817],[36.5028264,39.0958922],[36.4991222,39.0952056],[36.4968642,39.0964564],[36.4953692,39.0875125],[36.4985194,39.0769958],[36.4862919,39.0742806],[36.4778131,39.0794883],[36.4671728,39.0889228],[36.4617178,39.0976833],[36.46144,39.103255],[36.4582103,39.1052378],[36.4597911,39.1099922],[36.4574967,39.1094122],[36.4581442,39.1112186],[36.4555539,39.1116694],[36.4560861,39.1136181],[36.4510044,39.1249869],[36.4485306,39.1276328],[36.4465431,39.1272022],[36.4465844,39.1301464],[36.4423203,39.1286694],[36.4325764,39.1298919],[36.4335147,39.1304917],[36.4195508,39.1373833],[36.4108347,39.1383889],[36.4119886,39.1363064],[36.4088853,39.129375],[36.4096547,39.1244814],[36.4059114,39.1250528],[36.40726,39.1243094],[36.4050214,39.1221472],[36.4042478,39.1233472],[36.4043425,39.1182122],[36.4009092,39.11887],[36.4004758,39.1152178],[36.4052833,39.1153511],[36.4086369,39.1115739],[36.4054836,39.1079569],[36.4062669,39.1063472],[36.4098606,39.1055761],[36.4129683,39.0955967],[36.4089553,39.0943389],[36.4108608,39.0928069],[36.4094436,39.0907517],[36.4052383,39.0899614],[36.4058844,39.0891836],[36.3997806,39.0893081],[36.3946764,39.0913631],[36.3939844,39.0901906],[36.382225,39.0907575],[36.3806806,39.0878478],[36.3787981,39.08946],[36.3753136,39.0885461],[36.3753928,39.0896953],[36.3724031,39.0901356],[36.3697264,39.0844022],[36.3673422,39.0875192],[36.3638981,39.0861003],[36.3652253,39.0842981],[36.3610919,39.0801533],[36.3584267,39.0733164],[36.3566042,39.0750433],[36.3542083,39.0703533],[36.3521603,39.0704989],[36.3489414,39.0658839],[36.3476131,39.0667386],[36.3472625,39.0646222],[36.3443917,39.0663753],[36.3423792,39.0652647],[36.3414597,39.0617681],[36.3346192,39.0535297],[36.3326675,39.05151],[36.328155,39.0503978],[36.3274267,39.0369606],[36.3084108,38.9990978],[36.3143783,38.986765],[36.3208325,38.9589669],[36.3210594,38.9425136],[36.3359433,38.9291083],[36.3482033,38.9257714],[36.3541983,38.9210636],[36.3584844,38.9199722],[36.3534392,38.8935022],[36.35569,38.8771689],[36.3436394,38.8897892],[36.3302433,38.9173275],[36.3208872,38.9073111],[36.3060783,38.8977386],[36.2731528,38.9012261],[36.2700675,38.9027964],[36.2770425,38.884415],[36.2579375,38.8778947],[36.2116897,38.8678803],[36.1898831,38.9027189],[36.1799258,38.9057111],[36.1712958,38.8992356],[36.1678097,38.8748708],[36.1579556,38.8668128],[36.1449739,38.8649478],[36.1387939,38.8728844],[36.1166542,38.8668783],[36.1153058,38.8645661],[36.1247181,38.8428664],[36.1164828,38.8360333],[36.1181708,38.8161975],[36.1196533,38.8135414],[36.1241706,38.8141153],[36.1280117,38.8121794],[36.13004,38.8087083],[36.1294858,38.8038867],[36.1212444,38.7961908],[36.1157922,38.7955236],[36.1129642,38.7923869],[36.1097794,38.7823536],[36.1108342,38.7776289],[36.1090086,38.7704028],[36.0973922,38.7548775],[36.0978839,38.7523178],[36.0916106,38.7454747],[36.0876472,38.7446108],[36.0871733,38.7363528],[36.0918264,38.7355808],[36.1028308,38.7252578],[36.1258372,38.7131056],[36.1364714,38.7025861],[36.1223575,38.7001978],[36.1216933,38.6978536],[36.1113964,38.6948114],[36.1074778,38.6925067],[36.1065119,38.69011],[36.1024647,38.6908911],[36.0984322,38.6949725],[36.1079847,38.6745447],[36.1021778,38.6748258],[36.0977472,38.6717972],[36.0964331,38.6679744],[36.0970275,38.6650181],[36.099635,38.6653803],[36.0988783,38.6633361],[36.0906011,38.6565133],[36.0846856,38.6537667],[36.0867333,38.6529681],[36.0925308,38.6549417],[36.0991883,38.6525725],[36.099205,38.6508125],[36.1013433,38.6501897],[36.1039583,38.6524033],[36.1025367,38.6498142],[36.1003492,38.6492617],[36.1023458,38.6479606],[36.1037764,38.6487633],[36.1043625,38.6466561],[36.1075553,38.6458961],[36.1047739,38.6450753],[36.1041214,38.6425267],[36.1019697,38.6435981],[36.0995683,38.6409575],[36.1080042,38.6380175],[36.1187947,38.6375489],[36.1188311,38.6320489],[36.1221719,38.6300781],[36.1197181,38.6277939],[36.1212928,38.6239969],[36.1196436,38.6184792],[36.1164908,38.6167597],[36.1142858,38.6198128],[36.1108317,38.6141819],[36.1068092,38.6144964],[36.1022631,38.6121311],[36.0996753,38.6143744],[36.0982603,38.6134803],[36.0962183,38.6110156],[36.0977872,38.6102558],[36.0970842,38.6091131],[36.0958864,38.6101264],[36.0920678,38.6079567],[36.0946389,38.6066658],[36.0882994,38.6019461],[36.0872656,38.6003672],[36.0891733,38.5975458],[36.0845675,38.5954108],[36.0845197,38.5940006],[36.0790742,38.5955317],[36.0645117,38.5942961],[36.0633258,38.5975069],[36.0594789,38.5974925],[36.0574411,38.6000306],[36.0557653,38.6004128],[36.0539931,38.5987636],[36.0492247,38.6006494],[36.0483311,38.5993231],[36.0423639,38.6045994],[36.011865,38.6183575],[35.9991808,38.6140256],[35.9936894,38.6061217],[35.9971811,38.5824642],[35.9868711,38.5685869],[35.9829581,38.55115],[36.0064194,38.5479961],[36.0104081,38.5480003],[36.0147561,38.5509639],[36.0278917,38.5506253],[36.0294461,38.5495044],[36.0287919,38.5469986],[36.0340275,38.5445186],[36.0348542,38.5404892],[36.0416775,38.54147],[36.0416047,38.5375236],[36.0444769,38.5355564],[36.0492019,38.5361914],[36.0484247,38.5337686],[36.0502403,38.5335186],[36.0493919,38.5305144],[36.0510303,38.5290736],[36.0496367,38.5275789],[36.0523828,38.5237597],[36.0514539,38.5222469],[36.0632214,38.5249839],[36.0672256,38.5288358],[36.0704119,38.5268711],[36.0725661,38.5284069],[36.0826081,38.5298578],[36.0833889,38.5340378],[36.0816947,38.534335],[36.0816697,38.5366542],[36.0823064,38.5376589],[36.0835297,38.5364625],[36.0855864,38.5400439],[36.0869306,38.5365497],[36.08656,38.5400589],[36.0894947,38.5381586],[36.0958883,38.5373778],[36.0984217,38.5374883],[36.1003478,38.5400856],[36.1027558,38.5377014],[36.1047711,38.5393767],[36.1023908,38.5424114],[36.1038133,38.5437511],[36.1106461,38.5448533],[36.1153219,38.5395169],[36.1185314,38.5372339],[36.1213214,38.5382344],[36.1344111,38.5269078],[36.1431747,38.5089408],[36.1470489,38.5096661],[36.1477653,38.5073061],[36.1547072,38.50516],[36.1549633,38.5037861],[36.1564717,38.5042639],[36.1566231,38.4989603],[36.1619439,38.5006314],[36.1621569,38.5049867],[36.1748506,38.5133564],[36.1830514,38.5161197],[36.1939033,38.5172958],[36.1879639,38.5128544],[36.1925108,38.5095856],[36.1882153,38.5043514],[36.1912133,38.5045081],[36.1929269,38.50044],[36.1885242,38.4974731],[36.1948825,38.4978778],[36.2031331,38.4945536],[36.2138767,38.4940739],[36.2118894,38.4870733],[36.2128286,38.4821283],[36.2050647,38.4745114],[36.2028292,38.4699153],[36.2031428,38.4552533]]]}},{"type":"Feature","properties":{"code":"38-11","provinceCode":"38","name":"Sarıoğlan"},"geometry":{"type":"Polygon","coordinates":[[[35.7631508,39.0251397],[35.7614475,39.0127789],[35.7625097,39.0094747],[35.7665806,39.0090958],[35.7715597,39.0034047],[35.7802511,39.0021789],[35.7855092,39.0030917],[35.7850394,38.9997981],[35.7878972,38.99721],[35.8026086,38.9901631],[35.8199397,38.9911944],[35.8246178,38.99347],[35.8316289,38.9900489],[35.8348706,38.9934961],[35.838855,38.9921481],[35.8461289,38.9936483],[35.8491178,38.9908347],[35.8482364,38.9893764],[35.8520731,38.9884831],[35.8523097,38.9867153],[35.8575353,38.9873578],[35.8577364,38.9830461],[35.8611183,38.9822186],[35.8642831,38.9841561],[35.8776703,38.9864486],[35.8805706,38.9896531],[35.8857142,38.99087],[35.8955811,38.9910481],[35.9013261,38.9870372],[35.9064556,38.9883111],[35.9098567,38.9922611],[35.9115914,38.9914206],[35.9174411,38.9962186],[35.9184897,38.9937794],[35.9248625,39.0006764],[35.9330292,39.0046475],[35.9359017,39.0038814],[35.9378994,39.0056133],[35.9455569,39.0037072],[35.94559,39.0058397],[35.9518219,39.0040492],[35.9507603,38.9956769],[35.9761975,38.9809447],[35.9708831,38.9716611],[35.9777819,38.9682164],[35.9833692,38.9704378],[35.9911242,38.9663344],[35.9949972,38.9669353],[35.9972161,38.9643661],[36.0011306,38.9653133],[36.0096922,38.9643133],[36.0123769,38.9702053],[36.0200253,38.9753806],[36.0195542,38.9850933],[36.0241739,38.9873725],[36.0297667,38.9860083],[36.0349339,38.9867681],[36.0365256,38.9854544],[36.0352222,38.9845072],[36.0385489,38.9844522],[36.0409228,38.9810781],[36.0467081,38.9783764],[36.0469383,38.9763231],[36.0555169,38.9729078],[36.0598781,38.9731494],[36.0609528,38.9744542],[36.0631442,38.9733497],[36.0682592,38.9756158],[36.0695936,38.9782483],[36.0728175,38.9795994],[36.076315,38.9880308],[36.0741678,38.9962186],[36.0754578,38.9957142],[36.0791547,38.9986156],[36.0764033,39.0056308],[36.0810319,39.0062164],[36.0899439,39.0102567],[36.0859708,39.0174508],[36.0865419,39.0187706],[36.0890831,39.0187906],[36.0883978,39.0208883],[36.0901297,39.0220586],[36.0883469,39.0255497],[36.0868781,39.0255769],[36.0866619,39.0237719],[36.082695,39.0272825],[36.0817658,39.0266025],[36.082085,39.0318378],[36.0796039,39.0339511],[36.0825642,39.0355408],[36.0916203,39.0351894],[36.0950653,39.0329308],[36.0995931,39.0342475],[36.1012317,39.0364925],[36.1005297,39.033295],[36.1056914,39.0324228],[36.1151658,39.0379017],[36.1160981,39.0367042],[36.1213361,39.0375264],[36.1228503,39.0354856],[36.1294061,39.0370789],[36.1357742,39.034925],[36.1451458,39.0355344],[36.1546553,39.0447467],[36.1609078,39.0475103],[36.1678144,39.0482956],[36.1701281,39.0483156],[36.1699353,39.04435],[36.1729333,39.0454153],[36.1730667,39.0468625],[36.1760814,39.0469144],[36.1763039,39.045855],[36.1786167,39.0461],[36.1785481,39.0440767],[36.1795881,39.0454883],[36.1814819,39.0445503],[36.1793631,39.0424506],[36.1810758,39.0437447],[36.1891722,39.0427394],[36.1915519,39.0466833],[36.19536,39.0460519],[36.2020481,39.0532078],[36.2035014,39.0591619],[36.2018756,39.07794],[36.2082533,39.0770392],[36.2043036,39.0853997],[36.201235,39.086505],[36.1998994,39.0888475],[36.1985894,39.0857467],[36.1968844,39.0858131],[36.1969381,39.0873128],[36.1945017,39.0857058],[36.1922806,39.0864725],[36.1917856,39.0890328],[36.1794536,39.0876281],[36.1757233,39.0902947],[36.1724375,39.0905139],[36.1738067,39.0921431],[36.1727497,39.0941539],[36.1711161,39.0923486],[36.169245,39.0937808],[36.1655406,39.0923086],[36.1619644,39.0997547],[36.1589864,39.1006592],[36.1567142,39.0994844],[36.1567553,39.0940811],[36.1529417,39.0917436],[36.1512239,39.0937814],[36.1482542,39.0880217],[36.1432831,39.0894528],[36.1424525,39.0861919],[36.1398825,39.0884789],[36.1390292,39.0851608],[36.1383058,39.0869344],[36.1343311,39.0867444],[36.1342536,39.0879236],[36.1250539,39.0909053],[36.1223411,39.0885097],[36.1196875,39.0887131],[36.1209525,39.0859153],[36.1143678,39.0860772],[36.1118025,39.0836586],[36.1109961,39.0861417],[36.1077575,39.0854647],[36.108185,39.0805928],[36.0997628,39.0815522],[36.0972058,39.0826528],[36.0984733,39.0863694],[36.0963044,39.0875628],[36.0973653,39.0891356],[36.0935778,39.0911097],[36.0923358,39.0953475],[36.0888397,39.0975714],[36.0917567,39.1058828],[36.0862742,39.1044411],[36.0842578,39.1024544],[36.0823703,39.1082697],[36.0798075,39.1099303],[36.0782331,39.1102353],[36.076825,39.1073656],[36.0767653,39.1094708],[36.0742242,39.1076908],[36.0708808,39.119155],[36.0663792,39.1193589],[36.0631978,39.1221578],[36.06063,39.1214589],[36.0622775,39.1240997],[36.058635,39.1259767],[36.0580475,39.1284736],[36.0497011,39.1263244],[36.0488658,39.1287364],[36.0435153,39.1309794],[36.0418822,39.1373689],[36.0333769,39.1384878],[36.0245164,39.1348622],[36.0216508,39.1372164],[36.0150911,39.1385403],[36.0174447,39.1415856],[36.0168253,39.1467917],[36.0105894,39.1469014],[36.0099506,39.1482967],[35.9997092,39.1462486],[35.9897111,39.139995],[35.9876486,39.1400544],[35.9933356,39.1467153],[35.9817278,39.1420375],[35.9779411,39.1437164],[35.9794092,39.1478461],[35.9755906,39.1482028],[35.9755064,39.1512775],[35.9713,39.1511486],[35.9720275,39.1531861],[35.9693742,39.1551444],[35.9640128,39.1550592],[35.9605594,39.1575825],[35.9700794,39.1582622],[35.9670364,39.1686094],[35.9721119,39.1773094],[35.9796739,39.1822969],[35.9790847,39.1848214],[35.9761175,39.1856186],[35.9785128,39.1883747],[35.9776386,39.1899089],[35.9738828,39.1897917],[35.9648511,39.1940883],[35.9593342,39.1901564],[35.9566714,39.1926069],[35.9603044,39.1944972],[35.9628028,39.1992567],[35.9579772,39.2086467],[35.9556083,39.2093583],[35.9521069,39.2038944],[35.9494964,39.2047892],[35.9486156,39.2011864],[35.9486639,39.2055642],[35.9465336,39.2051814],[35.9444989,39.2080475],[35.9435067,39.2070869],[35.9431222,39.2091164],[35.9460194,39.2096317],[35.9435367,39.2203469],[35.9455953,39.2235747],[35.9451139,39.2297106],[35.9378236,39.2358964],[35.9366953,39.2416556],[35.9222258,39.2376975],[35.9212539,39.2401267],[35.9133486,39.2436739],[35.9115264,39.2471633],[35.91724,39.2516514],[35.9157858,39.2532158],[35.9183981,39.2540022],[35.9145614,39.2561025],[35.9161694,39.2581575],[35.9140397,39.2572522],[35.9110589,39.2603586],[35.913495,39.2625231],[35.9159056,39.2610611],[35.91508,39.2663258],[35.9100411,39.2674817],[35.8986056,39.2774183],[35.8978719,39.2745836],[35.8938292,39.2752708],[35.88592,39.2811767],[35.8856342,39.2828814],[35.8815544,39.2813447],[35.8775203,39.2816864],[35.8763522,39.2836058],[35.8805703,39.2866272],[35.8754914,39.2911142],[35.8690744,39.2922019],[35.8600472,39.2901781],[35.8538028,39.2928875],[35.8576486,39.2944953],[35.8626661,39.3017144],[35.8568175,39.3072592],[35.8544328,39.3185169],[35.856485,39.3223264],[35.8451589,39.3153528],[35.8261961,39.3188025],[35.8085178,39.3062267],[35.8004025,39.3056597],[35.7828236,39.3002308],[35.7801222,39.3125083],[35.7667278,39.3072625],[35.7739192,39.3027128],[35.7726469,39.2968089],[35.7742511,39.2889867],[35.7629744,39.2795742],[35.7588883,39.2783706],[35.7521983,39.2790456],[35.7426144,39.2738419],[35.7393944,39.2611356],[35.7469086,39.2555886],[35.7452811,39.2531836],[35.7475972,39.2462439],[35.7481883,39.2335775],[35.7622647,39.2297175],[35.7684069,39.2312533],[35.78622,39.22847],[35.7909839,39.2248969],[35.8021856,39.2222139],[35.8060736,39.2189511],[35.8107469,39.2095033],[35.8141908,39.2072578],[35.8165486,39.2006892],[35.8100631,39.1872428],[35.8067381,39.185],[35.8067231,39.1825769],[35.8263706,39.1893736],[35.8254314,39.1837922],[35.8298511,39.1798292],[35.8280158,39.1777675],[35.8311383,39.1757314],[35.8343072,39.1684133],[35.8389211,39.1667869],[35.8400272,39.1635406],[35.8389408,39.1615486],[35.8360053,39.1628594],[35.8348206,39.1596131],[35.8324622,39.1621211],[35.8268931,39.1638414],[35.8285039,39.1624361],[35.8275697,39.1606056],[35.8239769,39.1607069],[35.8232561,39.15803],[35.8223831,39.1598572],[35.8199775,39.1531172],[35.8139739,39.1525997],[35.8119283,39.1509608],[35.8132322,39.1468961],[35.8223319,39.1452733],[35.8229947,39.14355],[35.8203539,39.1410617],[35.8270639,39.1365175],[35.8360864,39.1351675],[35.8429061,39.1307017],[35.8439861,39.1264561],[35.8484903,39.1261506],[35.849695,39.1245847],[35.8530183,39.1275061],[35.8567244,39.1221331],[35.8586125,39.1226203],[35.8599286,39.1179031],[35.8647719,39.1194089],[35.8659308,39.1180989],[35.8676722,39.1201428],[35.8703022,39.1156064],[35.8614047,39.1120297],[35.8541261,39.1063442],[35.8408708,39.1039589],[35.8373175,39.0990942],[35.8285342,39.0990286],[35.8242758,39.0945342],[35.8165686,39.0932839],[35.8146886,39.0880367],[35.8013997,39.0758528],[35.7994722,39.0699861],[35.7940675,39.0639439],[35.7910853,39.0613861],[35.7860006,39.0605353],[35.7782436,39.0544442],[35.7789917,39.0512731],[35.7665789,39.0373697],[35.7631508,39.0251397]]]}},{"type":"Feature","properties":{"code":"38-12","provinceCode":"38","name":"Sarız"},"geometry":{"type":"Polygon","coordinates":[[[36.6991347,38.4062114],[36.7404033,38.4203972],[36.7419692,38.4226439],[36.7409606,38.4250908],[36.7384572,38.4248092],[36.7405164,38.4368567],[36.7283975,38.4351581],[36.7297517,38.4467853],[36.7244958,38.4608975],[36.7169183,38.4631558],[36.7066339,38.4622158],[36.697355,38.4685708],[36.687735,38.4884444],[36.6682619,38.4971592],[36.6681142,38.4995217],[36.6781936,38.4987481],[36.6812753,38.5032419],[36.6964042,38.5097328],[36.6987231,38.5127417],[36.7154917,38.5219186],[36.7269061,38.5209542],[36.7411556,38.5219058],[36.751395,38.5245808],[36.7540881,38.5271033],[36.7492658,38.5293047],[36.7488153,38.5310144],[36.7548472,38.5334297],[36.7804256,38.5370853],[36.7618181,38.548935],[36.760475,38.5525653],[36.757765,38.5525492],[36.7500578,38.5649039],[36.7308689,38.5845542],[36.7799517,38.6014403],[36.7823161,38.61089],[36.7853283,38.6111036],[36.79683,38.6311033],[36.7941614,38.641035],[36.7898606,38.6478917],[36.7891464,38.6550506],[36.7805622,38.6565547],[36.7789689,38.6608856],[36.7757814,38.6636272],[36.7622039,38.6645306],[36.7485928,38.6708917],[36.7486053,38.6759244],[36.7530708,38.6849386],[36.7582928,38.6877819],[36.7609767,38.6927742],[36.7641678,38.7057944],[36.7327208,38.7142028],[36.7249433,38.7128533],[36.7167819,38.7091261],[36.7059953,38.6997783],[36.6921469,38.6917031],[36.6808897,38.6946158],[36.6768469,38.6934183],[36.6731828,38.6915433],[36.6701433,38.6874283],[36.6533675,38.6822542],[36.6513572,38.6760933],[36.6104097,38.6683397],[36.6215994,38.653355],[36.5980047,38.6404067],[36.5794517,38.6374706],[36.5697153,38.6375053],[36.5634275,38.6356133],[36.5573919,38.6262694],[36.5465097,38.6247131],[36.5280022,38.6188742],[36.5232694,38.6134269],[36.5294844,38.6111428],[36.5276242,38.6056542],[36.5359272,38.6028853],[36.5416442,38.6083544],[36.5456497,38.6084381],[36.5488136,38.6032017],[36.5567264,38.6009006],[36.5376481,38.5865739],[36.5330597,38.5799975],[36.5108128,38.5735225],[36.5127936,38.5784617],[36.5189203,38.5856153],[36.5244636,38.6011297],[36.5171361,38.6041456],[36.5084917,38.6113447],[36.5082156,38.61697],[36.5061253,38.6113444],[36.5023764,38.6108219],[36.4958303,38.6050572],[36.4908731,38.6061269],[36.4852922,38.6039111],[36.4758919,38.5927375],[36.4707944,38.5803539],[36.4662436,38.5818258],[36.4507128,38.5927436],[36.4378658,38.5975925],[36.4373878,38.5938447],[36.4342658,38.5905839],[36.4304639,38.5913275],[36.4304878,38.5926789],[36.4248058,38.5841553],[36.4246367,38.5729794],[36.4228714,38.5706928],[36.4257697,38.565485],[36.4222611,38.557795],[36.4319661,38.5519944],[36.4371667,38.5457703],[36.4475753,38.5517136],[36.4440936,38.5431972],[36.4321703,38.5394508],[36.4267128,38.5331336],[36.4237314,38.5319367],[36.4138511,38.5114339],[36.3981806,38.5165522],[36.38428,38.5157719],[36.3751736,38.5215019],[36.3717536,38.5196461],[36.3642558,38.5208422],[36.363155,38.5149269],[36.3645117,38.5047297],[36.3485025,38.4845808],[36.3309267,38.4732367],[36.3273119,38.467725],[36.3262408,38.4602381],[36.3195636,38.4508236],[36.2914961,38.4579944],[36.2741314,38.4461489],[36.2525544,38.4353031],[36.2327192,38.4293094],[36.2088161,38.4438689],[36.2031428,38.4552533],[36.1949747,38.4489753],[36.1889731,38.4479028],[36.1893553,38.4435017],[36.1873244,38.4403928],[36.1835514,38.4392858],[36.1607369,38.4242633],[36.203955,38.4043017],[36.2060719,38.3930628],[36.2282653,38.3995853],[36.2807964,38.4046019],[36.2845992,38.3998528],[36.2844528,38.3958956],[36.2875147,38.3945111],[36.2853058,38.3913417],[36.2887472,38.3894964],[36.2919519,38.38409],[36.3358133,38.3779936],[36.3374078,38.3808217],[36.3422578,38.37978],[36.3528197,38.3830722],[36.3622094,38.3802178],[36.3686578,38.3807433],[36.3747044,38.37838],[36.3810267,38.3699],[36.3795419,38.3683106],[36.3823931,38.3662217],[36.3786031,38.3636736],[36.3803906,38.3639369],[36.3803508,38.3566003],[36.3848369,38.3538464],[36.388135,38.3537781],[36.3878464,38.3486228],[36.3793878,38.3426356],[36.3769372,38.3363872],[36.3731164,38.3376406],[36.3693811,38.3354283],[36.3672658,38.3358608],[36.3656653,38.3279908],[36.3693514,38.3229992],[36.3648519,38.3085517],[36.3562944,38.2999364],[36.3624581,38.2994336],[36.3625478,38.2947128],[36.3761906,38.2908564],[36.3778239,38.2877603],[36.385425,38.2881342],[36.3989894,38.2839644],[36.4020161,38.28509],[36.4023322,38.2829406],[36.4091283,38.2810308],[36.4061731,38.2702522],[36.4095784,38.2628794],[36.4115675,38.2610542],[36.4124125,38.264875],[36.4164875,38.2661883],[36.4195325,38.2637653],[36.4226992,38.2649686],[36.4260894,38.2625025],[36.4285069,38.2636978],[36.4400806,38.2616283],[36.4402769,38.2602347],[36.4445986,38.2590586],[36.4437339,38.2556281],[36.4610083,38.2499764],[36.4690053,38.2499889],[36.4815831,38.2448269],[36.4835433,38.2423903],[36.5185722,38.247215],[36.5230542,38.2552878],[36.5228014,38.2610175],[36.5260253,38.2650631],[36.5398069,38.2667914],[36.5496694,38.273185],[36.5504053,38.2796339],[36.5540256,38.2876039],[36.5645186,38.2968603],[36.5740542,38.3019522],[36.5836614,38.3119461],[36.5813942,38.3181297],[36.5768711,38.3182833],[36.5654628,38.3245669],[36.565495,38.3437922],[36.5754744,38.357755],[36.6073167,38.3856669],[36.6003911,38.389805],[36.61551,38.3964058],[36.617625,38.3831108],[36.6577922,38.3926233],[36.6742753,38.392765],[36.6880039,38.4017294],[36.6991347,38.4062114]]]}},{"type":"Feature","properties":{"code":"38-13","provinceCode":"38","name":"Talas"},"geometry":{"type":"Polygon","coordinates":[[[35.8676903,38.5837719],[35.8694353,38.5861247],[35.8678853,38.5879275],[35.8645472,38.5861214],[35.8598294,38.5879658],[35.8629006,38.5927044],[35.8593489,38.5935608],[35.8593883,38.5960286],[35.8564794,38.5983425],[35.8599447,38.6005161],[35.8540361,38.6016581],[35.8551089,38.6108164],[35.8509036,38.61238],[35.8518414,38.6135825],[35.8502306,38.61375],[35.8484317,38.6178397],[35.8500247,38.6200244],[35.8537294,38.61968],[35.8534158,38.620975],[35.8566586,38.6213364],[35.8570897,38.6255236],[35.8522808,38.6233933],[35.8479394,38.6260194],[35.8472575,38.6308333],[35.8447117,38.6309394],[35.8434567,38.6327808],[35.8399272,38.6317436],[35.8406211,38.6338469],[35.8380978,38.6381286],[35.8594969,38.6405344],[35.8659694,38.6453186],[35.8633489,38.6475106],[35.8668381,38.6501633],[35.8667361,38.6529983],[35.8702308,38.6525656],[35.8701144,38.6539283],[35.8717139,38.6540506],[35.8746906,38.6525753],[35.8760339,38.6589553],[35.8780303,38.6587522],[35.8799831,38.6628444],[35.87622,38.6658581],[35.8763197,38.6771692],[35.8863358,38.69201],[35.8632492,38.6893144],[35.8429333,38.6909328],[35.8358181,38.6949744],[35.8126622,38.6944289],[35.8151219,38.6858433],[35.8016958,38.6840158],[35.7919786,38.6868242],[35.7828042,38.6848236],[35.7850053,38.6783314],[35.7852456,38.6700931],[35.7838589,38.6699144],[35.7870911,38.6669311],[35.7849883,38.6630631],[35.7790531,38.6652928],[35.7745886,38.6706469],[35.7690411,38.6707183],[35.7666642,38.6681039],[35.7630769,38.6697856],[35.7587303,38.6693414],[35.7587022,38.6711197],[35.7551114,38.6732542],[35.7464203,38.6756828],[35.7468831,38.6794267],[35.7419917,38.6811103],[35.74444,38.6827867],[35.7389361,38.6854117],[35.7361817,38.6856619],[35.7340128,38.6893144],[35.7330764,38.6861475],[35.7230586,38.6853414],[35.7104417,38.6866067],[35.7066658,38.6908019],[35.7038364,38.6902431],[35.7040267,38.6925672],[35.6999931,38.6945958],[35.6924136,38.7035797],[35.6872431,38.7047056],[35.6863394,38.7083853],[35.6846308,38.7079839],[35.6826725,38.7107844],[35.6811661,38.7100928],[35.6751644,38.7196253],[35.6696936,38.7177192],[35.6693006,38.7203761],[35.6562586,38.7148864],[35.658265,38.7087133],[35.6551072,38.7063642],[35.6574692,38.7003169],[35.6597792,38.6995694],[35.6618586,38.6961247],[35.6590675,38.6927125],[35.6632753,38.6883261],[35.6631833,38.6855039],[35.6654436,38.6848808],[35.6591717,38.6837672],[35.6588744,38.6863083],[35.6555314,38.6860611],[35.6540381,38.6873297],[35.65018,38.6821561],[35.6461278,38.6850331],[35.6430975,38.684075],[35.6435581,38.6855075],[35.6352761,38.6875233],[35.627195,38.6845369],[35.6262744,38.6827836],[35.6225719,38.6823619],[35.6222231,38.6776569],[35.6192114,38.6772542],[35.6142206,38.6725486],[35.6094406,38.6708522],[35.6066497,38.6773278],[35.6010667,38.6819589],[35.5991217,38.6863931],[35.5917922,38.6927731],[35.5885119,38.6983708],[35.5867369,38.6969853],[35.5829289,38.7037908],[35.5800947,38.7042219],[35.5770389,38.7021742],[35.5715092,38.7113806],[35.5641869,38.7187186],[35.5485069,38.7200678],[35.5396822,38.7134119],[35.5317694,38.7120333],[35.5418731,38.6882061],[35.5367383,38.6818344],[35.531735,38.6709808],[35.5310147,38.6647956],[35.5387858,38.6523092],[35.5400386,38.6473033],[35.5410147,38.6377628],[35.5389092,38.6356092],[35.5404247,38.6318061],[35.5391786,38.6276447],[35.5428153,38.6233619],[35.5481303,38.6261711],[35.5517178,38.6245703],[35.5533478,38.6263253],[35.5576325,38.6254703],[35.5561203,38.6209447],[35.5579636,38.6170675],[35.5729386,38.6077142],[35.5874233,38.5915128],[35.5812297,38.5883644],[35.5862928,38.5853208],[35.5834719,38.5803742],[35.5858697,38.5777425],[35.5853408,38.5737975],[35.5799492,38.5700661],[35.5783336,38.5669219],[35.5729414,38.565285],[35.5733231,38.5600722],[35.5697386,38.5602256],[35.5687042,38.5547308],[35.5644161,38.5494828],[35.5572144,38.5486856],[35.5529969,38.5400397],[35.5533767,38.5366956],[35.5530356,38.5353036],[35.5610061,38.5317147],[35.5609958,38.5293531],[35.5740878,38.5250736],[35.5764569,38.5255289],[35.5814839,38.5204406],[35.5861175,38.5182697],[35.5963408,38.5199931],[35.6159125,38.5178839],[35.6247308,38.5117311],[35.6423739,38.5078606],[35.646185,38.5027878],[35.6523289,38.5074564],[35.6550603,38.5052678],[35.6606344,38.5062283],[35.6625244,38.5087342],[35.6671367,38.5074075],[35.6692836,38.5090497],[35.6738589,38.5092578],[35.672775,38.5115514],[35.6752539,38.5134689],[35.6716797,38.5171686],[35.6716019,38.5214883],[35.67429,38.5227822],[35.6726322,38.5236375],[35.6752069,38.5266103],[35.6742642,38.5320228],[35.6800422,38.5365183],[35.6872611,38.5393078],[35.6939094,38.5396292],[35.6963667,38.5417339],[35.6983497,38.5410347],[35.6960133,38.5394753],[35.706395,38.5381931],[35.7059406,38.5366764],[35.7112794,38.5380408],[35.7250281,38.5359811],[35.7266203,38.5389867],[35.7253664,38.5408897],[35.7279036,38.5445128],[35.7298047,38.5439983],[35.7345756,38.5460006],[35.7362794,38.5428267],[35.7398789,38.5428419],[35.7425239,38.5449444],[35.743915,38.5413333],[35.7437131,38.5427478],[35.7465369,38.5436081],[35.7580664,38.5402058],[35.7617439,38.5439153],[35.7601736,38.5451069],[35.7647583,38.5443225],[35.7663817,38.5417842],[35.7665525,38.545635],[35.7686592,38.5450639],[35.7720475,38.5470694],[35.7723533,38.5492053],[35.7813306,38.5508906],[35.7807775,38.55314],[35.7871475,38.5576697],[35.7826933,38.5598031],[35.7828175,38.5627847],[35.7791222,38.5635961],[35.7796656,38.5666061],[35.7852253,38.5691094],[35.7831214,38.5754894],[35.7862881,38.5716708],[35.7895586,38.5733981],[35.7910681,38.5727103],[35.7910536,38.5747658],[35.7964817,38.5756014],[35.7974267,38.5779344],[35.80132,38.5775711],[35.8014906,38.5789256],[35.7983903,38.5800456],[35.8001931,38.5855586],[35.8022025,38.5869164],[35.8015225,38.5837508],[35.8050406,38.5815908],[35.8049897,38.5857569],[35.8073178,38.5866569],[35.8090397,38.5846236],[35.8108144,38.5851083],[35.8116908,38.5882656],[35.8138953,38.5884919],[35.8154931,38.5859294],[35.8236275,38.5815461],[35.8223422,38.5848569],[35.82485,38.5851561],[35.8245544,38.5818703],[35.8275428,38.5800508],[35.8292039,38.5808553],[35.8338039,38.5776903],[35.8366286,38.5791414],[35.8407469,38.5736025],[35.8494883,38.5749111],[35.8624964,38.5825953],[35.8650169,38.5817769],[35.8651222,38.5790336],[35.8680881,38.5804439],[35.8676903,38.5837719]]]}},{"type":"Feature","properties":{"code":"38-14","provinceCode":"38","name":"Tomarza"},"geometry":{"type":"Polygon","coordinates":[[[35.9903569,38.22343],[36.003975,38.2323297],[36.0127981,38.2422206],[36.0247014,38.2469742],[36.0454786,38.2597694],[36.0451733,38.2647411],[36.0486153,38.2684211],[36.0496889,38.2724647],[36.0619117,38.2808425],[36.077975,38.3001944],[36.0982592,38.3141942],[36.1085547,38.3304958],[36.1128167,38.3317122],[36.1240617,38.3407033],[36.1347325,38.3415181],[36.1395169,38.3435792],[36.1356233,38.32221],[36.1436094,38.3230831],[36.1494864,38.3239303],[36.1517558,38.3256028],[36.1649944,38.3436722],[36.1846264,38.3489997],[36.1872906,38.3595392],[36.1795194,38.3836617],[36.2060719,38.3930628],[36.203955,38.4043017],[36.1607369,38.4242633],[36.1835514,38.4392858],[36.1873244,38.4403928],[36.1893553,38.4435017],[36.1889731,38.4479028],[36.1949747,38.4489753],[36.2031428,38.4552533],[36.2028292,38.4699153],[36.2050647,38.4745114],[36.2128286,38.4821283],[36.2118894,38.4870733],[36.2138767,38.4940739],[36.2031331,38.4945536],[36.1948825,38.4978778],[36.1885242,38.4974731],[36.1929269,38.50044],[36.1912133,38.5045081],[36.1882153,38.5043514],[36.1925108,38.5095856],[36.1879639,38.5128544],[36.1939033,38.5172958],[36.1830514,38.5161197],[36.1748506,38.5133564],[36.1621569,38.5049867],[36.1619439,38.5006314],[36.1566231,38.4989603],[36.1564717,38.5042639],[36.1549633,38.5037861],[36.1547072,38.50516],[36.1477653,38.5073061],[36.1470489,38.5096661],[36.1431747,38.5089408],[36.1344111,38.5269078],[36.1213214,38.5382344],[36.1185314,38.5372339],[36.1153219,38.5395169],[36.1106461,38.5448533],[36.1038133,38.5437511],[36.1023908,38.5424114],[36.1047711,38.5393767],[36.1027558,38.5377014],[36.1003478,38.5400856],[36.0984217,38.5374883],[36.0958883,38.5373778],[36.0894947,38.5381586],[36.08656,38.5400589],[36.0869306,38.5365497],[36.0855864,38.5400439],[36.0835297,38.5364625],[36.0823064,38.5376589],[36.0816697,38.5366542],[36.0816947,38.534335],[36.0833889,38.5340378],[36.0826081,38.5298578],[36.0725661,38.5284069],[36.0704119,38.5268711],[36.0672256,38.5288358],[36.0632214,38.5249839],[36.0514539,38.5222469],[36.0523828,38.5237597],[36.0496367,38.5275789],[36.0510303,38.5290736],[36.0493919,38.5305144],[36.0502403,38.5335186],[36.0484247,38.5337686],[36.0492019,38.5361914],[36.0444769,38.5355564],[36.0416047,38.5375236],[36.0416775,38.54147],[36.0348542,38.5404892],[36.0340275,38.5445186],[36.0287919,38.5469986],[36.0294461,38.5495044],[36.0278917,38.5506253],[36.0147561,38.5509639],[36.0104081,38.5480003],[36.0064194,38.5479961],[35.9829581,38.55115],[35.9680589,38.5522906],[35.9514261,38.5573592],[35.947995,38.5621467],[35.9159531,38.5899039],[35.9189581,38.5958544],[35.9148,38.5946078],[35.9126511,38.5960706],[35.9129578,38.6073744],[35.9117397,38.6071714],[35.9105233,38.6105667],[35.8972856,38.6108061],[35.8922664,38.6030094],[35.8877508,38.6008886],[35.8870011,38.5968347],[35.8823161,38.5956897],[35.8818622,38.5919133],[35.8799017,38.5926592],[35.8757653,38.5817272],[35.8703536,38.581185],[35.8676903,38.5837719],[35.8680881,38.5804439],[35.8651222,38.5790336],[35.8650169,38.5817769],[35.8624964,38.5825953],[35.8494883,38.5749111],[35.8407469,38.5736025],[35.8366286,38.5791414],[35.8338039,38.5776903],[35.8292039,38.5808553],[35.8275428,38.5800508],[35.8245544,38.5818703],[35.82485,38.5851561],[35.8223422,38.5848569],[35.8236275,38.5815461],[35.8154931,38.5859294],[35.8138953,38.5884919],[35.8116908,38.5882656],[35.8108144,38.5851083],[35.8090397,38.5846236],[35.8073178,38.5866569],[35.8049897,38.5857569],[35.8050406,38.5815908],[35.8015225,38.5837508],[35.8022025,38.5869164],[35.8001931,38.5855586],[35.7983903,38.5800456],[35.8014906,38.5789256],[35.80132,38.5775711],[35.7974267,38.5779344],[35.7964817,38.5756014],[35.7910536,38.5747658],[35.7910681,38.5727103],[35.7895586,38.5733981],[35.7862881,38.5716708],[35.7831214,38.5754894],[35.7852253,38.5691094],[35.7796656,38.5666061],[35.7791222,38.5635961],[35.7828175,38.5627847],[35.7826933,38.5598031],[35.7871475,38.5576697],[35.7807775,38.55314],[35.7813306,38.5508906],[35.7723533,38.5492053],[35.7720475,38.5470694],[35.7686592,38.5450639],[35.7665525,38.545635],[35.7663817,38.5417842],[35.7647583,38.5443225],[35.7601736,38.5451069],[35.7617439,38.5439153],[35.7580664,38.5402058],[35.7465369,38.5436081],[35.7437131,38.5427478],[35.743915,38.5413333],[35.7425239,38.5449444],[35.7398789,38.5428419],[35.7362794,38.5428267],[35.7345756,38.5460006],[35.7298047,38.5439983],[35.7279036,38.5445128],[35.7253664,38.5408897],[35.7266203,38.5389867],[35.7250281,38.5359811],[35.7112794,38.5380408],[35.7059406,38.5366764],[35.706395,38.5381931],[35.6960133,38.5394753],[35.6983497,38.5410347],[35.6963667,38.5417339],[35.6939094,38.5396292],[35.6872611,38.5393078],[35.6800422,38.5365183],[35.6742642,38.5320228],[35.6752069,38.5266103],[35.6726322,38.5236375],[35.67429,38.5227822],[35.6716019,38.5214883],[35.6716797,38.5171686],[35.6752539,38.5134689],[35.672775,38.5115514],[35.6738589,38.5092578],[35.6692836,38.5090497],[35.6671367,38.5074075],[35.6625244,38.5087342],[35.6606344,38.5062283],[35.6550603,38.5052678],[35.6523289,38.5074564],[35.646185,38.5027878],[35.6423739,38.5078606],[35.6247308,38.5117311],[35.6159125,38.5178839],[35.5963408,38.5199931],[35.5861175,38.5182697],[35.5814839,38.5204406],[35.5764569,38.5255289],[35.5740878,38.5250736],[35.5609958,38.5293531],[35.5610061,38.5317147],[35.5530356,38.5353036],[35.5533767,38.5366956],[35.5402247,38.5361061],[35.54434,38.5281231],[35.5446542,38.5245867],[35.5472819,38.5218161],[35.5427494,38.5116936],[35.5427547,38.5008269],[35.5529333,38.4918094],[35.5619714,38.4898506],[35.5636269,38.4837872],[35.5650281,38.4898364],[35.568455,38.4921256],[35.5749225,38.4928083],[35.5778094,38.4878986],[35.5807831,38.4910447],[35.5845956,38.4874617],[35.5872986,38.4797933],[35.5936042,38.4777792],[35.5955528,38.4795428],[35.6005942,38.4790633],[35.6005217,38.4775142],[35.6060567,38.4738047],[35.6113806,38.4729008],[35.6168664,38.4694669],[35.6202933,38.4696117],[35.6261733,38.465875],[35.6300256,38.4666028],[35.6342422,38.4645592],[35.6382192,38.4598361],[35.6433503,38.45958],[35.6413792,38.4563967],[35.6472458,38.4502058],[35.6491778,38.4509017],[35.6493725,38.4485378],[35.6540272,38.4434669],[35.6560028,38.4303858],[35.6592839,38.4307044],[35.6622844,38.4219278],[35.6676047,38.4213481],[35.6700022,38.4180264],[35.6714944,38.4126289],[35.6697411,38.4118231],[35.6736208,38.4033033],[35.6769158,38.4049014],[35.6784153,38.4036914],[35.6839242,38.4035822],[35.6860422,38.3957506],[35.6850919,38.3868442],[35.6879078,38.384045],[35.6868175,38.3809617],[35.6890494,38.3819278],[35.6873669,38.3773789],[35.6899939,38.3768169],[35.6905672,38.3720636],[35.6928892,38.3712422],[35.6916117,38.3697325],[35.6941308,38.3690006],[35.6938808,38.3592094],[35.6987342,38.3589167],[35.7004361,38.3605742],[35.7021419,38.3569317],[35.7085558,38.3555519],[35.7085725,38.3505167],[35.706295,38.3474883],[35.7116228,38.3461889],[35.7146369,38.3434331],[35.7263872,38.3404567],[35.7574858,38.3438644],[35.7525131,38.3417583],[35.7520811,38.34021],[35.7551964,38.3217747],[35.7536547,38.315005],[35.7594992,38.3023636],[35.7650081,38.2986306],[35.7586503,38.2865128],[35.7592331,38.2777889],[35.7682933,38.2538144],[35.7699789,38.25661],[35.7830167,38.2579564],[35.7949072,38.2618467],[35.8148356,38.2641556],[35.8231089,38.2601708],[35.8302047,38.2500608],[35.8332328,38.2538122],[35.840655,38.2562761],[35.8483411,38.2558658],[35.8470256,38.2611175],[35.8507639,38.2642842],[35.8649378,38.2632042],[35.8615706,38.2682997],[35.8636369,38.2708444],[35.8620733,38.2762933],[35.8699128,38.2717864],[35.8722403,38.2735614],[35.87453,38.2828847],[35.8767897,38.27941],[35.8804114,38.2776431],[35.8852714,38.2802944],[35.8871286,38.2848869],[35.8877986,38.2830831],[35.8969822,38.2812869],[35.9028594,38.2825861],[35.9054008,38.2853361],[35.9121606,38.2794503],[35.9119375,38.2752739],[35.9147428,38.2707669],[35.9118017,38.2661892],[35.9087233,38.2663019],[35.9061106,38.2620842],[35.90246,38.2617472],[35.9063392,38.2560403],[35.9051394,38.2545614],[35.9083767,38.2531681],[35.9171717,38.2414939],[35.9243561,38.2383144],[35.9257539,38.2329308],[35.9274592,38.2329772],[35.9297292,38.2302319],[35.9388606,38.2296161],[35.9375539,38.2243039],[35.9392628,38.2215386],[35.9523689,38.2217894],[35.9548286,38.2164006],[35.9707525,38.2136922],[35.9852956,38.2180439],[35.9903569,38.22343]]]}},{"type":"Feature","properties":{"code":"38-15","provinceCode":"38","name":"Yahyalı"},"geometry":{"type":"Polygon","coordinates":[[[35.2292069,38.0488542],[35.2182925,38.0030053],[35.232305,37.9895064],[35.2280236,37.9870006],[35.2176961,37.9911044],[35.2007344,37.9806978],[35.2103514,37.9661839],[35.2068264,37.9487575],[35.2062506,37.9332758],[35.2100722,37.9231436],[35.2061325,37.9065631],[35.2094136,37.8936339],[35.1979067,37.8811728],[35.1990158,37.8700753],[35.1972033,37.8628728],[35.1703781,37.8230944],[35.1534456,37.8141194],[35.1498853,37.8050503],[35.1616958,37.7932769],[35.1610578,37.7840158],[35.1710039,37.7780003],[35.1738242,37.7782914],[35.1780764,37.7739353],[35.1849203,37.7758283],[35.1892911,37.7755264],[35.2006161,37.7701903],[35.2149006,37.7607328],[35.2343725,37.7574886],[35.2558983,37.7646694],[35.2612039,37.762715],[35.2602772,37.7593961],[35.2928239,37.7527175],[35.3046447,37.7532369],[35.3102522,37.7398725],[35.305595,37.7324906],[35.3111078,37.7175514],[35.3206733,37.7056078],[35.3350933,37.7038858],[35.3589297,37.7036056],[35.3887822,37.6942033],[35.3997269,37.6934553],[35.4051022,37.6914408],[35.4290472,37.6979731],[35.4429342,37.71056],[35.4743869,37.7241721],[35.4808022,37.7193861],[35.4785669,37.7135522],[35.4824597,37.7079578],[35.49924,37.7163892],[35.5128047,37.7183186],[35.5195961,37.7251739],[35.5226556,37.7495978],[35.5174089,37.7606489],[35.5262367,37.7667844],[35.5299356,37.7761303],[35.5187469,37.8010114],[35.5396628,37.7983608],[35.5387681,37.7995325],[35.5611436,37.8023097],[35.5761028,37.7880553],[35.5798258,37.7896917],[35.5925325,37.7990381],[35.6037414,37.8017789],[35.6045928,37.8106253],[35.6099822,37.8270044],[35.6158336,37.8309619],[35.6235522,37.8408322],[35.6121797,37.8427561],[35.6189331,37.8496997],[35.6167069,37.8486853],[35.6075342,37.8527958],[35.6040069,37.8600436],[35.5972875,37.8601467],[35.5980825,37.866995],[35.5948211,37.8704444],[35.5961361,37.8729753],[35.58658,37.8851875],[35.5863589,37.8912989],[35.5908047,37.8951592],[35.5944075,37.9051442],[35.5864217,37.9211136],[35.5767414,37.9311053],[35.5756911,37.9414231],[35.5839969,37.9490386],[35.5912942,37.9592892],[35.5981667,37.9654569],[35.6047461,37.9680317],[35.6110408,37.9683939],[35.6194275,37.9717892],[35.6276064,37.9732044],[35.6315275,37.9722561],[35.6395108,37.9736617],[35.6483517,37.9780503],[35.6709506,37.9837753],[35.69,37.9736461],[35.6891194,37.9793514],[35.6929583,37.9958161],[35.67487,38.0150181],[35.6634342,38.014685],[35.6508233,38.0220694],[35.6476169,38.0215936],[35.6458772,38.0267767],[35.6334364,38.0315422],[35.6244064,38.0434219],[35.6157978,38.0468481],[35.6046758,38.0488964],[35.5994444,38.0516558],[35.5996728,38.0574419],[35.5961586,38.0665989],[35.5917814,38.0673844],[35.5865778,38.0646411],[35.5675725,38.0680603],[35.5646594,38.0766875],[35.5630836,38.076705],[35.5608911,38.0825258],[35.5516797,38.0937008],[35.5539917,38.1031608],[35.5520497,38.1132378],[35.5602086,38.1240386],[35.5712078,38.1273147],[35.5760408,38.1326072],[35.5727744,38.1391892],[35.5676433,38.1424306],[35.5721169,38.1458919],[35.5728031,38.1515453],[35.5778597,38.1577692],[35.57417,38.1608931],[35.5827675,38.1633206],[35.5820003,38.1669664],[35.5845217,38.1704725],[35.5841547,38.1759953],[35.5884208,38.1787286],[35.5925108,38.1848269],[35.5853744,38.1853881],[35.5834058,38.1874867],[35.5746908,38.1888578],[35.5656708,38.1942297],[35.5658836,38.1960158],[35.5585428,38.1972025],[35.5609061,38.1978656],[35.5574733,38.1979447],[35.5565247,38.2097844],[35.5418864,38.2092881],[35.5269953,38.2140361],[35.5152189,38.2226147],[35.5146781,38.2250014],[35.5089269,38.2210339],[35.5117208,38.2166464],[35.5095311,38.2001625],[35.5035603,38.2038217],[35.4957906,38.2022164],[35.4932981,38.2029589],[35.4851719,38.1921639],[35.4836217,38.1784669],[35.4746953,38.1812092],[35.4622903,38.1887417],[35.4590208,38.1881122],[35.4525786,38.1928067],[35.4145586,38.2096483],[35.3988631,38.2121542],[35.3995769,38.2273836],[35.3949533,38.2414931],[35.3931794,38.2564686],[35.392195,38.2555661],[35.3801725,38.2564242],[35.3804114,38.2583419],[35.3485844,38.2499828],[35.3471867,38.2508292],[35.3439444,38.2495153],[35.3445867,38.2486464],[35.3254383,38.24349],[35.3212178,38.2427264],[35.3196039,38.2446631],[35.3160575,38.2439158],[35.3108039,38.2406097],[35.3262792,38.2263978],[35.3214847,38.2227589],[35.3265014,38.2147844],[35.3241881,38.2119989],[35.3204408,38.2124186],[35.3236667,38.2091372],[35.3207972,38.2067522],[35.3162331,38.2057706],[35.3150594,38.2039108],[35.3164953,38.2027747],[35.3149092,38.2018275],[35.3122417,38.2032097],[35.3041428,38.1996714],[35.3069278,38.1968219],[35.3058667,38.1954478],[35.3015047,38.1993819],[35.299335,38.1973097],[35.2969117,38.1980431],[35.2941522,38.1943794],[35.2914542,38.195045],[35.2942,38.2001703],[35.2715272,38.1971833],[35.2536942,38.2041342],[35.2552983,38.2105186],[35.2511106,38.21888],[35.2481317,38.2035572],[35.2513197,38.201625],[35.2479869,38.2023614],[35.2318944,38.1981328],[35.23737,38.1912325],[35.2356961,38.1867656],[35.2370469,38.1771922],[35.2420553,38.1725853],[35.2396136,38.1707894],[35.2424414,38.1659369],[35.2432353,38.15862],[35.2412656,38.1540136],[35.2445992,38.1517392],[35.2387178,38.145205],[35.2321903,38.1414375],[35.2308161,38.1086275],[35.2237289,38.0997697],[35.2212322,38.0916328],[35.2227081,38.0884875],[35.2256208,38.0870703],[35.2234775,38.0767536],[35.2316308,38.0607456],[35.2369008,38.0567506],[35.2292069,38.0488542]]]}},{"type":"Feature","properties":{"code":"38-16","provinceCode":"38","name":"Yeşilhisar"},"geometry":{"type":"Polygon","coordinates":[[[35.3108039,38.2406097],[35.2989567,38.2501428],[35.2926597,38.250845],[35.2931892,38.2529611],[35.2909269,38.2551933],[35.2716564,38.2588322],[35.2547153,38.2444258],[35.2348322,38.2449025],[35.2182042,38.2578628],[35.2109567,38.2608239],[35.2396664,38.2668619],[35.2393597,38.2742728],[35.2431797,38.2903558],[35.2518517,38.2883933],[35.2578608,38.2907889],[35.2754667,38.2925975],[35.2760506,38.3331628],[35.2793725,38.3533128],[35.2796478,38.3840786],[35.2827594,38.3934722],[35.2624044,38.3953406],[35.2544519,38.4014467],[35.2501219,38.4099742],[35.2372731,38.4241347],[35.2336039,38.4244453],[35.2246686,38.4336653],[35.2299842,38.4367728],[35.2289897,38.4419031],[35.2154939,38.4420228],[35.2092761,38.4479206],[35.1842881,38.4514297],[35.1702767,38.4561447],[35.158625,38.4735356],[35.1465364,38.4804456],[35.1388203,38.4698881],[35.1361722,38.4685328],[35.1318381,38.4705183],[35.1250717,38.4708822],[35.1182203,38.4756447],[35.1140583,38.4766128],[35.1040492,38.4771742],[35.0962664,38.4796622],[35.0887417,38.4779417],[35.0625028,38.4837667],[35.0537544,38.4819158],[35.0512767,38.4831897],[35.0536842,38.4833764],[35.0493525,38.4857194],[35.0409614,38.4862947],[35.0405017,38.4833792],[35.0320547,38.4837381],[35.0296603,38.4798892],[35.0270228,38.4801236],[35.0261647,38.4785844],[35.0248861,38.4798914],[35.0219264,38.4774436],[35.0207539,38.4789258],[35.0182753,38.4764106],[35.0165925,38.4770258],[35.0163281,38.4752872],[35.0141058,38.4757906],[35.0125228,38.4724456],[35.0103689,38.4734942],[35.0057414,38.4723994],[35.0067369,38.4691925],[35.0041261,38.4667747],[35.0046717,38.4638533],[35.000005,38.4602717],[34.997965,38.4607078],[34.9947908,38.4586139],[34.99601,38.4545461],[34.99235,38.45672],[34.9907431,38.4546981],[34.9987692,38.4466742],[34.9965317,38.4465653],[34.9978725,38.4436767],[34.9961128,38.4421797],[34.9995058,38.4364561],[34.9983725,38.4343425],[35.0012858,38.4332931],[34.9992903,38.4321525],[34.9998906,38.4285022],[35.0035719,38.426345],[35.0026711,38.4242308],[34.9992592,38.4231069],[35.0026417,38.4157061],[35.0004789,38.416925],[34.9976922,38.4154008],[34.9913133,38.4174811],[34.9905406,38.4162736],[34.9845067,38.4195],[34.9800364,38.4187983],[34.9782822,38.4169472],[34.9751497,38.4172283],[34.9745175,38.4187369],[34.9739706,38.4168906],[34.9726572,38.4179456],[34.96788,38.4160436],[34.9653333,38.4168767],[34.9616444,38.4143692],[34.9602917,38.4157783],[34.9584078,38.4142564],[34.9568197,38.4152667],[34.9590322,38.4170503],[34.9550153,38.4189583],[34.957065,38.4201169],[34.9499442,38.4224514],[34.9496778,38.4249281],[34.9479064,38.4234956],[34.9459011,38.4260156],[34.9333214,38.4234728],[34.9307547,38.4259489],[34.9317719,38.4272492],[34.9286789,38.4281669],[34.9306747,38.4331642],[34.9287881,38.4323614],[34.9234425,38.4347517],[34.9164661,38.4340114],[34.9129386,38.4369114],[34.9061472,38.4361775],[34.8985778,38.4414436],[34.8874106,38.4413139],[34.8839658,38.4450272],[34.8801703,38.4461536],[34.8688397,38.4429747],[34.8631158,38.4375994],[34.8575853,38.4289031],[34.8551975,38.4294636],[34.8469256,38.4244058],[34.8517536,38.4213731],[34.8527239,38.4149328],[34.8511258,38.4148914],[34.8508447,38.4118658],[34.8527875,38.4100833],[34.8503811,38.4036794],[34.8547339,38.4026139],[34.8527692,38.3985744],[34.85752,38.3937578],[34.8525231,38.3937372],[34.8535492,38.3877422],[34.8522797,38.3819361],[34.8658878,38.3820828],[34.8627939,38.3783736],[34.8649853,38.3745183],[34.8646031,38.3703208],[34.8736431,38.3688867],[34.8720881,38.3667558],[34.8760669,38.3683103],[34.8781236,38.3666333],[34.8814528,38.3635028],[34.8808517,38.36164],[34.8852414,38.3610325],[34.8856636,38.3595075],[34.8918136,38.3591539],[34.8940239,38.3560942],[34.9050281,38.3532019],[34.9077761,38.3478361],[34.9068631,38.34359],[34.9181814,38.3407122],[34.9161331,38.3396564],[34.9195778,38.3398492],[34.9193817,38.3379033],[34.9225397,38.3415836],[34.9336136,38.3396481],[34.9349528,38.328485],[34.9380572,38.3274369],[34.9403694,38.3215747],[34.9425425,38.3218797],[34.9418144,38.3241267],[34.9441889,38.3250897],[34.9453008,38.3185911],[34.9514508,38.3166336],[34.9545361,38.3185164],[34.9549286,38.3165567],[34.9561653,38.3172997],[34.9585631,38.31507],[34.9596308,38.3160544],[34.9638911,38.3116264],[34.9705653,38.3117239],[34.9746028,38.3075058],[34.9750814,38.3017861],[34.9846492,38.3049186],[34.9841592,38.30181],[34.9887775,38.3033575],[34.9925264,38.3014675],[34.9935653,38.2989825],[34.9968858,38.3015614],[35.0021528,38.3011478],[35.0023897,38.3023247],[35.0082281,38.3008961],[35.0136986,38.2950881],[35.0117953,38.2893886],[35.0145356,38.2858225],[35.0129103,38.2827653],[35.0157683,38.27807],[35.0240328,38.2728953],[35.0356014,38.2713547],[35.0274339,38.2658181],[35.0290147,38.2631228],[35.0272286,38.2573661],[35.0234422,38.2581692],[35.0216761,38.2561564],[35.0162106,38.2563303],[35.0133097,38.2517817],[35.0150908,38.2470081],[35.0124428,38.2426431],[35.0133469,38.2401172],[35.0119789,38.2375089],[35.0101578,38.2375475],[35.0097475,38.2303461],[35.0081761,38.2285086],[35.0090353,38.2271392],[35.0104258,38.2277386],[35.0094997,38.2256544],[35.0128025,38.2230397],[35.0115017,38.2193697],[35.0139144,38.2152706],[35.0128008,38.2090517],[35.0245322,38.2157647],[35.0246331,38.2091925],[35.0382969,38.2041589],[35.0365153,38.2009986],[35.0387678,38.1971436],[35.0364975,38.1913292],[35.0393639,38.186895],[35.0374214,38.1868575],[35.0343086,38.1828944],[35.0389753,38.1752583],[35.0379281,38.1726169],[35.0402908,38.1720989],[35.0386786,38.1706797],[35.0502058,38.1663075],[35.0513219,38.1690111],[35.054095,38.168335],[35.0543689,38.1657331],[35.0566092,38.1675756],[35.0577044,38.1660442],[35.0552194,38.16493],[35.0562192,38.1636622],[35.0591158,38.1663789],[35.0642028,38.1611506],[35.0648097,38.1635594],[35.0682836,38.1646283],[35.0700583,38.1644519],[35.0714028,38.1619233],[35.0773983,38.1631389],[35.0819631,38.1591617],[35.0908742,38.1599408],[35.0926564,38.1646344],[35.0967389,38.1658578],[35.1043494,38.1739581],[35.1026042,38.1785983],[35.1043222,38.17959],[35.1042714,38.18615],[35.1063678,38.1896433],[35.1088119,38.1900614],[35.1165331,38.1859369],[35.1267983,38.1885692],[35.1313983,38.1876503],[35.1323617,38.1849478],[35.1323925,38.1798292],[35.1290792,38.1753239],[35.1364747,38.1763003],[35.13601,38.1746133],[35.1407603,38.1753064],[35.1426086,38.1724247],[35.1404908,38.1697578],[35.1416453,38.1678767],[35.1438714,38.1656681],[35.1476989,38.1651678],[35.1497281,38.1613275],[35.1750247,38.1675678],[35.1856944,38.1588544],[35.1944117,38.1640139],[35.1961119,38.1626761],[35.1977722,38.1534058],[35.2077142,38.1416686],[35.2216344,38.1353436],[35.2321903,38.1414375],[35.2387178,38.145205],[35.2445992,38.1517392],[35.2412656,38.1540136],[35.2432353,38.15862],[35.2424414,38.1659369],[35.2396136,38.1707894],[35.2420553,38.1725853],[35.2370469,38.1771922],[35.2356961,38.1867656],[35.23737,38.1912325],[35.2318944,38.1981328],[35.2479869,38.2023614],[35.2513197,38.201625],[35.2481317,38.2035572],[35.2511106,38.21888],[35.2552983,38.2105186],[35.2536942,38.2041342],[35.2715272,38.1971833],[35.2942,38.2001703],[35.2914542,38.195045],[35.2941522,38.1943794],[35.2969117,38.1980431],[35.299335,38.1973097],[35.3015047,38.1993819],[35.3058667,38.1954478],[35.3069278,38.1968219],[35.3041428,38.1996714],[35.3122417,38.2032097],[35.3149092,38.2018275],[35.3164953,38.2027747],[35.3150594,38.2039108],[35.3162331,38.2057706],[35.3207972,38.2067522],[35.3236667,38.2091372],[35.3204408,38.2124186],[35.3241881,38.2119989],[35.3265014,38.2147844],[35.3214847,38.2227589],[35.3262792,38.2263978],[35.3108039,38.2406097]]]}}]}