{"type":"FeatureCollection","features":[{"type":"Feature","properties":{"code":"06-01","provinceCode":"06","name":"Ağaçören"},"geometry":{"type":"Polygon","coordinates":[[[33.8029343,38.8820402],[33.7995242,38.8736613],[33.7986659,38.8576223],[33.7900828,38.8522082],[33.7882804,38.8529435],[33.7880229,38.8512725],[33.7845897,38.851473],[33.7855338,38.8496682],[33.7778949,38.8409779],[33.7776374,38.8385043],[33.7853622,38.8351615],[33.783903,38.8308156],[33.7810706,38.8278067],[33.7772941,38.8275392],[33.7752341,38.8242628],[33.7688827,38.8234603],[33.7670802,38.8215211],[33.7668227,38.809684],[33.7724876,38.8065405],[33.7708568,38.8048014],[33.772745,38.8013901],[33.7734317,38.8030624],[33.7766074,38.7994503],[33.7760066,38.7955036],[33.7777232,38.7936974],[33.7684535,38.7911553],[33.7686252,38.7898842],[33.7705993,38.7905532],[33.7703418,38.7887468],[33.7650203,38.7874757],[33.7615871,38.7833945],[33.7627029,38.780116],[33.7605571,38.7795807],[33.7598704,38.7809858],[33.7549781,38.7756329],[33.7537765,38.7772388],[33.7525748,38.7760344],[33.7542914,38.7714841],[33.7509441,38.7694096],[33.7491416,38.7700119],[33.7466525,38.765662],[33.7477683,38.7641228],[33.7487125,38.7660636],[33.751459,38.7663312],[33.7517165,38.7640558],[33.7467383,38.7609103],[33.7397861,38.7591702],[33.7379836,38.7552881],[33.7397002,38.7499333],[33.7374686,38.7495986],[33.7318896,38.7443772],[33.7348937,38.7426367],[33.7345504,38.7404944],[33.7293147,38.7413647],[33.7251948,38.737147],[33.7216758,38.7376826],[33.721075,38.7400927],[33.7117194,38.7313221],[33.7106895,38.7321925],[33.7075996,38.7295143],[33.7016772,38.7224834],[33.6966991,38.7222825],[33.6862277,38.7167243],[33.6827945,38.7165234],[33.670349,38.7110987],[33.6696624,38.7075489],[33.6631393,38.7078168],[33.654127,38.7032622],[33.6532413,38.6923719],[33.6436035,38.6887577],[33.670875,38.6374952],[33.7048946,38.6408874],[33.7439809,38.6738591],[33.7712448,38.6940114],[33.7903054,38.7152876],[33.8033342,38.7179232],[33.8325283,38.7145346],[33.8561731,38.6998489],[33.8776464,38.6958945],[33.8878827,38.7169897],[33.8936045,38.7184168],[33.9104491,38.7292151],[33.923407,38.7342044],[33.930103,38.7352596],[33.9424073,38.7473579],[33.9614301,38.7602667],[33.9660213,38.7702593],[33.9693804,38.7736386],[33.9917636,38.7769254],[34.0181098,38.7992691],[34.0222791,38.8081383],[34.0139406,38.8230125],[34.0000961,38.8320668],[33.9891132,38.8768198],[33.9558259,38.903111],[33.9419689,38.9113278],[33.9301618,38.9324032],[33.9249649,38.9484454],[33.9198839,38.9453367],[33.8982283,38.9187657],[33.8915307,38.9161601],[33.8843866,38.9173761],[33.8721077,38.9271028],[33.858266,38.9267554],[33.8511218,38.9184183],[33.850158,38.908106],[33.8421629,38.9050384],[33.8372351,38.8983139],[33.8377312,38.8942833],[33.8323686,38.890447],[33.8029343,38.8820402]]]}},{"type":"Feature","properties":{"code":"06-02","provinceCode":"06","name":"Akyurt"},"geometry":{"type":"Polygon","coordinates":[[[32.9995769,40.0474975],[33.0028314,40.0443705],[33.0107121,40.0428029],[33.0197097,40.0377196],[33.0326827,40.0480539],[33.0416099,40.0467581],[33.0428427,40.0454369],[33.0438647,40.0473803],[33.050568,40.0488971],[33.05077,40.0513833],[33.0522736,40.0515365],[33.0546232,40.0490273],[33.0686806,40.0472694],[33.0773151,40.0388541],[33.0847749,40.0236754],[33.0925554,40.0235087],[33.099933,40.0264841],[33.1176485,40.029446],[33.1251804,40.0319369],[33.1300449,40.0404294],[33.1363105,40.0450947],[33.1409453,40.0456204],[33.1436919,40.0477229],[33.1593131,40.0462774],[33.1611156,40.0491684],[33.1598281,40.0515994],[33.1744193,40.0519936],[33.182018,40.0562487],[33.1848907,40.0602056],[33.2025718,40.0636215],[33.2119273,40.059483],[33.216648,40.0599428],[33.2253765,40.0639843],[33.2308959,40.0731457],[33.2530402,40.0688107],[33.2547568,40.0710439],[33.26025,40.0713723],[33.2644557,40.0697303],[33.265829,40.0670372],[33.2713761,40.0670068],[33.2811927,40.0736711],[33.2906341,40.0742622],[33.2917499,40.0781372],[33.2944965,40.0782028],[33.2955264,40.0817492],[33.3035087,40.0814865],[33.2914065,40.086346],[33.2988738,40.0920588],[33.3114909,40.0943569],[33.3157825,40.098165],[33.308916,40.1025638],[33.3091735,40.1135267],[33.2950973,40.122847],[33.2943248,40.1319036],[33.2841109,40.1305255],[33.2843684,40.1332817],[33.2793902,40.1355784],[33.275442,40.1355128],[33.2690906,40.1389905],[33.269863,40.1443052],[33.2732963,40.150866],[33.2811069,40.1511284],[33.2875442,40.1547365],[33.2902049,40.1540805],[33.2935523,40.1504724],[33.2955264,40.1519156],[33.2989596,40.1490946],[33.298273,40.1530309],[33.3017062,40.1527029],[33.308916,40.1637233],[33.3086585,40.1662157],[33.3112334,40.166806],[33.3069419,40.1727744],[33.3070277,40.176906],[33.3042811,40.1794636],[33.3074569,40.1799882],[33.307886,40.1834637],[33.3058261,40.1842505],[33.3046245,40.1912008],[33.3017062,40.1953314],[33.2969855,40.1974949],[33.3023929,40.1992649],[33.3014487,40.2037883],[33.292179,40.2056237],[33.2905482,40.2067381],[33.2914924,40.2098189],[33.2873725,40.2096223],[33.2868575,40.210671],[33.2893466,40.2115231],[33.2884025,40.2143416],[33.2905482,40.2153902],[33.2879733,40.218995],[33.2857417,40.2194537],[33.2868575,40.2210922],[33.2841109,40.220699],[33.281021,40.2230583],[33.2745837,40.2241723],[33.2726955,40.2234515],[33.2722663,40.2209611],[33.2700347,40.2199781],[33.2723521,40.2183396],[33.2650565,40.2154558],[33.265314,40.2129651],[33.2605933,40.2109988],[33.2617091,40.207918],[33.2593917,40.2037883],[33.2566072,40.2034151],[33.2545852,40.1963148],[33.2514094,40.1912664],[33.2492637,40.1911353],[33.2477187,40.1826112],[33.2395648,40.1766437],[33.2388782,40.1732991],[33.2356166,40.173627],[33.2345008,40.1763158],[33.228836,40.1768404],[33.227291,40.1797915],[33.2246303,40.1801849],[33.2259177,40.181562],[33.2247161,40.1827423],[33.2143306,40.1856275],[33.2096957,40.1742828],[33.2031726,40.1699542],[33.1965636,40.169036],[33.1927871,40.1703478],[33.190813,40.1687737],[33.1918429,40.1664781],[33.184719,40.1659534],[33.1778525,40.1762502],[33.1774234,40.1833325],[33.1697845,40.1837259],[33.1684112,40.1822833],[33.1662654,40.185562],[33.1641196,40.1858898],[33.1613731,40.1839227],[33.1557941,40.1852997],[33.1450652,40.1827423],[33.1436919,40.1792013],[33.1348514,40.1842505],[33.1341647,40.189365],[33.1309032,40.1885126],[33.1275558,40.1912664],[33.1239509,40.1896928],[33.1230926,40.191332],[33.1175994,40.1886437],[33.1159686,40.1900862],[33.1121921,40.1868078],[33.1022358,40.1922826],[33.1030691,40.1984154],[33.0879336,40.1986122],[33.0891861,40.2018703],[33.0758428,40.2039849],[33.0766153,40.1991666],[33.0714508,40.1986219],[33.0714225,40.1965115],[33.0745124,40.1912008],[33.0774306,40.1907419],[33.0750274,40.1888404],[33.076744,40.1858242],[33.0730533,40.1860865],[33.0712508,40.1845784],[33.0745124,40.1803816],[33.0739116,40.1784799],[33.0809497,40.178152],[33.0799197,40.1679866],[33.077774,40.1687081],[33.0775165,40.1676587],[33.0796622,40.1640512],[33.0758857,40.155327],[33.0659293,40.1551301],[33.0658435,40.1502755],[33.059492,40.1517844],[33.0608653,40.1499475],[33.0583762,40.1485042],[33.055973,40.1494227],[33.0524539,40.1467328],[33.0514239,40.1432554],[33.049364,40.1435179],[33.0428409,40.1504067],[33.0407381,40.1557205],[33.0364598,40.1562943],[33.0344295,40.1526701],[33.0168459,40.1431572],[33.0189371,40.1405652],[33.0127573,40.1358736],[33.0122852,40.1342003],[33.0157184,40.1334457],[33.0164909,40.1319036],[33.0109119,40.1207139],[33.0061483,40.1204186],[33.0053758,40.1182198],[33.0024576,40.1180229],[33.0023288,40.1169071],[32.9941749,40.1180557],[32.9941749,40.1169399],[32.9916063,40.1169488],[32.9913598,40.113906],[32.9881134,40.1143321],[32.990055,40.1133585],[32.9888503,40.1109694],[32.9826762,40.1108824],[32.9833523,40.1083815],[32.9805082,40.1050719],[32.9769063,40.1057296],[32.9746565,40.0978652],[32.9707753,40.0972622],[32.9692524,40.0929077],[32.960781,40.0827761],[32.9563671,40.0821061],[32.95408,40.0736695],[32.9622907,40.0729528],[32.9659254,40.0712059],[32.9713746,40.0763095],[32.9756976,40.0733198],[32.9841599,40.0771646],[32.9867089,40.0757074],[32.9859391,40.0696708],[32.9833666,40.0656297],[32.9847237,40.0650157],[32.9828377,40.0606205],[32.9852177,40.0589001],[32.9826394,40.0498925],[32.9835649,40.0467548],[32.9915493,40.048293],[32.9937681,40.0470835],[32.9995769,40.0474975]]]}},{"type":"Feature","properties":{"code":"06-03","provinceCode":"06","name":"Altındağ"},"geometry":{"type":"Polygon","coordinates":[[[32.8470563,39.9604849],[32.8420782,39.9591612],[32.8391305,39.9558635],[32.8319098,39.9536704],[32.8353924,39.9511388],[32.8307381,39.9459484],[32.8405791,39.9388755],[32.8387352,39.9368204],[32.8513656,39.9291711],[32.8673588,39.9279809],[32.8720888,39.9340875],[32.8759537,39.9345273],[32.880049,39.9415856],[32.8909982,39.9443001],[32.8907977,39.9479872],[32.8970584,39.9553138],[32.9104355,39.9518061],[32.9089699,39.9530325],[32.9107131,39.9563505],[32.9175023,39.9546889],[32.9255591,39.9598733],[32.9444953,39.9640915],[32.9624687,39.9721959],[32.9613469,39.9648047],[32.9732209,39.9522416],[32.983873,39.9489066],[32.988847,39.9640253],[32.9989445,39.967566],[33.0052796,39.9678061],[33.0070882,39.9714296],[33.0135083,39.974517],[33.0165675,39.9797669],[33.0200577,39.9811371],[33.0269948,39.9799155],[33.0376807,39.9834812],[33.0519693,39.9859636],[33.0570647,39.9889231],[33.0686526,39.9904343],[33.0732549,39.9906862],[33.0769532,39.9739354],[33.0716112,39.9703454],[33.0771997,39.9650546],[33.0830105,39.9627325],[33.0840624,39.9603781],[33.0765197,39.9580789],[33.071986,39.9497017],[33.0844832,39.9470243],[33.0902059,39.9489276],[33.0918048,39.9627648],[33.089621,39.9714624],[33.0913469,39.9791459],[33.1087699,40.000932],[33.1088521,40.0054646],[33.1125504,40.0094934],[33.1078659,40.0189349],[33.1140759,40.0206268],[33.1119625,40.0242936],[33.1172747,40.0267662],[33.1176485,40.029446],[33.099933,40.0264841],[33.0925554,40.0235087],[33.0847749,40.0236754],[33.0773151,40.0388541],[33.0686806,40.0472694],[33.0546232,40.0490273],[33.0522736,40.0515365],[33.05077,40.0513833],[33.050568,40.0488971],[33.0438647,40.0473803],[33.0428427,40.0454369],[33.0416099,40.0467581],[33.0326827,40.0480539],[33.0197097,40.0377196],[33.0107121,40.0428029],[33.0028314,40.0443705],[32.9995769,40.0474975],[32.9891442,40.0421912],[32.9924815,40.038144],[32.9761804,40.037746],[32.9757323,40.0423837],[32.9705623,40.0451776],[32.9628373,40.0463954],[32.9581292,40.0506665],[32.9505729,40.0502497],[32.9502918,40.0466325],[32.9526465,40.0426246],[32.9490255,40.0386375],[32.9469597,40.0327383],[32.9417825,40.0384774],[32.9449754,40.0430016],[32.9410959,40.0493086],[32.9379787,40.0523207],[32.9266488,40.0542552],[32.924573,40.0464432],[32.9184827,40.0425819],[32.9161536,40.043566],[32.9079287,40.0365828],[32.9088477,40.0313616],[32.9122262,40.0276347],[32.9107644,40.0260114],[32.9053565,40.0239028],[32.8961898,40.0244076],[32.8962076,40.0228637],[32.898189,40.0146013],[32.8969461,40.0078872],[32.8993281,40.0044496],[32.8982421,39.9981553],[32.901151,39.996264],[32.8953229,39.9848195],[32.8869916,39.9829106],[32.8843749,39.9746995],[32.877386,39.9710346],[32.8654886,39.9592426],[32.8501515,39.9579622],[32.8470563,39.9604849]]]}},{"type":"Feature","properties":{"code":"06-04","provinceCode":"06","name":"Ayaş"},"geometry":{"type":"MultiPolygon","coordinates":[[[[31.9486323,39.8604055],[31.958456,39.8405726],[31.96352,39.8356297],[31.967554,39.835432],[31.9714164,39.8380023],[31.9775104,39.8532249],[31.9836902,39.8553993],[31.984806,39.8603408],[31.9907283,39.8616585],[31.9971656,39.8603408],[32.0091819,39.8557287],[32.0180225,39.8503915],[32.0230006,39.8511822],[32.0244598,39.8555311],[32.033472,39.8610655],[32.036476,39.864689],[32.0394801,39.8723966],[32.0355319,39.8951189],[32.049179,39.9136864],[32.0489215,39.9163197],[32.0417117,39.9210593],[32.0411109,39.9242189],[32.0442866,39.9321172],[32.0607661,39.9403436],[32.0585345,39.9418572],[32.0665168,39.9483717],[32.0569896,39.9477795],[32.0484923,39.9530433],[32.0367335,39.9697533],[32.0350169,39.9785014],[32.0265197,39.9729106],[32.0024013,39.9687666],[31.9993114,39.9693586],[31.9993972,39.971332],[31.9951057,39.9712662],[31.9833469,39.9668589],[31.9783687,39.9664642],[31.9565677,39.9693586],[31.9657516,39.9493587],[31.9648933,39.9444236],[31.9600867,39.9440288],[31.9596576,39.941594],[31.9600009,39.9358028],[31.9631766,39.9340916],[31.9618034,39.9270492],[31.9636058,39.9267859],[31.9595718,39.9220467],[31.9586276,39.9180313],[31.96146,39.9182287],[31.9612884,39.9159905],[31.9636916,39.9151347],[31.9573402,39.9101972],[31.9554519,39.90493],[31.9549369,39.8969627],[31.9576835,39.8906409],[31.9537353,39.881684],[31.9545936,39.8772051],[31.9502162,39.8710791],[31.9486323,39.8604055]]],[[[32.1136379,40.1029905],[32.1156119,40.101973],[32.1102904,40.0984277],[32.109003,40.0927154],[32.1065139,40.0924528],[32.103939,40.0870684],[32.1008491,40.086937],[32.1020507,40.0912709],[32.0977592,40.0889727],[32.0956134,40.0908112],[32.0975875,40.0925841],[32.0899486,40.0912052],[32.081108,40.0738682],[32.0925235,40.0685808],[32.1008491,40.0673985],[32.1029949,40.0648367],[32.1096038,40.0646396],[32.1118354,40.0623077],[32.1144962,40.0620121],[32.1150541,40.0584975],[32.1169661,40.0584955],[32.1162128,40.0684166],[32.1203326,40.0715037],[32.12574,40.0835223],[32.1277999,40.0837193],[32.1267699,40.0816178],[32.1317481,40.0799104],[32.1320056,40.0763639],[32.1368121,40.0759042],[32.1397304,40.0787939],[32.1441077,40.0779401],[32.1481418,40.0790566],[32.1536349,40.0733427],[32.1562957,40.079385],[32.168312,40.0928139],[32.1676254,40.0980994],[32.1635484,40.0985589],[32.1640205,40.1038768],[32.1602439,40.1032859],[32.1582698,40.1072905],[32.1552228,40.1048287],[32.1528625,40.1068638],[32.1508455,40.1056821],[32.1486568,40.1098507],[32.1479272,40.1065684],[32.143507,40.1045661],[32.1369838,40.1063386],[32.1341085,40.1091286],[32.1260833,40.1098507],[32.117629,40.1074875],[32.1136379,40.1029905]]],[[[32.0901202,40.0097354],[32.0913219,40.0069742],[32.09733,40.0032925],[32.1022224,40.0048046],[32.1093463,40.002109],[32.1133803,40.0023063],[32.1100329,39.9932324],[32.125225,39.9877087],[32.1261691,39.9855385],[32.1271991,39.9812637],[32.1220492,39.9721213],[32.1018147,39.964721],[32.1377563,39.9410675],[32.1440219,39.9450158],[32.1381854,39.934684],[32.1375846,39.9273125],[32.1407603,39.9204669],[32.1538924,39.911448],[32.1508884,39.9082879],[32.1502017,39.9038107],[32.1453094,39.8993991],[32.1559524,39.8953823],[32.1608447,39.8909043],[32.1623038,39.8926166],[32.1716594,39.8918922],[32.1744918,39.8853723],[32.1823024,39.8776003],[32.1921729,39.8777979],[32.1939754,39.875229],[32.1958636,39.8759536],[32.2003268,39.8725283],[32.2137164,39.8712109],[32.2168063,39.8669948],[32.2209262,39.8669948],[32.2239303,39.8698934],[32.2277068,39.8693005],[32.2292518,39.8648867],[32.2384357,39.8598796],[32.2473621,39.864689],[32.2531985,39.8660066],[32.2561168,39.8648867],[32.2589492,39.8625808],[32.2604941,39.8565853],[32.2689914,39.8556628],[32.2730939,39.8500965],[32.2817499,39.8486418],[32.2882164,39.8443477],[32.2937917,39.846913],[32.298381,39.845149],[32.3120604,39.8439608],[32.3136408,39.8414224],[32.3189675,39.8390935],[32.3234409,39.8356623],[32.3229714,39.8319706],[32.3316525,39.8122729],[32.3381934,39.808607],[32.335574,39.8019431],[32.3420122,39.7991705],[32.3602445,39.8096075],[32.3605104,39.8196844],[32.3650312,39.8237692],[32.3651198,39.8283304],[32.3592283,39.8337266],[32.364266,39.8359918],[32.3478012,39.8537707],[32.3547905,39.8618881],[32.3631866,39.8646053],[32.3645028,39.8614004],[32.3696766,39.8643615],[32.3698128,39.8667999],[32.3720366,39.8677056],[32.3731259,39.8666606],[32.3742605,39.8680888],[32.3736705,39.8708058],[32.3774374,39.881812],[32.375259,39.8900305],[32.3791166,39.8898564],[32.3802513,39.8917716],[32.3831105,39.8894385],[32.382112,39.8929556],[32.3935728,39.8960349],[32.394662,39.8990642],[32.4011026,39.8999815],[32.4096085,39.8881588],[32.4140743,39.8896632],[32.4195205,39.8867938],[32.4253343,39.8863463],[32.4250506,39.8850839],[32.4317449,39.8843874],[32.4333333,39.8759416],[32.4379285,39.8727198],[32.4428976,39.8728728],[32.449841,39.8758476],[32.4536953,39.8832154],[32.4526174,39.8847825],[32.4548299,39.8863061],[32.4510857,39.8898755],[32.4677645,39.9065336],[32.4770699,39.9203363],[32.47245,39.9252527],[32.4757403,39.9456104],[32.47245,39.9468282],[32.4665499,39.9534387],[32.4668336,39.960092],[32.4514729,39.9691187],[32.4388502,39.9590963],[32.4318121,39.9576489],[32.4261473,39.9631751],[32.4086378,39.9709374],[32.3971691,39.972696],[32.3877549,39.9829162],[32.39591,39.9835954],[32.4106738,39.9926067],[32.4083691,39.9961379],[32.4088728,40.0036645],[32.4199038,40.0167216],[32.4161809,40.0230347],[32.4073167,40.0288044],[32.4122806,40.0355916],[32.418691,40.0394029],[32.4332282,40.0525673],[32.4452836,40.065797],[32.4475601,40.0747704],[32.4566157,40.0804948],[32.4601614,40.0882941],[32.4607819,40.0980589],[32.4668235,40.1066912],[32.4659371,40.1107589],[32.4756877,40.1268918],[32.4869453,40.139836],[32.4866793,40.1432919],[32.4992581,40.1508568],[32.5020175,40.1541592],[32.5109129,40.1570451],[32.5165076,40.1562657],[32.5232212,40.1599865],[32.5274692,40.1645648],[32.5260895,40.1674781],[32.5283406,40.1713345],[32.5396059,40.1787972],[32.5355394,40.1823756],[32.5264625,40.18551],[32.5339782,40.1900033],[32.5476662,40.1913069],[32.5500527,40.1989891],[32.544788,40.2066427],[32.5396686,40.2086392],[32.5391339,40.2122464],[32.5461049,40.2127732],[32.5418472,40.2156196],[32.5478056,40.2262373],[32.5464062,40.228271],[32.5267471,40.2348303],[32.5196169,40.2333956],[32.5155156,40.2396314],[32.5162698,40.2414453],[32.5090598,40.2395055],[32.5069999,40.245402],[32.5022792,40.2430434],[32.5021075,40.2461226],[32.4908637,40.2438951],[32.4862289,40.2480224],[32.4901771,40.2505118],[32.4933528,40.2501187],[32.4965285,40.2559488],[32.4895763,40.2522805],[32.4837398,40.2536561],[32.485628,40.2501187],[32.4822806,40.2493326],[32.4784183,40.2518219],[32.4694919,40.2509048],[32.4739551,40.243371],[32.470951,40.2446813],[32.4644279,40.2404883],[32.4603938,40.2408159],[32.4556731,40.2389158],[32.4556731,40.2288906],[32.4526691,40.228694],[32.4498366,40.2262694],[32.4494075,40.227449],[32.4394511,40.2212888],[32.439022,40.2192571],[32.4280357,40.2161768],[32.4264907,40.2168322],[32.4173503,40.212582],[32.4092798,40.2099098],[32.4042005,40.2106425],[32.397033,40.2077979],[32.3945616,40.2106056],[32.3950766,40.2178153],[32.3911284,40.2187329],[32.3892401,40.2159802],[32.3844336,40.2159802],[32.3862371,40.2095549],[32.3782539,40.2020839],[32.3817729,40.2002483],[32.3792838,40.1984782],[32.3770522,40.1894305],[32.3860644,40.1936267],[32.3888969,40.1923154],[32.3876094,40.1868734],[32.3794555,40.1828079],[32.3771381,40.1795947],[32.3761081,40.1842505],[32.3717307,40.1872668],[32.3657226,40.1856275],[32.3566245,40.1775618],[32.3468844,40.1732605],[32.3364644,40.173582],[32.3325469,40.1691285],[32.3261739,40.1669273],[32.3232934,40.1612807],[32.3186596,40.1599407],[32.3187849,40.1580264],[32.3070125,40.1544849],[32.3055097,40.1502731],[32.3085592,40.1349223],[32.304611,40.1328224],[32.3003195,40.1253411],[32.3063276,40.1229784],[32.3065852,40.1238971],[32.3084735,40.1206812],[32.3071002,40.1191716],[32.3040103,40.1221251],[32.3009204,40.1227814],[32.2992896,40.1107697],[32.2972297,40.109982],[32.292509,40.1146426],[32.2857284,40.118187],[32.2822951,40.1170056],[32.2733687,40.1173337],[32.2710513,40.1154302],[32.2671889,40.1240284],[32.2571467,40.1259317],[32.2556876,40.1274411],[32.2466754,40.1269817],[32.2466754,40.1243565],[32.2434138,40.1216657],[32.2442721,40.1133954],[32.2465037,40.1095881],[32.2414397,40.1092599],[32.2385215,40.1066341],[32.2386073,40.0990842],[32.2318267,40.0928467],[32.2298526,40.0871997],[32.2314834,40.086346],[32.2351741,40.0882503],[32.2364616,40.084573],[32.2253035,40.0747877],[32.2213553,40.0761013],[32.2165487,40.0720292],[32.2100256,40.069796],[32.2059057,40.0657236],[32.2162054,40.0605998],[32.2014425,40.056264],[32.196636,40.0587604],[32.1950912,40.0540302],[32.1992969,40.0521907],[32.1960353,40.0522564],[32.1942329,40.050811],[32.1926021,40.0468031],[32.1831607,40.0386552],[32.1813583,40.0339894],[32.1704578,40.0327407],[32.1611022,40.0336608],[32.1562957,40.0314264],[32.1484851,40.0331351],[32.150545,40.0377352],[32.1482276,40.0383923],[32.1445369,40.0364209],[32.1304607,40.0406265],[32.1238517,40.0381952],[32.1204185,40.0403637],[32.1208476,40.0349094],[32.114582,40.0272859],[32.0956134,40.0106557],[32.0901202,40.0097354]]]]}},{"type":"Feature","properties":{"code":"06-05","provinceCode":"06","name":"Bahşılı"},"geometry":{"type":"Polygon","coordinates":[[[33.4495506,39.6269473],[33.456168,39.6341102],[33.4622865,39.6339986],[33.4724508,39.6410279],[33.4801753,39.6399801],[33.4853347,39.6418721],[33.4896956,39.6476894],[33.4834306,39.6553978],[33.4703478,39.6595591],[33.458862,39.6605521],[33.4511229,39.6647603],[33.4483743,39.669642],[33.4501005,39.6820505],[33.4624652,39.6875935],[33.4300038,39.6921657],[33.407333,39.7011903],[33.3978906,39.7086837],[33.3971409,39.7188347],[33.4022393,39.7307141],[33.4112085,39.7381881],[33.4325303,39.7443138],[33.4529148,39.7351251],[33.4705135,39.7347699],[33.4710893,39.7442899],[33.4745182,39.748042],[33.4753044,39.7532554],[33.4621833,39.7593077],[33.4522488,39.7659357],[33.4499995,39.7738597],[33.4544282,39.7827072],[33.45942,39.7858294],[33.4687278,39.8049253],[33.4712835,39.8065966],[33.4758011,39.8065542],[33.4819866,39.8123355],[33.481772,39.816312],[33.4781236,39.8188843],[33.4722381,39.8189559],[33.4633509,39.8225327],[33.4442546,39.8201484],[33.382741,39.8012179],[33.3519426,39.7771514],[33.322044,39.7679617],[33.2859332,39.760436],[33.2836731,39.7479263],[33.2858761,39.745965],[33.2840209,39.738476],[33.2788033,39.7363361],[33.2702231,39.7366927],[33.268252,39.7399025],[33.2642112,39.7385481],[33.2617067,39.7314863],[33.2655098,39.7249943],[33.2631909,39.720785],[33.2584602,39.7209991],[33.2553064,39.716076],[33.2559664,39.7123155],[33.2430702,39.7140043],[33.2403157,39.7105335],[33.2373237,39.7105701],[33.2391284,39.7138947],[33.235329,39.7237579],[33.230205,39.7249774],[33.2268619,39.7226363],[33.2242869,39.7176189],[33.2263469,39.7094978],[33.2300376,39.7075829],[33.2291815,39.6952076],[33.2098528,39.6880467],[33.2003451,39.6776957],[33.1925766,39.6750185],[33.1922287,39.6646656],[33.1860925,39.6596845],[33.1883239,39.6532181],[33.2058333,39.6455521],[33.2312392,39.6432389],[33.2381057,39.6443625],[33.248577,39.6486583],[33.2483195,39.6559936],[33.2527827,39.6594296],[33.2558726,39.6646495],[33.2551002,39.6747578],[33.2566451,39.6769378],[33.261795,39.6775323],[33.2733821,39.6752863],[33.2762145,39.676079],[33.2850551,39.6692744],[33.2932948,39.6569187],[33.3063411,39.6537468],[33.3097743,39.6503765],[33.3097743,39.6474687],[33.31501,39.6442964],[33.3156108,39.6376208],[33.3180141,39.6361667],[33.3174132,39.6319362],[33.3279646,39.6270211],[33.3417569,39.6222678],[33.3698735,39.6292609],[33.3804172,39.6303888],[33.399267,39.6260667],[33.4076175,39.6279398],[33.4163707,39.6267603],[33.4283138,39.633054],[33.4495506,39.6269473]]]}},{"type":"Feature","properties":{"code":"06-06","provinceCode":"06","name":"Bala"},"geometry":{"type":"Polygon","coordinates":[[[33.5451742,39.2243847],[33.5216255,39.2667724],[33.5190935,39.2746083],[33.5149955,39.28057],[33.5100173,39.2842905],[33.5060691,39.2911328],[33.5020351,39.2913985],[33.4947394,39.2957826],[33.4879588,39.2953177],[33.4877013,39.2933249],[33.4832381,39.2937235],[33.4762,39.2955169],[33.4736251,39.2989044],[33.4630679,39.3002328],[33.4595489,39.3020925],[33.4596347,39.3084019],[33.4579181,39.3115232],[33.4509658,39.3138474],[33.4489917,39.3180309],[33.443241,39.3186285],[33.4443568,39.323874],[33.4481334,39.3288536],[33.4505366,39.3283888],[33.4532832,39.334895],[33.4596347,39.3382142],[33.4659862,39.3395418],[33.4659003,39.3406703],[33.4562873,39.3428609],[33.4539699,39.3449186],[33.4517383,39.3497639],[33.4542274,39.3536797],[33.4509658,39.3540779],[33.4481334,39.3519541],[33.4475326,39.3546752],[33.4388637,39.3491002],[33.4351729,39.3548743],[33.4250449,39.3520205],[33.4257316,39.354808],[33.4218692,39.3548743],[33.4203242,39.3612453],[33.4300231,39.3648287],[33.4279632,39.3671512],[33.4267615,39.3650941],[33.4210109,39.3647623],[33.4178351,39.3617762],[33.4130286,39.3601835],[33.411312,39.3611126],[33.4132003,39.3648287],[33.4063338,39.3652268],[33.4082221,39.3772365],[33.4200667,39.378497],[33.4217834,39.3965405],[33.4215259,39.3999894],[33.4176635,39.3999231],[33.4094237,39.3955456],[33.405733,39.3952139],[33.4010982,39.3974027],[33.3984374,39.4019128],[33.3846187,39.4102026],[33.3827304,39.4131204],[33.3831596,39.4180936],[33.3872794,39.4221382],[33.3890819,39.423199],[33.3917426,39.4214089],[33.3953475,39.4231327],[33.396635,39.4257848],[33.39509,39.429829],[33.3883094,39.4340055],[33.3874511,39.4374526],[33.3937047,39.4564111],[33.3661651,39.4558784],[33.3667659,39.4646256],[33.3539771,39.4668785],[33.3515739,39.4656858],[33.3519172,39.4621738],[33.3477973,39.4633666],[33.3482265,39.4650232],[33.3453082,39.4668122],[33.3489131,39.4786056],[33.3475398,39.481653],[33.3541488,39.4872175],[33.3508872,39.4949673],[33.3416175,39.5047692],[33.3440208,39.5055639],[33.3450507,39.5080804],[33.3411025,39.5112589],[33.3365535,39.5113914],[33.3283996,39.514636],[33.3221339,39.5133117],[33.3150958,39.5225814],[33.3228206,39.5323132],[33.3171558,39.5333062],[33.31501,39.5389989],[33.3096885,39.5384032],[33.3053969,39.5423084],[33.2959556,39.5428379],[33.2894324,39.55078],[33.28866,39.5530302],[33.2902049,39.5538243],[33.2941531,39.5510448],[33.3014487,39.5500521],[33.3054828,39.5478019],[33.3145808,39.5465444],[33.3218764,39.5481328],[33.3244514,39.5469415],[33.3199023,39.550383],[33.3220481,39.5565375],[33.3162974,39.561699],[33.3131217,39.5625592],[33.31501,39.5648089],[33.3191299,39.5648089],[33.3193015,39.5710284],[33.3175849,39.5721531],[33.3192157,39.5767842],[33.3278846,39.574204],[33.3285712,39.5769165],[33.3206748,39.5812826],[33.3149242,39.5883605],[33.3180999,39.5940487],[33.3168124,39.6016543],[33.3206748,39.606085],[33.3234214,39.6135571],[33.326683,39.6160696],[33.3279646,39.6270211],[33.3174132,39.6319362],[33.3180141,39.6361667],[33.3156108,39.6376208],[33.31501,39.6442964],[33.3097743,39.6474687],[33.3097743,39.6503765],[33.3063411,39.6537468],[33.2932948,39.6569187],[33.2850551,39.6692744],[33.2762145,39.676079],[33.2733821,39.6752863],[33.261795,39.6775323],[33.2566451,39.6769378],[33.2551002,39.6747578],[33.2558726,39.6646495],[33.2527827,39.6594296],[33.2483195,39.6559936],[33.248577,39.6486583],[33.2381057,39.6443625],[33.2312392,39.6432389],[33.2058333,39.6455521],[33.1883239,39.6532181],[33.1860925,39.6596845],[33.1922287,39.6646656],[33.1925766,39.6750185],[33.2003451,39.6776957],[33.2098528,39.6880467],[33.2291815,39.6952076],[33.2300376,39.7075829],[33.2263469,39.7094978],[33.2242869,39.7176189],[33.2268619,39.7226363],[33.230205,39.7249774],[33.2262611,39.7308218],[33.2193946,39.7329341],[33.2129573,39.7332641],[33.2037734,39.7312179],[33.1986236,39.7325381],[33.194847,39.7306898],[33.1982802,39.7266632],[33.1951903,39.7247488],[33.1977653,39.7223062],[33.195362,39.7209198],[33.1916713,39.7142517],[33.1757927,39.7017059],[33.174591,39.6932527],[33.1718444,39.6892239],[33.1608632,39.6924002],[33.1544861,39.6973072],[33.1463697,39.6948538],[33.1425478,39.695564],[33.1425478,39.6989095],[33.1344315,39.7064922],[33.124431,39.7087222],[33.12646,39.7155232],[33.1150245,39.7235605],[33.1148958,39.7284455],[33.1125434,39.7312341],[33.1071281,39.7331981],[33.1074293,39.7261319],[33.1042956,39.7268612],[33.1008624,39.7246828],[33.075199,39.7202597],[33.059492,39.7113466],[33.0686759,39.7076489],[33.0724525,39.7025644],[33.0632686,39.7007154],[33.0642985,39.6988663],[33.056488,39.6941113],[33.0566596,39.6886295],[33.0602645,39.6848646],[33.0603503,39.6826848],[33.0576038,39.6801747],[33.058977,39.6770699],[33.0499648,39.6762111],[33.0424975,39.6671602],[33.0303096,39.6594957],[33.0271339,39.6599583],[33.0273055,39.6626673],[33.0251597,39.6629977],[33.0259322,39.6650459],[33.0224132,39.6670941],[33.0199241,39.6657067],[33.01795,39.6666977],[33.0153751,39.6711903],[33.0077361,39.6727098],[33.0026721,39.678325],[32.9725455,39.6946397],[32.9708289,39.700121],[32.9716014,39.7060642],[32.9697131,39.7071207],[32.9674815,39.7015078],[32.9497146,39.7106863],[32.9484271,39.7147799],[32.9400157,39.7168926],[32.9359817,39.7285115],[32.9273128,39.7277194],[32.9213046,39.7311519],[32.9068851,39.7306238],[32.9042243,39.73234],[32.9039779,39.7347505],[32.8934955,39.7263331],[32.8882598,39.7275213],[32.8799342,39.7269932],[32.8753852,39.7290396],[32.8682613,39.7285775],[32.8610515,39.725673],[32.8799342,39.7250789],[32.8715228,39.721514],[32.8601073,39.7132613],[32.8636264,39.7084413],[32.8559016,39.7089695],[32.8528117,39.7134594],[32.8463744,39.7114786],[32.8479194,39.7083753],[32.8453445,39.7092997],[32.8481769,39.7004512],[32.8461169,39.6997908],[32.8489493,39.696753],[32.8516959,39.696819],[32.8492927,39.6924602],[32.8514384,39.6897523],[32.8516101,39.6812976],[32.8492927,39.6787214],[32.8516959,39.6773342],[32.8545283,39.6799765],[32.8563308,39.6785893],[32.8549575,39.6757487],[32.8636264,39.6716528],[32.8564166,39.6684816],[32.8534984,39.6701993],[32.8517818,39.6682834],[32.8459453,39.6684816],[32.8429412,39.6631298],[32.8405379,39.6355718],[32.8462886,39.6340515],[32.848606,39.6359023],[32.848606,39.6339192],[32.8564166,39.6337209],[32.8615665,39.6310107],[32.8721236,39.6314735],[32.8861999,39.6405952],[32.8855991,39.6427102],[32.8940105,39.65639],[32.9031943,39.6609494],[32.9029368,39.6634602],[32.9053401,39.6664334],[32.9107474,39.6684816],[32.9137515,39.6715867],[32.9260253,39.6778626],[32.936325,39.6774002],[32.9584693,39.6803728],[32.9649066,39.6777305],[32.9650783,39.6759469],[32.9698848,39.6768717],[32.9690265,39.6748238],[32.9797553,39.6651781],[32.9829311,39.6643852],[32.9867934,39.6585706],[32.9882526,39.6577777],[32.9909991,39.6592314],[32.9970931,39.6569848],[32.9941749,39.6541433],[33.002243,39.6505087],[33.007822,39.6526234],[33.0124568,39.6521608],[33.0077361,39.6494513],[33.0061912,39.6452877],[33.0080794,39.6422475],[33.0132293,39.6411239],[33.0117702,39.6394054],[33.0148601,39.6388106],[33.0119418,39.6307463],[33.0186366,39.6287632],[33.0193233,39.6197721],[33.0229282,39.6152101],[33.021469,39.6136232],[33.0222415,39.6100526],[33.0330562,39.6046302],[33.0305671,39.6008607],[33.0255031,39.5986783],[33.0237006,39.5961651],[33.0182933,39.5945778],[33.0188083,39.5891542],[33.0156325,39.5886251],[33.0121135,39.5800257],[32.9997539,39.5714253],[32.9995822,39.5636179],[32.9968356,39.5641473],[32.9954623,39.5599785],[32.9932307,39.5577948],[32.991085,39.5580595],[32.9909133,39.5562066],[32.9825019,39.5568022],[32.9787253,39.5545522],[32.9754638,39.5550817],[32.9749488,39.553361],[32.9697131,39.5530302],[32.956066,39.5615667],[32.9575252,39.5588536],[32.96216,39.5560743],[32.9619884,39.5523684],[32.9516028,39.5553464],[32.9402732,39.5541552],[32.940874,39.5485961],[32.937355,39.5472062],[32.9391574,39.5434336],[32.9378699,39.540058],[32.9333209,39.5395946],[32.9350375,39.5369469],[32.9337501,39.5333724],[32.9286861,39.5317836],[32.9273986,39.5264875],[32.9242229,39.5262227],[32.9263686,39.5194033],[32.9295444,39.5159603],[32.9303168,39.5100008],[32.9267978,39.5082128],[32.9250812,39.5024513],[32.9308318,39.4999347],[32.9193458,39.4980777],[32.9132483,39.4862834],[32.9132483,39.4823718],[32.9091305,39.4805993],[32.9071508,39.4754651],[32.9026371,39.4713695],[32.9112623,39.464957],[32.9201887,39.4625715],[32.9286002,39.4538902],[32.9377841,39.4550831],[32.9516028,39.4511067],[32.9582976,39.4517032],[32.9648208,39.4559446],[32.9674815,39.4549506],[32.9683398,39.4501788],[32.9759788,39.4498474],[32.9798411,39.4469312],[32.9835319,39.4469975],[32.9840469,39.4412972],[32.9891109,39.4395738],[32.9927157,39.4358616],[33.000698,39.4410983],[33.0018996,39.4365245],[32.9950332,39.430293],[32.9918574,39.4308234],[32.9835319,39.4243925],[32.9662799,39.4197512],[32.959156,39.4201491],[32.9570102,39.4216078],[32.9523753,39.4182925],[32.9498004,39.4184914],[32.9495429,39.4143803],[32.9451655,39.4115289],[32.9440497,39.4056931],[32.9380416,39.3962752],[32.9372691,39.3910351],[32.9393291,39.3863916],[32.9345225,39.3793595],[32.9342651,39.373322],[32.931261,39.3699381],[32.9299735,39.3628379],[32.9273986,39.3614444],[32.9189014,39.3608471],[32.9158115,39.3664876],[32.9067992,39.367483],[32.8841399,39.3601171],[32.8842258,39.3573962],[32.8896331,39.3538125],[32.8901481,39.3510249],[32.8855991,39.3469098],[32.8858565,39.3380814],[32.9138373,39.3356252],[32.9338359,39.3431264],[32.9427623,39.3515559],[32.9571818,39.3571308],[32.9759787,39.3447859],[32.9929732,39.3288536],[32.9866218,39.3180309],[32.9939174,39.3047492],[32.9933166,39.2991037],[32.9796695,39.288675],[32.9806995,39.2860842],[32.9880809,39.2812344],[33.0019855,39.2763843],[33.000698,39.2749226],[33.0074786,39.2753213],[33.0115127,39.2777132],[33.0303096,39.2777796],[33.0315112,39.2728629],[33.0343436,39.2713346],[33.0283355,39.2652213],[33.028078,39.261234],[33.0267905,39.2626296],[33.0253314,39.261965],[33.0278205,39.2600378],[33.0264472,39.2569142],[33.0243873,39.2566484],[33.0252456,39.2551198],[33.0224132,39.2542558],[33.023529,39.2474763],[33.0091094,39.2460139],[33.0090236,39.2437539],[33.0035304,39.2394995],[33.0054187,39.234846],[33.0044746,39.2328516],[33.0018138,39.2325856],[33.0041312,39.2279316],[33.0032729,39.2228784],[33.005247,39.2189553],[33.0088519,39.2187558],[33.0091094,39.2166944],[33.0065345,39.2166279],[32.9994105,39.2123053],[33.0082511,39.2075835],[33.0107402,39.2015311],[33.0181216,39.1997353],[33.023014,39.1959438],[33.0303954,39.2006665],[33.0318545,39.2000013],[33.0422401,39.2057213],[33.0492782,39.207118],[33.0497073,39.2085146],[33.0515098,39.2071845],[33.0570888,39.2093127],[33.0599212,39.2083151],[33.0618953,39.2101107],[33.0636977,39.2083816],[33.0678176,39.2129704],[33.0678176,39.2168938],[33.0715083,39.2167608],[33.0728816,39.2182903],[33.0685042,39.2212161],[33.0712508,39.2210831],[33.07065,39.222546],[33.0659293,39.221881],[33.071165,39.225671],[33.071165,39.2233439],[33.0742549,39.2226789],[33.0745982,39.2280646],[33.0755424,39.2275327],[33.0784606,39.2319208],[33.0794047,39.2305911],[33.0798339,39.2319208],[33.0836963,39.2327851],[33.0836104,39.234846],[33.0921935,39.2416932],[33.0957984,39.2419591],[33.0976867,39.2398319],[33.1006908,39.242358],[33.0976867,39.2424244],[33.1012057,39.2460804],[33.1034373,39.241095],[33.1096171,39.2462133],[33.1163978,39.248008],[33.1166553,39.2513314],[33.1205176,39.2559173],[33.1178569,39.2587086],[33.1246375,39.2632277],[33.1308173,39.2700721],[33.131504,39.276783],[33.1369113,39.2825631],[33.1471252,39.2822974],[33.1503867,39.2797063],[33.1570815,39.2815666],[33.1606864,39.2901364],[33.1584548,39.2959819],[33.1565665,39.2968454],[33.1601714,39.300897],[33.1593989,39.3046164],[33.1637763,39.304882],[33.1643771,39.3012955],[33.1617164,39.3014948],[33.1621455,39.3001],[33.1648921,39.2976424],[33.1717586,39.296779],[33.1727027,39.2940556],[33.1793975,39.293657],[33.1797408,39.2971775],[33.1823157,39.2990373],[33.1849765,39.2967125],[33.1825732,39.2947198],[33.184719,39.2938563],[33.1876372,39.2888078],[33.1878089,39.2825631],[33.1920146,39.2731951],[33.1921863,39.2680786],[33.2014785,39.2606343],[33.2119952,39.2553843],[33.2136439,39.2514643],[33.2200812,39.2522619],[33.2380199,39.2483404],[33.2412814,39.2493374],[33.245058,39.247011],[33.2469462,39.2476092],[33.2470321,39.2456151],[33.2517528,39.2497362],[33.2587051,39.2507332],[33.2625674,39.2549204],[33.2623958,39.2640251],[33.2648849,39.269607],[33.2707213,39.2675471],[33.2729529,39.2699392],[33.2767295,39.2699392],[33.2836818,39.2741253],[33.2868575,39.2731951],[33.2879733,39.2750555],[33.2883166,39.2734609],[33.2924365,39.2734609],[33.2924365,39.2756535],[33.2938956,39.2729957],[33.2999038,39.276783],[33.3053969,39.2740588],[33.31501,39.2785769],[33.3159541,39.2772481],[33.3209323,39.2788426],[33.3210181,39.27273],[33.3236789,39.2707366],[33.3272838,39.2718662],[33.3329486,39.2703379],[33.336811,39.2719326],[33.3377551,39.2694741],[33.3361243,39.268876],[33.3379268,39.264889],[33.3399867,39.2649555],[33.3426475,39.2620979],[33.348484,39.2618986],[33.3767222,39.2476757],[33.3896827,39.2356438],[33.3929443,39.2354443],[33.394575,39.2291949],[33.3976649,39.2293944],[33.405218,39.2239423],[33.402214,39.2197532],[33.405218,39.2146994],[33.4185218,39.2091797],[33.4241008,39.2031939],[33.433113,39.1981389],[33.4484767,39.2032604],[33.44882,39.1991366],[33.4506225,39.1978728],[33.4539699,39.2007995],[33.4652995,39.2018637],[33.4860705,39.207916],[33.4948253,39.2181573],[33.5008347,39.2175854],[33.5451742,39.2243847]]]}},{"type":"Feature","properties":{"code":"06-07","provinceCode":"06","name":"Beypazarı"},"geometry":{"type":"Polygon","coordinates":[[[32.0350169,39.9785014],[32.054758,39.9783698],[32.0389651,39.9932982],[32.0394554,39.995094],[32.0513248,39.9957969],[32.0726966,40.0020433],[32.0735549,40.0036212],[32.0901202,40.0097354],[32.0956134,40.0106557],[32.114582,40.0272859],[32.1208476,40.0349094],[32.1204185,40.0403637],[32.1170711,40.0515994],[32.1169661,40.0584955],[32.1150541,40.0584975],[32.1144962,40.0620121],[32.1118354,40.0623077],[32.1096038,40.0646396],[32.1029949,40.0648367],[32.1008491,40.0673985],[32.0925235,40.0685808],[32.081108,40.0738682],[32.0899486,40.0912052],[32.0975875,40.0925841],[32.0956134,40.0908112],[32.0977592,40.0889727],[32.1020507,40.0912709],[32.1008491,40.086937],[32.103939,40.0870684],[32.1065139,40.0924528],[32.109003,40.0927154],[32.1102904,40.0984277],[32.1156119,40.101973],[32.1136379,40.1029905],[32.1092866,40.1017999],[32.1180151,40.1128704],[32.1153544,40.1159554],[32.1174143,40.1223877],[32.1217488,40.1232409],[32.1235083,40.1273099],[32.1274565,40.1275724],[32.1284865,40.1322974],[32.1241949,40.1330849],[32.1276282,40.134791],[32.1277998,40.1425338],[32.1253966,40.1472577],[32.1267698,40.1500132],[32.1324347,40.1472577],[32.1348379,40.155655],[32.1372412,40.1573606],[32.133293,40.1606404],[32.1233366,40.1606404],[32.1224783,40.164576],[32.133293,40.1664126],[32.1367262,40.1702167],[32.1334646,40.1796604],[32.1396445,40.1850375],[32.1212767,40.1859555],[32.1193884,40.1880537],[32.112007,40.1885782],[32.1092604,40.1908075],[32.1011923,40.1908075],[32.098789,40.1935612],[32.0946692,40.1904141],[32.0912359,40.1926433],[32.0939825,40.1957903],[32.0910643,40.1995928],[32.0926092,40.2048372],[32.088146,40.2094257],[32.089176,40.2145383],[32.0867727,40.2150626],[32.0869444,40.222403],[32.0929526,40.2269903],[32.0914076,40.2289562],[32.0924376,40.2305289],[32.0986174,40.2288251],[32.1010206,40.2305289],[32.1059988,40.2296115],[32.1084021,40.2338052],[32.1108053,40.2345915],[32.1144102,40.2324947],[32.1240233,40.2352467],[32.131233,40.2349846],[32.1326063,40.2318394],[32.1272848,40.2201747],[32.1298598,40.2165045],[32.1169851,40.2089013],[32.1417044,40.2117854],[32.1492575,40.2151937],[32.1542357,40.2109988],[32.1576689,40.2150626],[32.1631621,40.2153248],[32.1732901,40.2237137],[32.1806715,40.2227962],[32.1873663,40.2239758],[32.1901129,40.2217476],[32.1952627,40.220699],[32.1928595,40.2252865],[32.1968077,40.2281698],[32.196121,40.2323636],[32.1993826,40.2353778],[32.1985243,40.2381297],[32.1909712,40.2349846],[32.1873663,40.2403573],[32.1827315,40.2382607],[32.1792982,40.2400952],[32.176895,40.2440262],[32.1667669,40.2435021],[32.1643637,40.2511014],[32.1561239,40.2609269],[32.1432493,40.2562108],[32.1377562,40.2634158],[32.133808,40.2648566],[32.1305464,40.2640707],[32.1315764,40.2607959],[32.1250532,40.2598789],[32.1229933,40.2693101],[32.110462,40.275073],[32.1140669,40.2782162],[32.1161268,40.2839783],[32.1152685,40.2871211],[32.1121786,40.2890852],[32.1156119,40.2906565],[32.1164702,40.2975959],[32.0965574,40.3029636],[32.0939825,40.3079382],[32.0950125,40.313436],[32.109432,40.323645],[32.1123503,40.3371238],[32.1267698,40.3400024],[32.1314047,40.3469367],[32.1314047,40.356225],[32.1257399,40.3568791],[32.1185301,40.3621113],[32.12059,40.3643348],[32.1458243,40.3674739],[32.1606609,40.3724062],[32.1657371,40.3785246],[32.1593856,40.3802246],[32.155609,40.3834283],[32.155609,40.3928423],[32.1511458,40.3963068],[32.1443652,40.397418],[32.1426486,40.4016013],[32.1314906,40.4082025],[32.1114062,40.4124505],[32.1007256,40.4215047],[32.1109771,40.4333597],[32.1137237,40.4340783],[32.1148395,40.437998],[32.1132945,40.4509967],[32.1017932,40.4615114],[32.1002483,40.4668008],[32.1001624,40.4758114],[32.1057414,40.4810996],[32.1031665,40.4887375],[32.1085738,40.4899125],[32.1129512,40.4927845],[32.1090888,40.5034232],[32.0997333,40.5082525],[32.090721,40.5003558],[32.0835113,40.4998337],[32.0806789,40.5010085],[32.0781898,40.4992463],[32.0678043,40.5051853],[32.0599937,40.5035538],[32.0538997,40.5040759],[32.048664,40.4999642],[32.0451449,40.4995073],[32.0413684,40.5003558],[32.0412826,40.5045327],[32.0298671,40.5070126],[32.0280646,40.5055769],[32.0293521,40.502379],[32.0270347,40.5008779],[32.0246314,40.5022485],[32.021799,40.5005516],[32.0215415,40.4975493],[32.0183658,40.4944164],[32.0110702,40.4901083],[32.0046329,40.4897166],[32.0037746,40.4871708],[31.995964,40.4859958],[31.9922915,40.4825137],[31.9974231,40.4784229],[31.9975947,40.4709145],[31.9993114,40.4684332],[32.0014571,40.4683026],[32.0051478,40.4731997],[32.0094394,40.4741138],[32.0114135,40.4720245],[32.0160483,40.471698],[32.0266914,40.4672579],[32.026863,40.4641888],[32.0306396,40.4642541],[32.0315837,40.45694],[32.0297812,40.4440731],[32.0195674,40.431073],[32.0235243,40.4185371],[32.0325608,40.4174651],[32.0336436,40.4129733],[32.0123576,40.3914695],[32.0146751,40.3864357],[32.0117568,40.3846051],[32.0125293,40.38029],[32.0110702,40.3783939],[32.0029163,40.3766939],[31.9984531,40.3725744],[31.9811153,40.3653811],[31.9703864,40.3655119],[31.9668674,40.3639424],[31.9652365,40.352693],[31.9587134,40.3528238],[31.9376849,40.3436659],[31.9371699,40.3450396],[31.9319343,40.3460863],[31.9320201,40.3483104],[31.9235229,40.3486374],[31.914854,40.345105],[31.9108199,40.34589],[31.909275,40.3418341],[31.9049834,40.3386939],[31.8938254,40.3375817],[31.8917655,40.3360115],[31.8929671,40.3313661],[31.8912505,40.3295995],[31.8927096,40.3280291],[31.8884181,40.3246265],[31.885414,40.3226634],[31.8758868,40.320962],[31.8739127,40.3180826],[31.8650722,40.3142868],[31.8640422,40.3104908],[31.859579,40.3104908],[31.8527984,40.3047964],[31.8486785,40.3052545],[31.8448161,40.3031599],[31.844387,40.3063018],[31.8396663,40.3100981],[31.8352031,40.3111453],[31.8278216,40.3083309],[31.8258475,40.3105562],[31.8082522,40.3141559],[31.8057632,40.3155302],[31.8043899,40.3208311],[31.8013,40.3222708],[31.7990684,40.3201113],[31.7932319,40.3208311],[31.7924594,40.3231869],[31.7891978,40.3223362],[31.783533,40.3255426],[31.7790698,40.3254772],[31.7712592,40.3309081],[31.7673968,40.3304501],[31.762762,40.3331327],[31.7494582,40.3317587],[31.7272281,40.3180171],[31.7234515,40.3183443],[31.7023801,40.3092472],[31.6991615,40.3089854],[31.6989898,40.3053527],[31.6934108,40.3047963],[31.6935645,40.3020032],[31.6875314,40.3021126],[31.687231,40.3002797],[31.6871023,40.2981195],[31.6931533,40.2940607],[31.6936254,40.289969],[31.6971874,40.286499],[31.6971445,40.2817847],[31.6919088,40.2788054],[31.6887331,40.2745818],[31.6910934,40.2728136],[31.6889906,40.2722243],[31.6904926,40.2684259],[31.69384,40.265839],[31.6918659,40.2603373],[31.6940975,40.2528045],[31.6885185,40.2515926],[31.689248,40.2479241],[31.683712,40.2471052],[31.6831111,40.2448123],[31.6805362,40.2450744],[31.6780471,40.2477931],[31.6772317,40.2441244],[31.6804075,40.243371],[31.6803646,40.2414055],[31.673069,40.2396038],[31.6750431,40.237933],[31.6737985,40.2354759],[31.6696786,40.2379658],[31.6671466,40.2366226],[31.6731548,40.2307581],[31.6660308,40.2252864],[31.6668462,40.2236153],[31.6705799,40.2239757],[31.6731977,40.2220097],[31.6670608,40.2178152],[31.6650438,40.2121786],[31.6756439,40.2028377],[31.6710949,40.1959542],[31.6692495,40.1957575],[31.6699361,40.1919876],[31.6641855,40.1916925],[31.664915,40.180316],[31.6577911,40.1760207],[31.6617393,40.1746763],[31.6693782,40.176119],[31.6692495,40.1784799],[31.6731119,40.181398],[31.6843557,40.1790373],[31.6861152,40.1703149],[31.6919088,40.1663797],[31.6897201,40.1610011],[31.699891,40.1608699],[31.7046547,40.1581477],[31.7063713,40.1539821],[31.715126,40.1548677],[31.7181301,40.1630345],[31.7223787,40.1673963],[31.7270994,40.151686],[31.7223358,40.1366611],[31.7292451,40.1288192],[31.7361545,40.1139205],[31.736412,40.107947],[31.7336654,40.1007584],[31.7387294,40.102892],[31.751132,40.1039424],[31.7544365,40.1075203],[31.762762,40.1080126],[31.7643499,40.1053539],[31.7670106,40.1047302],[31.7418193,40.0821103],[31.7393302,40.0832924],[31.7361545,40.0789909],[31.7249107,40.0805342],[31.7296743,40.0765281],[31.7234516,40.0690077],[31.723752,40.0560668],[31.719203,40.0494969],[31.7198896,40.0470002],[31.7366695,40.0350409],[31.7363261,40.0278117],[31.7277222,40.0214733],[31.7125563,40.0214882],[31.7142996,40.0178399],[31.7133295,40.0127713],[31.7086543,40.00914],[31.7061841,40.0023658],[31.6990327,39.9980325],[31.6947412,39.9915556],[31.6990327,39.9775477],[31.7030453,39.9760267],[31.7047405,39.971891],[31.7146968,39.9693915],[31.7175185,39.966456],[31.7191171,39.9670233],[31.7207694,39.9656173],[31.73226,39.9682403],[31.7330967,39.972886],[31.7355644,39.9717348],[31.7413794,39.9635122],[31.7411542,39.9528459],[31.7385363,39.9504279],[31.7402743,39.9442262],[31.7378925,39.9409359],[31.7397379,39.9338942],[31.7489647,39.928958],[31.750853,39.9256012],[31.7542218,39.9252885],[31.7553806,39.9210264],[31.7585134,39.9204668],[31.766603,39.9131761],[31.7682552,39.9080409],[31.7662811,39.9051934],[31.7703151,39.902],[31.7703152,39.8993333],[31.7744993,39.8978846],[31.7777824,39.8939171],[31.7811298,39.8944439],[31.7900777,39.8821368],[31.7931676,39.8805807],[31.8008172,39.8806713],[31.8059671,39.8759947],[31.8114602,39.8775426],[31.8149257,39.876497],[31.8172216,39.8782589],[31.8213844,39.876464],[31.8242061,39.8786871],[31.8282294,39.875583],[31.8455565,39.8826884],[31.8551373,39.8840139],[31.8597937,39.8824414],[31.8569505,39.8788435],[31.8608665,39.8770816],[31.8618214,39.874208],[31.8655443,39.8762829],[31.8703508,39.8713672],[31.8725824,39.8734916],[31.8725181,39.870865],[31.8686449,39.869004],[31.8671751,39.8703874],[31.8618858,39.8665748],[31.8595791,39.8681805],[31.8590855,39.8649607],[31.8575406,39.8659654],[31.8562639,39.8651007],[31.8569183,39.8621937],[31.8519938,39.8621278],[31.8517148,39.8595913],[31.847316,39.861049],[31.8480885,39.8591136],[31.8453312,39.85773],[31.8469512,39.8569888],[31.8451059,39.8550368],[31.8506634,39.8494937],[31.8524122,39.8508692],[31.853807,39.8494525],[31.8579268,39.8497737],[31.8602228,39.8531013],[31.8624651,39.8508362],[31.8609202,39.8493454],[31.8645143,39.849749],[31.8629587,39.8538755],[31.8654799,39.8549215],[31.8660915,39.8528707],[31.868484,39.8526153],[31.8691063,39.8566593],[31.8710804,39.8582077],[31.8735909,39.8568982],[31.8732905,39.8552839],[31.8763912,39.854658],[31.8765843,39.8582489],[31.8813801,39.8604396],[31.8823779,39.8588501],[31.8801784,39.8560581],[31.8814444,39.8540897],[31.8837726,39.8589819],[31.8842018,39.8552016],[31.8885362,39.8553828],[31.8905425,39.859163],[31.8954241,39.8564617],[31.9001079,39.8559234],[31.9002627,39.8580019],[31.9036101,39.8598467],[31.9294452,39.8689711],[31.9486323,39.8604055],[31.9502162,39.8710791],[31.9545936,39.8772051],[31.9537353,39.881684],[31.9576835,39.8906409],[31.9549369,39.8969627],[31.9554519,39.90493],[31.9573402,39.9101972],[31.9636916,39.9151347],[31.9612884,39.9159905],[31.96146,39.9182287],[31.9586276,39.9180313],[31.9595718,39.9220467],[31.9636058,39.9267859],[31.9618034,39.9270492],[31.9631766,39.9340916],[31.9600009,39.9358028],[31.9596576,39.941594],[31.9600867,39.9440288],[31.9648933,39.9444236],[31.9657516,39.9493587],[31.9565677,39.9693586],[31.9783687,39.9664642],[31.9833469,39.9668589],[31.9951057,39.9712662],[31.9993972,39.971332],[31.9993114,39.9693586],[32.0024013,39.9687666],[32.0265197,39.9729106],[32.0350169,39.9785014]]]}},{"type":"Feature","properties":{"code":"06-08","provinceCode":"06","name":"Çankaya"},"geometry":{"type":"Polygon","coordinates":[[[32.8387352,39.9368204],[32.8374116,39.9351108],[32.8191835,39.9311315],[32.8144395,39.9231335],[32.8145164,39.9126812],[32.804607,39.9103571],[32.7992465,39.922486],[32.7882269,39.9179532],[32.7817681,39.9186324],[32.7754861,39.9164822],[32.7692664,39.9168815],[32.7357077,39.9119246],[32.7326605,39.910934],[32.7339924,39.9065849],[32.695091,39.904412],[32.6702007,39.8894392],[32.6370964,39.8664882],[32.628724,39.8629019],[32.6258425,39.8563184],[32.6270409,39.8512594],[32.641321,39.841662],[32.6454033,39.8354422],[32.6448038,39.8036361],[32.6482666,39.799452],[32.6593776,39.7926451],[32.6637362,39.7869753],[32.6659625,39.7888463],[32.6741122,39.7890828],[32.674713,39.7923804],[32.6787471,39.7950842],[32.6796912,39.8021402],[32.6780604,39.8061624],[32.6842403,39.8114371],[32.687693,39.8215906],[32.6948746,39.8270998],[32.7053879,39.8228487],[32.712712,39.824931],[32.7151614,39.8262973],[32.7151393,39.8302909],[32.7125703,39.8319856],[32.7184077,39.8343148],[32.72983,39.8341121],[32.7408885,39.828709],[32.76299,39.8366265],[32.7649725,39.8361469],[32.7657083,39.8322903],[32.7700785,39.8341864],[32.7746676,39.8388384],[32.7763366,39.8384307],[32.781744,39.8344763],[32.7880525,39.8348388],[32.7918291,39.8303898],[32.7961126,39.828196],[32.7969897,39.8182153],[32.8022307,39.8105511],[32.8106498,39.8138599],[32.8178134,39.8136262],[32.8205394,39.8159203],[32.8194236,39.8212602],[32.8209685,39.8231719],[32.8234576,39.8246881],[32.8301524,39.824754],[32.8322982,39.8270611],[32.8367614,39.8277203],[32.8398513,39.8250177],[32.8395938,39.8221831],[32.850666,39.8111734],[32.8570174,39.8078108],[32.8595065,39.8084042],[32.8551641,39.8197068],[32.8609067,39.8225003],[32.8759002,39.8110416],[32.8852557,39.8098548],[32.8930663,39.8018764],[32.9017568,39.7991728],[32.9055118,39.7945567],[32.9168414,39.792842],[32.9172706,39.7910613],[32.9193305,39.7910613],[32.9187297,39.7897423],[32.9281711,39.7906656],[32.9292869,39.788753],[32.926197,39.7840702],[32.9293727,39.7820914],[32.925682,39.7792551],[32.9340934,39.775891],[32.9379789,39.7708988],[32.9308318,39.764412],[32.9308318,39.7623008],[32.9232787,39.761443],[32.9179572,39.747322],[32.91049,39.7437583],[32.9071426,39.7392704],[32.9030227,39.7386104],[32.9022502,39.7376864],[32.9047393,39.7374884],[32.9039779,39.7347505],[32.9042243,39.73234],[32.9068851,39.7306238],[32.9213046,39.7311519],[32.9273128,39.7277194],[32.9359817,39.7285115],[32.9400157,39.7168926],[32.9484271,39.7147799],[32.9497146,39.7106863],[32.9674815,39.7015078],[32.9697131,39.7071207],[32.9716014,39.7060642],[32.9708289,39.700121],[32.9725455,39.6946397],[33.0026721,39.678325],[33.0077361,39.6727098],[33.0153751,39.6711903],[33.01795,39.6666977],[33.0199241,39.6657067],[33.0224132,39.6670941],[33.0259322,39.6650459],[33.0251597,39.6629977],[33.0273055,39.6626673],[33.0271339,39.6599583],[33.0303096,39.6594957],[33.0424975,39.6671602],[33.0499648,39.6762111],[33.058977,39.6770699],[33.0576038,39.6801747],[33.0603503,39.6826848],[33.0602645,39.6848646],[33.0566596,39.6886295],[33.056488,39.6941113],[33.0642985,39.6988663],[33.0632686,39.7007154],[33.0724525,39.7025644],[33.0686759,39.7076489],[33.059492,39.7113466],[33.075199,39.7202597],[33.1008624,39.7246828],[33.1042956,39.7268612],[33.1074293,39.7261319],[33.1071281,39.7331981],[33.1125434,39.7312341],[33.1164328,39.7361215],[33.1159502,39.7389728],[33.1204432,39.7420934],[33.1316032,39.7433193],[33.139144,39.7491346],[33.14353,39.7501169],[33.1399235,39.7563882],[33.1289291,39.7629605],[33.103609,39.7609152],[33.0921077,39.7720649],[33.0922793,39.7756931],[33.0844387,39.7787782],[33.0822058,39.7940526],[33.0638694,39.7881594],[33.057003,39.7916878],[33.0520677,39.7912262],[33.0427551,39.7962053],[33.0397939,39.7938312],[33.0296659,39.7972604],[33.0280362,39.7991543],[33.004732,39.7896764],[33.0013846,39.7905337],[32.995634,39.7886211],[32.9939174,39.7909954],[32.9868793,39.792842],[32.9867076,39.7963372],[32.9902267,39.8007554],[32.9907416,39.8051734],[32.9954623,39.8065581],[32.9957198,39.8080746],[32.9946899,39.809657],[32.9887675,39.8112394],[32.9875659,39.8184914],[32.9835319,39.822249],[32.9862784,39.8233038],[32.9829311,39.8245562],[32.9790687,39.828709],[32.9813003,39.8295],[32.974348,39.8320046],[32.9715156,39.833982],[32.9717731,39.8360251],[32.9681682,39.8378046],[32.9710006,39.8438018],[32.9673099,39.8477557],[32.9661941,39.8444608],[32.9623317,39.8431428],[32.9521879,39.8449684],[32.9412281,39.8734958],[32.9234129,39.8718736],[32.9173645,39.8750478],[32.911528,39.8835837],[32.9052839,39.886994],[32.9041412,39.8916297],[32.9070769,39.8926453],[32.9012036,39.8950937],[32.9047421,39.8998569],[32.8978877,39.901608],[32.8851374,39.9109061],[32.8781372,39.9114531],[32.8806277,39.9161088],[32.8794435,39.9182503],[32.8761698,39.9192953],[32.8789419,39.9214583],[32.8839107,39.9213709],[32.8854489,39.9229394],[32.8825602,39.925344],[32.8854706,39.9312857],[32.8759537,39.9345273],[32.8720888,39.9340875],[32.8673588,39.9279809],[32.8513656,39.9291711],[32.8387352,39.9368204]]]}},{"type":"Feature","properties":{"code":"06-09","provinceCode":"06","name":"Çubuk"},"geometry":{"type":"Polygon","coordinates":[[[32.8401596,40.1971345],[32.8451727,40.2002484],[32.8493785,40.1970359],[32.8581332,40.1986094],[32.8677463,40.1970359],[32.8710939,40.1918116],[32.8742787,40.1904248],[32.8793017,40.1845795],[32.8759056,40.1772635],[32.8780317,40.1725963],[32.8855653,40.1681649],[32.8908131,40.16706],[32.8980445,40.1591317],[32.907915,40.1536869],[32.9086875,40.1494227],[32.9107474,40.1480449],[32.9146957,40.148373],[32.9146957,40.1448957],[32.9108333,40.1435179],[32.9122924,40.1372845],[32.909975,40.1341347],[32.9124641,40.1340691],[32.9143523,40.1311161],[32.9127215,40.1265223],[32.9200172,40.1259973],[32.9209613,40.1231752],[32.9271411,40.1198279],[32.930746,40.1212719],[32.9304885,40.1141831],[32.9289435,40.1126734],[32.9226779,40.1121482],[32.9242229,40.1082096],[32.9369258,40.1077501],[32.9413032,40.1040081],[32.9453372,40.1038768],[32.9483413,40.101579],[32.9529761,40.1021043],[32.9550361,40.0984933],[32.96422,40.0986903],[32.9662799,40.0934377],[32.9692524,40.0929077],[32.9707753,40.0972622],[32.9746565,40.0978652],[32.9769063,40.1057296],[32.9805082,40.1050719],[32.9833523,40.1083815],[32.9826762,40.1108824],[32.9888503,40.1109694],[32.990055,40.1133585],[32.9881134,40.1143321],[32.9913598,40.113906],[32.9916063,40.1169488],[32.9941749,40.1169399],[32.9941749,40.1180557],[33.0023288,40.1169071],[33.0024576,40.1180229],[33.0053758,40.1182198],[33.0061483,40.1204186],[33.0109119,40.1207139],[33.0164909,40.1319036],[33.0157184,40.1334457],[33.0122852,40.1342003],[33.0127573,40.1358736],[33.0189371,40.1405652],[33.0168459,40.1431572],[33.0344295,40.1526701],[33.0364598,40.1562943],[33.0407381,40.1557205],[33.0428409,40.1504067],[33.049364,40.1435179],[33.0514239,40.1432554],[33.0524539,40.1467328],[33.055973,40.1494227],[33.0583762,40.1485042],[33.0608653,40.1499475],[33.059492,40.1517844],[33.0658435,40.1502755],[33.0659293,40.1551301],[33.0758857,40.155327],[33.0796622,40.1640512],[33.0775165,40.1676587],[33.077774,40.1687081],[33.0799197,40.1679866],[33.0809497,40.178152],[33.0739116,40.1784799],[33.0745124,40.1803816],[33.0712508,40.1845784],[33.0730533,40.1860865],[33.076744,40.1858242],[33.0750274,40.1888404],[33.0774306,40.1907419],[33.0745124,40.1912008],[33.0714225,40.1965115],[33.0714508,40.1986219],[33.0766153,40.1991666],[33.0758428,40.2039849],[33.0891861,40.2018703],[33.0879336,40.1986122],[33.1030691,40.1984154],[33.1022358,40.1922826],[33.1121921,40.1868078],[33.1159686,40.1900862],[33.1175994,40.1886437],[33.1230926,40.191332],[33.1239509,40.1896928],[33.1275558,40.1912664],[33.1309032,40.1885126],[33.1341647,40.189365],[33.1348514,40.1842505],[33.1436919,40.1792013],[33.1450652,40.1827423],[33.1557941,40.1852997],[33.1613731,40.1839227],[33.1641196,40.1858898],[33.1662654,40.185562],[33.1684112,40.1822833],[33.1697845,40.1837259],[33.1774234,40.1833325],[33.1778525,40.1762502],[33.184719,40.1659534],[33.1918429,40.1664781],[33.190813,40.1687737],[33.1927871,40.1703478],[33.1965636,40.169036],[33.2031726,40.1699542],[33.2096957,40.1742828],[33.2143306,40.1856275],[33.2247161,40.1827423],[33.2259177,40.181562],[33.2246303,40.1801849],[33.227291,40.1797915],[33.228836,40.1768404],[33.2345008,40.1763158],[33.2356166,40.173627],[33.2388782,40.1732991],[33.2395648,40.1766437],[33.2477187,40.1826112],[33.2492637,40.1911353],[33.2514094,40.1912664],[33.2545852,40.1963148],[33.2566072,40.2034151],[33.2526406,40.2065547],[33.2472037,40.2060171],[33.2464313,40.2086391],[33.2421397,40.2095567],[33.2405089,40.2161768],[33.2359599,40.2170288],[33.2363032,40.2196504],[33.2302093,40.2201747],[33.2301234,40.2223374],[33.2254027,40.2260728],[33.2234286,40.2239102],[33.2198238,40.2256796],[33.2224845,40.2271213],[33.2207679,40.2288906],[33.2211112,40.232167],[33.218193,40.2342638],[33.2200812,40.2366226],[33.2195663,40.237671],[33.2147597,40.2364916],[33.218708,40.2390469],[33.2172488,40.2417331],[33.2111549,40.243371],[33.2096957,40.24134],[33.210554,40.2389158],[33.2051467,40.2408814],[33.2038592,40.245795],[33.2069491,40.248481],[33.2093524,40.2621713],[33.2143939,40.2661506],[33.2221412,40.2537216],[33.2261752,40.252739],[33.2262611,40.2509703],[33.2296084,40.2510359],[33.2377624,40.2459916],[33.2398223,40.2417331],[33.2475471,40.2383262],[33.2514953,40.239571],[33.2564735,40.2390469],[33.2504653,40.2436986],[33.2514953,40.2495292],[33.2538127,40.2509703],[33.2733821,40.248219],[33.2763003,40.2461881],[33.2778453,40.2477604],[33.2727813,40.2495292],[33.2732104,40.2573898],[33.2708072,40.2562108],[33.2687472,40.2573898],[33.2706355,40.2596168],[33.2636832,40.2711438],[33.2683181,40.2751384],[33.2688331,40.2798531],[33.2659148,40.2823413],[33.2576751,40.2823413],[33.2509959,40.2867023],[33.250637,40.2913111],[33.2587909,40.2907219],[33.2548427,40.2980541],[33.2478046,40.3032254],[33.2521819,40.3078073],[33.2464313,40.3074145],[33.2460021,40.3097708],[33.2549285,40.3165119],[33.2649746,40.3186934],[33.2648849,40.3216818],[33.2596492,40.3245611],[33.2591342,40.3278328],[33.2460879,40.3344413],[33.2402515,40.3395444],[33.2401656,40.3406566],[33.2429122,40.3407874],[33.2413673,40.3442546],[33.2368182,40.34432],[33.2343291,40.3463479],[33.2363032,40.3503382],[33.2372474,40.3476562],[33.2404231,40.3499457],[33.238964,40.3517118],[33.2354449,40.3519734],[33.2351016,40.3545244],[33.2393931,40.3532816],[33.2369041,40.3577293],[33.2278918,40.3600184],[33.2248019,40.3589065],[33.2230853,40.3611302],[33.2187938,40.361588],[33.2124423,40.3712012],[33.2063483,40.3757785],[33.2043742,40.3799631],[33.206005,40.3823822],[33.2141589,40.3842128],[33.2154464,40.3867626],[33.2119273,40.3902274],[33.2130431,40.4073529],[33.2099532,40.4107513],[33.2097816,40.4134961],[33.1996535,40.4125159],[33.1940745,40.4189853],[33.1889247,40.4204229],[33.183174,40.4249314],[33.1794833,40.4253235],[33.1778525,40.428133],[33.1792258,40.4300277],[33.1696128,40.4373447],[33.1706428,40.4396311],[33.166952,40.4413949],[33.1642913,40.4486454],[33.1559657,40.4537398],[33.15176,40.4604665],[33.1539058,40.4621644],[33.1519317,40.4648418],[33.1438636,40.4681067],[33.1437778,40.4645153],[33.1389712,40.4656254],[33.1369113,40.462295],[33.1315898,40.4643194],[33.1398295,40.4701962],[33.1284141,40.4789452],[33.1290149,40.4889333],[33.1217948,40.4907526],[33.1124496,40.4908916],[33.1133937,40.4891291],[33.1094455,40.4847555],[33.1073855,40.4783576],[33.1035232,40.4775089],[33.0945968,40.4841027],[33.0842113,40.4756155],[33.0747699,40.4722856],[33.0629253,40.4715021],[33.0434417,40.4677803],[33.0376052,40.4711103],[33.0367469,40.4804468],[33.0089377,40.4989852],[33.0085086,40.5002905],[33.0150317,40.5017264],[33.0149459,40.503619],[33.0042171,40.516083],[32.9989814,40.5198675],[32.9989814,40.5219553],[32.9793262,40.5372209],[32.9728889,40.5359815],[32.9698848,40.5368947],[32.9685973,40.5346768],[32.9645633,40.5391777],[32.9666232,40.5428304],[32.9652499,40.5447219],[32.9596709,40.5402866],[32.9578685,40.5416564],[32.9503154,40.537547],[32.9476546,40.5405475],[32.946968,40.5356553],[32.9422473,40.5331765],[32.9439639,40.526718],[32.9345225,40.5219553],[32.9305743,40.5225425],[32.9289435,40.5203894],[32.9245662,40.5238474],[32.9228496,40.5234559],[32.919588,40.5170618],[32.915554,40.5170618],[32.908945,40.5143865],[32.9058551,40.5141255],[32.9029368,40.5167355],[32.8963279,40.5139297],[32.892228,40.5141189],[32.891178,40.5112543],[32.8935813,40.5098187],[32.8878306,40.504859],[32.8806209,40.4799898],[32.8829383,40.4735262],[32.8750419,40.4668661],[32.8746986,40.4643847],[32.8766727,40.4633399],[32.8742694,40.4624256],[32.8730678,40.4593564],[32.8683471,40.4571359],[32.8671455,40.4599441],[32.8628539,40.4572665],[32.859249,40.4568747],[32.8606223,40.451062],[32.8686046,40.4514539],[32.8686046,40.448776],[32.859249,40.4438118],[32.8595065,40.4393045],[32.8571033,40.4385206],[32.856245,40.4360382],[32.8571033,40.4102285],[32.8624248,40.3973527],[32.8759002,40.3840821],[32.8814792,40.3822514],[32.8835391,40.3753861],[32.8884946,40.3707666],[32.8886027,40.3632648],[32.8745759,40.3478973],[32.8764331,40.3454975],[32.8810883,40.3452262],[32.8872428,40.3394571],[32.8977852,40.3348563],[32.8973775,40.3298346],[32.9004888,40.3234384],[32.867251,40.322735],[32.86032,40.3208046],[32.8592472,40.3175325],[32.8644614,40.3168453],[32.8648477,40.3140966],[32.8643756,40.3127222],[32.8578525,40.3106933],[32.8524022,40.3057517],[32.8549986,40.2941651],[32.838326,40.2961782],[32.8237991,40.2939687],[32.8183202,40.2872047],[32.8178097,40.2835666],[32.8211734,40.2819646],[32.8231262,40.2785812],[32.8245663,40.2744715],[32.822961,40.2740182],[32.8267241,40.2717972],[32.8249908,40.2704093],[32.8265999,40.2668217],[32.8356314,40.2634621],[32.8345967,40.2620725],[32.8385406,40.2597651],[32.8371118,40.2574877],[32.8380805,40.2545481],[32.8425502,40.2531937],[32.8399428,40.2450511],[32.8230956,40.2431545],[32.810926,40.239817],[32.7982353,40.2342393],[32.7999033,40.2330463],[32.8089308,40.2363761],[32.808772,40.233497],[32.8054695,40.2326988],[32.8077396,40.2267271],[32.8150601,40.2213716],[32.8183534,40.2152992],[32.8201627,40.2117544],[32.8335859,40.2041383],[32.8401596,40.1971345]]]}},{"type":"Feature","properties":{"code":"06-10","provinceCode":"06","name":"Elmadağ"},"geometry":{"type":"Polygon","coordinates":[[[33.1140759,40.0206268],[33.1240809,40.0068242],[33.1478363,39.9838604],[33.1351089,39.9727133],[33.1383704,39.9623856],[33.1347655,39.9601488],[33.1335639,39.9552803],[33.1399154,39.9400146],[33.1687484,39.9296241],[33.1652784,39.922672],[33.1674671,39.9188212],[33.1651926,39.9134889],[33.1597423,39.9129951],[33.1601715,39.9099996],[33.1524467,39.89986],[33.1518459,39.8940324],[33.1547641,39.8890933],[33.1513738,39.8844173],[33.1481981,39.8844173],[33.145709,39.8810253],[33.1465673,39.8725942],[33.1398725,39.8705191],[33.147211,39.8599455],[33.1448936,39.8525001],[33.1585281,39.8373076],[33.1394004,39.8372774],[33.1266116,39.8326638],[33.1003474,39.8327956],[33.0866449,39.8279633],[33.0841088,39.8248298],[33.0791473,39.8258087],[33.066616,39.8192166],[33.0481624,39.8195462],[33.0333137,39.8159203],[33.0218124,39.8180959],[33.0175208,39.81625],[33.0178641,39.809591],[33.0275283,39.8015157],[33.0280362,39.7991543],[33.0296659,39.7972604],[33.0397939,39.7938312],[33.0427551,39.7962053],[33.0520677,39.7912262],[33.057003,39.7916878],[33.0638694,39.7881594],[33.0822058,39.7940526],[33.0844387,39.7787782],[33.0922793,39.7756931],[33.0921077,39.7720649],[33.103609,39.7609152],[33.1289291,39.7629605],[33.1399235,39.7563882],[33.14353,39.7501169],[33.139144,39.7491346],[33.1316032,39.7433193],[33.1204432,39.7420934],[33.1159502,39.7389728],[33.1164328,39.7361215],[33.1125434,39.7312341],[33.1148958,39.7284455],[33.1150245,39.7235605],[33.12646,39.7155232],[33.124431,39.7087222],[33.1344315,39.7064922],[33.1425478,39.6989095],[33.1425478,39.695564],[33.1463697,39.6948538],[33.1544861,39.6973072],[33.1608632,39.6924002],[33.1718444,39.6892239],[33.174591,39.6932527],[33.1757927,39.7017059],[33.1916713,39.7142517],[33.195362,39.7209198],[33.1977653,39.7223062],[33.1951903,39.7247488],[33.1982802,39.7266632],[33.194847,39.7306898],[33.1986236,39.7325381],[33.2037734,39.7312179],[33.2129573,39.7332641],[33.2193946,39.7329341],[33.2262611,39.7308218],[33.230205,39.7249774],[33.235329,39.7237579],[33.2391284,39.7138947],[33.2373237,39.7105701],[33.2403157,39.7105335],[33.2430702,39.7140043],[33.2559664,39.7123155],[33.2553064,39.716076],[33.2584602,39.7209991],[33.2631909,39.720785],[33.2655098,39.7249943],[33.2617067,39.7314863],[33.2642112,39.7385481],[33.268252,39.7399025],[33.2702231,39.7366927],[33.2788033,39.7363361],[33.2840209,39.738476],[33.2858761,39.745965],[33.2836731,39.7479263],[33.2859332,39.760436],[33.2826486,39.7614829],[33.2773515,39.7531431],[33.2663364,39.7465463],[33.265061,39.747527],[33.2672275,39.762998],[33.2765117,39.7666096],[33.276594,39.7730431],[33.2793767,39.7747363],[33.2769906,39.7918788],[33.2841644,39.8028562],[33.285208,39.8090021],[33.2903966,39.8109393],[33.2890816,39.8125995],[33.293948,39.8151086],[33.2948813,39.8189489],[33.2981478,39.8199729],[33.2982811,39.8217649],[33.2863425,39.8250836],[33.2844543,39.8282476],[33.2811927,39.8296977],[33.2711505,39.8298295],[33.2633399,39.8329274],[33.2603358,39.8420884],[33.2572459,39.8439995],[33.2581042,39.8539497],[33.2672881,39.8506551],[33.2682323,39.8480193],[33.2761287,39.8455152],[33.2813644,39.8447903],[33.2807635,39.8490077],[33.2840251,39.8496008],[33.2878875,39.8494031],[33.2985477,39.8450056],[33.3046807,39.8525803],[33.3023475,39.8567766],[33.2934814,39.8619961],[33.2940813,39.8633776],[33.3002143,39.8647592],[33.311747,39.8755547],[33.3112803,39.8818982],[33.3070364,39.8836401],[33.3037033,39.8884356],[33.3060365,39.9000712],[33.314746,39.900644],[33.3220522,39.9050216],[33.3223189,39.9068216],[33.3283985,39.9091124],[33.33149,39.9138307],[33.3399867,39.9130281],[33.3391284,39.9167805],[33.3457374,39.9186237],[33.3556937,39.9175046],[33.3666801,39.9236923],[33.3733749,39.9248771],[33.3747481,39.923429],[33.3829021,39.9517274],[33.3896827,39.9633724],[33.3971214,39.9715911],[33.3847903,39.9807375],[33.3817863,39.9855385],[33.3817004,39.9910624],[33.3760356,39.9963887],[33.3767222,40.0023063],[33.3725165,40.0040814],[33.3704566,40.008552],[33.3660792,40.0122992],[33.353548,40.0150602],[33.3500289,40.0129566],[33.3456515,40.0155203],[33.3445357,40.0187413],[33.3356094,40.0225536],[33.3265971,40.0211076],[33.3202846,40.0233635],[33.309747,40.0233568],[33.2918357,40.0391809],[33.28763,40.0480515],[33.2754836,40.0594587],[33.2713761,40.0670068],[33.265829,40.0670372],[33.2644557,40.0697303],[33.26025,40.0713723],[33.2547568,40.0710439],[33.2530402,40.0688107],[33.2308959,40.0731457],[33.2253765,40.0639843],[33.216648,40.0599428],[33.2119273,40.059483],[33.2025718,40.0636215],[33.1848907,40.0602056],[33.182018,40.0562487],[33.1744193,40.0519936],[33.1598281,40.0515994],[33.1611156,40.0491684],[33.1593131,40.0462774],[33.1436919,40.0477229],[33.1409453,40.0456204],[33.1363105,40.0450947],[33.1300449,40.0404294],[33.1251804,40.0319369],[33.1176485,40.029446],[33.1172747,40.0267662],[33.1119625,40.0242936],[33.1140759,40.0206268]]]}},{"type":"Feature","properties":{"code":"06-11","provinceCode":"06","name":"Etimesgut"},"geometry":{"type":"Polygon","coordinates":[[[32.7992465,39.922486],[32.7933807,39.9315389],[32.797284,39.9364694],[32.7957919,39.940001],[32.7740412,39.9325698],[32.760661,39.9308128],[32.7645778,39.9388301],[32.7630335,39.9449499],[32.7106352,39.945958],[32.6647907,39.9701573],[32.6605296,39.9741008],[32.6559532,39.9887302],[32.6563409,40.0018887],[32.6351571,40.0026622],[32.633507,40.005248],[32.6279058,40.0027419],[32.6258818,40.004429],[32.6216275,40.0037391],[32.6104122,40.0058398],[32.6107979,40.0040512],[32.6065517,40.0031082],[32.6071508,39.9998293],[32.6039064,39.9967054],[32.6014772,39.9970012],[32.6010717,39.9910176],[32.5975136,39.9889107],[32.6025081,39.9864262],[32.6028857,39.9777476],[32.6004879,39.9700343],[32.6037864,39.960844],[32.6055821,39.960561],[32.6052092,39.9485444],[32.599501,39.9492706],[32.5969026,39.9460848],[32.6020016,39.9402606],[32.5958347,39.9335322],[32.5947188,39.9256671],[32.5933455,39.9115798],[32.5978484,39.9021426],[32.587509,39.8840551],[32.5863074,39.8773369],[32.5706862,39.8698276],[32.564678,39.8696958],[32.5673389,39.865809],[32.5678538,39.8562558],[32.5621032,39.8525001],[32.5603007,39.8477557],[32.5577258,39.8501938],[32.5470828,39.8496667],[32.5434779,39.8439995],[32.540903,39.8476239],[32.5357532,39.8483488],[32.5377273,39.8526978],[32.5203895,39.8520389],[32.5177287,39.8461083],[32.513008,39.8420884],[32.5143813,39.8360251],[32.5106048,39.833257],[32.5095748,39.8296318],[32.5029658,39.8280498],[32.5051116,39.8244244],[32.5049399,39.815327],[32.498331,39.813481],[32.4908637,39.8031293],[32.4797916,39.7752313],[32.4803924,39.7697559],[32.4888038,39.7553067],[32.493267,39.7508855],[32.4997043,39.7529312],[32.5008201,39.7513475],[32.5094031,39.7499617],[32.518587,39.7562305],[32.5216769,39.7555046],[32.5253677,39.7623667],[32.5294875,39.761509],[32.5295734,39.7597935],[32.5320624,39.7610472],[32.5322341,39.7584739],[32.5352382,39.7591997],[32.5364398,39.7562305],[32.5495719,39.7596616],[32.5516318,39.761575],[32.5484561,39.7659295],[32.5442504,39.7646759],[32.5437354,39.7658635],[32.5439071,39.7675788],[32.5477695,39.769558],[32.5732612,39.7619049],[32.5803851,39.7571542],[32.5744628,39.7505556],[32.5715446,39.7497637],[32.573347,39.7400624],[32.5851916,39.7316139],[32.5965213,39.7290396],[32.5987529,39.7291716],[32.6003837,39.732208],[32.6019286,39.7307558],[32.6023578,39.732076],[32.6105975,39.7306238],[32.6166915,39.73201],[32.6219272,39.7352443],[32.6232146,39.7380164],[32.6226138,39.7510175],[32.6200389,39.7522053],[32.6194381,39.758144],[32.621498,39.7649398],[32.6259612,39.764412],[32.6317119,39.7698879],[32.6340293,39.7681066],[32.6378917,39.7702837],[32.6385783,39.7732523],[32.6432132,39.7770124],[32.6637362,39.7869753],[32.6593776,39.7926451],[32.6482666,39.799452],[32.6448038,39.8036361],[32.6454033,39.8354422],[32.641321,39.841662],[32.6270409,39.8512594],[32.6258425,39.8563184],[32.628724,39.8629019],[32.6370964,39.8664882],[32.6702007,39.8894392],[32.695091,39.904412],[32.7339924,39.9065849],[32.7326605,39.910934],[32.7357077,39.9119246],[32.7692664,39.9168815],[32.7754861,39.9164822],[32.7817681,39.9186324],[32.7882269,39.9179532],[32.7992465,39.922486]]]}},{"type":"Feature","properties":{"code":"06-12","provinceCode":"06","name":"Evren"},"geometry":{"type":"Polygon","coordinates":[[[33.8852273,39.0278782],[33.8641585,39.0624843],[33.8463744,39.0719373],[33.8372116,39.0744324],[33.8149945,39.0769344],[33.7781844,39.0745417],[33.7579396,39.0764487],[33.7455901,39.1015468],[33.7323853,39.1096008],[33.7075812,39.1203209],[33.6816376,39.1431606],[33.6799925,39.1422193],[33.6561373,39.158611],[33.647342,39.1459225],[33.6462306,39.1313253],[33.6433982,39.1313253],[33.6403083,39.1291948],[33.6407374,39.1277965],[33.6426257,39.1281295],[33.6409949,39.1264649],[33.6417674,39.121138],[33.6387633,39.1208716],[33.6368751,39.1166098],[33.6379909,39.1144788],[33.6341285,39.1133467],[33.6363601,39.1110824],[33.6349868,39.109484],[33.6391067,39.1086848],[33.6393642,39.10682],[33.6428832,39.1050217],[33.6393642,39.1032234],[33.6409091,39.1024241],[33.6374759,39.0996266],[33.6367892,39.0968956],[33.6424541,39.0940978],[33.6416816,39.0823061],[33.6383342,39.0699127],[33.642969,39.0655812],[33.6453723,39.0565841],[33.6445998,39.0517851],[33.6548995,39.0431862],[33.6689757,39.036453],[33.6665725,39.0317194],[33.6674308,39.0295192],[33.6728381,39.0238515],[33.6758422,39.0235848],[33.6815929,39.0130484],[33.6810779,39.0101473],[33.6853265,39.0076463],[33.6951541,39.005412],[33.696742,39.0005428],[33.7023639,38.9967741],[33.7029218,38.9881017],[33.6985445,38.9771598],[33.6902618,38.9772599],[33.6837387,38.9750246],[33.6781168,38.9757585],[33.676958,38.9726891],[33.6725378,38.9708207],[33.6715936,38.9681848],[33.6737394,38.9674507],[33.6738252,38.9655821],[33.6687183,38.9645143],[33.6648988,38.9602431],[33.6660146,38.9584077],[33.6575174,38.9560717],[33.65314,38.9495304],[33.6561441,38.946293],[33.6608219,38.9487962],[33.661251,38.9465266],[33.6639976,38.9476614],[33.6688041,38.9457256],[33.6773014,38.9406187],[33.6819791,38.9353445],[33.6861848,38.9376478],[33.6882019,38.9417536],[33.6927938,38.9407188],[33.6937809,38.9387828],[33.6919355,38.9360789],[33.6941242,38.9331079],[33.6927938,38.9319395],[33.69524,38.9299031],[33.7010335,38.9304038],[33.7033939,38.9324736],[33.7075996,38.932073],[33.7182426,38.9368467],[33.731246,38.9373474],[33.7331342,38.9355782],[33.7323188,38.9313052],[33.733778,38.9297695],[33.7378141,38.9296372],[33.7436484,38.9332415],[33.7444349,38.9360378],[33.7334346,38.948863],[33.7329196,38.951266],[33.7388419,38.9556713],[33.736782,38.9612108],[33.7328338,38.9622787],[33.7275981,38.9596758],[33.7259673,38.964748],[33.7255382,38.9612776],[33.7243365,38.9614111],[33.7239932,38.9653486],[33.7274264,38.9663496],[33.7269115,38.9702868],[33.7294864,38.970754],[33.726139,38.9756251],[33.7204742,38.9776936],[33.7204742,38.9796953],[33.7214183,38.9813633],[33.7233066,38.9798287],[33.7241649,38.9805627],[33.7254523,38.9844991],[33.7298297,38.9846326],[33.7308597,38.9879683],[33.7333488,38.9857],[33.735237,38.9875013],[33.740301,38.9875013],[33.7462234,38.9846993],[33.7476825,38.9852997],[33.7505149,38.9824976],[33.7616729,38.9865006],[33.778839,38.9812299],[33.7841605,38.9750246],[33.7954043,38.9780272],[33.8110255,38.9832315],[33.8136005,38.9893693],[33.8147163,38.9880351],[33.8192653,38.9932386],[33.8210677,39.0005095],[33.8253593,39.0015101],[33.8276767,38.9999092],[33.8309383,39.003978],[33.8281058,39.0041114],[33.8287067,39.0069127],[33.8357448,39.0099806],[33.8332557,39.0115813],[33.8338565,39.0133819],[33.8387488,39.012515],[33.8403796,39.0139155],[33.8415813,39.0153159],[33.8399505,39.0167164],[33.8430404,39.0193171],[33.8428687,39.0220511],[33.8478469,39.0247851],[33.8501643,39.0231847],[33.8512801,39.0241183],[33.849306,39.0268521],[33.8563441,39.0225179],[33.8573741,39.0246517],[33.8600349,39.0235848],[33.8598632,39.0251851],[33.8653564,39.0255852],[33.8640689,39.028119],[33.8687896,39.0271188],[33.8695621,39.0295192],[33.8736819,39.0315861],[33.8735961,39.0294525],[33.8764285,39.0284523],[33.8828009,39.0268659],[33.8852273,39.0278782]]]}},{"type":"Feature","properties":{"code":"06-13","provinceCode":"06","name":"Gölbaşı"},"geometry":{"type":"Polygon","coordinates":[[[32.6637362,39.7869753],[32.6432132,39.7770124],[32.6385783,39.7732523],[32.6378917,39.7702837],[32.6340293,39.7681066],[32.6317119,39.7698879],[32.6259612,39.764412],[32.621498,39.7649398],[32.6194381,39.758144],[32.6200389,39.7522053],[32.6226138,39.7510175],[32.6232146,39.7380164],[32.6219272,39.7352443],[32.6166915,39.73201],[32.6105975,39.7306238],[32.6023578,39.732076],[32.6019286,39.7307558],[32.6003837,39.732208],[32.5987529,39.7291716],[32.5965213,39.7290396],[32.5851916,39.7316139],[32.573347,39.7400624],[32.5718021,39.7376864],[32.573862,39.7376204],[32.5757503,39.732472],[32.5731753,39.7295677],[32.5767802,39.721646],[32.5707721,39.715044],[32.5711762,39.7139606],[32.5739478,39.7141129],[32.5750367,39.7117523],[32.572859,39.7077165],[32.5698894,39.7074119],[32.5638513,39.6994916],[32.5627887,39.6945001],[32.5667219,39.6936271],[32.5650391,39.6908089],[32.5692955,39.6883714],[32.5677117,39.6795348],[32.5710773,39.6771732],[32.5672168,39.6742018],[32.5688113,39.6685763],[32.5596141,39.6629316],[32.5540351,39.6672263],[32.5462245,39.667887],[32.5460528,39.6635263],[32.540388,39.6648477],[32.5378989,39.6540772],[32.5235652,39.6542754],[32.5202178,39.6515],[32.5157546,39.64998],[32.514038,39.6509052],[32.5157546,39.6478652],[32.5147246,39.6442303],[32.5101977,39.641984],[32.5109895,39.6390874],[32.5068889,39.6349906],[32.50391,39.6239372],[32.4992751,39.6224167],[32.4996184,39.6201688],[32.5045108,39.6187143],[32.5057983,39.6155407],[32.5103473,39.6153423],[32.5098323,39.6128297],[32.5125789,39.6123669],[32.519617,39.6132265],[32.5238227,39.6156068],[32.535324,39.6159374],[32.5431346,39.6143505],[32.5463103,39.6182515],[32.5506019,39.6183176],[32.5517177,39.6155407],[32.5562667,39.6136893],[32.5602593,39.6166335],[32.5668239,39.6117057],[32.573862,39.5970249],[32.5830655,39.5863979],[32.582292,39.5802056],[32.5794061,39.5756511],[32.5741841,39.5750156],[32.5685497,39.5715201],[32.5662136,39.5668591],[32.5675878,39.563469],[32.5605793,39.5509667],[32.5603044,39.5418535],[32.5693743,39.5312553],[32.5733595,39.5312553],[32.5755583,39.5282874],[32.5737718,39.5268036],[32.5754209,39.5247895],[32.5818797,39.5250015],[32.5846281,39.5211855],[32.5873766,39.5220334],[32.5935606,39.5208675],[32.5941103,39.516839],[32.6037298,39.5111945],[32.6073028,39.5126788],[32.6095016,39.5074836],[32.6066157,39.5003794],[32.6079899,39.499213],[32.61225,39.4997432],[32.6114255,39.4969058],[32.6171972,39.4920276],[32.6191896,39.487362],[32.6142424,39.4844984],[32.6132804,39.4711333],[32.6106694,39.4656168],[32.6136927,39.4654046],[32.6142424,39.4629644],[32.6222129,39.4557496],[32.6271601,39.4572351],[32.6279846,39.4533091],[32.6384287,39.4509747],[32.6399403,39.4519297],[32.6406275,39.449383],[32.6381539,39.4481096],[32.6432385,39.4450321],[32.6474986,39.4468361],[32.6459869,39.4480035],[32.6474986,39.4504441],[32.6532703,39.450338],[32.6562936,39.4542641],[32.669761,39.4544763],[32.6711352,39.4572351],[32.675945,39.4598876],[32.6815793,39.4590388],[32.6926892,39.465358],[32.6993115,39.4662602],[32.6967794,39.469117],[32.6985324,39.4718234],[32.7041808,39.4728007],[32.7038887,39.4757325],[32.7170359,39.4803179],[32.7228791,39.4854291],[32.7212236,39.48821],[32.7243399,39.4902393],[32.737979,39.4894241],[32.7469825,39.482183],[32.7517032,39.4803943],[32.7499007,39.4721129],[32.7527331,39.4713178],[32.7495574,39.4697276],[32.7495574,39.4681374],[32.7506732,39.4671435],[32.7532481,39.4689325],[32.7591704,39.4636316],[32.7620029,39.4632341],[32.7627753,39.4567399],[32.7650069,39.4545529],[32.7651786,39.4464672],[32.7677535,39.4467324],[32.7807139,39.4241273],[32.777245,39.4185359],[32.7795123,39.4066878],[32.7740192,39.4014485],[32.7753066,39.3960098],[32.7748775,39.3975022],[32.7738475,39.3933235],[32.7704572,39.3938873],[32.7713584,39.3902059],[32.7644919,39.3851313],[32.7620886,39.3851313],[32.7610586,39.382345],[32.7698134,39.3705353],[32.7692984,39.367483],[32.7729033,39.3668195],[32.7753065,39.3607145],[32.7818297,39.3564672],[32.780628,39.3535471],[32.7984808,39.3431928],[32.7902411,39.3409359],[32.7935026,39.3377496],[32.7789114,39.3187614],[32.7775381,39.3048157],[32.7814863,39.3054798],[32.8324698,39.2795735],[32.8387864,39.260383],[32.8624248,39.2579776],[32.8661155,39.2545216],[32.8688621,39.2543222],[32.8892898,39.272132],[32.8982162,39.2702714],[32.9010486,39.258908],[32.8986453,39.2515972],[32.8992461,39.2317878],[32.9059409,39.2268678],[32.9086875,39.2290619],[32.9072284,39.2306576],[32.9081725,39.2333834],[32.9122924,39.2331175],[32.9163264,39.2352449],[32.9144382,39.2367739],[32.9152106,39.2387683],[32.9244804,39.2365745],[32.9305743,39.2394331],[32.9173564,39.2407626],[32.9175281,39.2428233],[32.9184722,39.2444186],[32.9255962,39.2450169],[32.9278277,39.2540564],[32.9357242,39.2593732],[32.9425906,39.2692083],[32.9491996,39.2744575],[32.9482555,39.2815666],[32.9556369,39.2845562],[32.9622459,39.2840912],[32.9683398,39.289605],[32.9719447,39.2897378],[32.9748629,39.2915979],[32.9796695,39.288675],[32.9933166,39.2991037],[32.9939174,39.3047492],[32.9866218,39.3180309],[32.9929732,39.3288536],[32.9759787,39.3447859],[32.9571818,39.3571308],[32.9427623,39.3515559],[32.9338359,39.3431264],[32.9138373,39.3356252],[32.8858565,39.3380814],[32.8855991,39.3469098],[32.8901481,39.3510249],[32.8896331,39.3538125],[32.8842258,39.3573962],[32.8841399,39.3601171],[32.9067992,39.367483],[32.9158115,39.3664876],[32.9189014,39.3608471],[32.9273986,39.3614444],[32.9299735,39.3628379],[32.931261,39.3699381],[32.9342651,39.373322],[32.9345225,39.3793595],[32.9393291,39.3863916],[32.9372691,39.3910351],[32.9380416,39.3962752],[32.9440497,39.4056931],[32.9451655,39.4115289],[32.9495429,39.4143803],[32.9498004,39.4184914],[32.9523753,39.4182925],[32.9570102,39.4216078],[32.959156,39.4201491],[32.9662799,39.4197512],[32.9835319,39.4243925],[32.9918574,39.4308234],[32.9950332,39.430293],[33.0018996,39.4365245],[33.000698,39.4410983],[32.9927157,39.4358616],[32.9891109,39.4395738],[32.9840469,39.4412972],[32.9835319,39.4469975],[32.9798411,39.4469312],[32.9759788,39.4498474],[32.9683398,39.4501788],[32.9674815,39.4549506],[32.9648208,39.4559446],[32.9582976,39.4517032],[32.9516028,39.4511067],[32.9377841,39.4550831],[32.9286002,39.4538902],[32.9201887,39.4625715],[32.9112623,39.464957],[32.9026371,39.4713695],[32.9071508,39.4754651],[32.9091305,39.4805993],[32.9132483,39.4823718],[32.9132483,39.4862834],[32.9193458,39.4980777],[32.9308318,39.4999347],[32.9250812,39.5024513],[32.9267978,39.5082128],[32.9303168,39.5100008],[32.9295444,39.5159603],[32.9263686,39.5194033],[32.9242229,39.5262227],[32.9273986,39.5264875],[32.9286861,39.5317836],[32.9337501,39.5333724],[32.9350375,39.5369469],[32.9333209,39.5395946],[32.9378699,39.540058],[32.9391574,39.5434336],[32.937355,39.5472062],[32.940874,39.5485961],[32.9402732,39.5541552],[32.9516028,39.5553464],[32.9619884,39.5523684],[32.96216,39.5560743],[32.9575252,39.5588536],[32.956066,39.5615667],[32.9697131,39.5530302],[32.9749488,39.553361],[32.9754638,39.5550817],[32.9787253,39.5545522],[32.9825019,39.5568022],[32.9909133,39.5562066],[32.991085,39.5580595],[32.9932307,39.5577948],[32.9954623,39.5599785],[32.9968356,39.5641473],[32.9995822,39.5636179],[32.9997539,39.5714253],[33.0121135,39.5800257],[33.0156325,39.5886251],[33.0188083,39.5891542],[33.0182933,39.5945778],[33.0237006,39.5961651],[33.0255031,39.5986783],[33.0305671,39.6008607],[33.0330562,39.6046302],[33.0222415,39.6100526],[33.021469,39.6136232],[33.0229282,39.6152101],[33.0193233,39.6197721],[33.0186366,39.6287632],[33.0119418,39.6307463],[33.0148601,39.6388106],[33.0117702,39.6394054],[33.0132293,39.6411239],[33.0080794,39.6422475],[33.0061912,39.6452877],[33.0077361,39.6494513],[33.0124568,39.6521608],[33.007822,39.6526234],[33.002243,39.6505087],[32.9941749,39.6541433],[32.9970931,39.6569848],[32.9909991,39.6592314],[32.9882526,39.6577777],[32.9867934,39.6585706],[32.9829311,39.6643852],[32.9797553,39.6651781],[32.9690265,39.6748238],[32.9698848,39.6768717],[32.9650783,39.6759469],[32.9649066,39.6777305],[32.9584693,39.6803728],[32.936325,39.6774002],[32.9260253,39.6778626],[32.9137515,39.6715867],[32.9107474,39.6684816],[32.9053401,39.6664334],[32.9029368,39.6634602],[32.9031943,39.6609494],[32.8940105,39.65639],[32.8855991,39.6427102],[32.8861999,39.6405952],[32.8721236,39.6314735],[32.8615665,39.6310107],[32.8564166,39.6337209],[32.848606,39.6339192],[32.848606,39.6359023],[32.8462886,39.6340515],[32.8405379,39.6355718],[32.8429412,39.6631298],[32.8459453,39.6684816],[32.8517818,39.6682834],[32.8534984,39.6701993],[32.8564166,39.6684816],[32.8636264,39.6716528],[32.8549575,39.6757487],[32.8563308,39.6785893],[32.8545283,39.6799765],[32.8516959,39.6773342],[32.8492927,39.6787214],[32.8516101,39.6812976],[32.8514384,39.6897523],[32.8492927,39.6924602],[32.8516959,39.696819],[32.8489493,39.696753],[32.8461169,39.6997908],[32.8481769,39.7004512],[32.8453445,39.7092997],[32.8479194,39.7083753],[32.8463744,39.7114786],[32.8528117,39.7134594],[32.8559016,39.7089695],[32.8636264,39.7084413],[32.8601073,39.7132613],[32.8715228,39.721514],[32.8799342,39.7250789],[32.8610515,39.725673],[32.8682613,39.7285775],[32.8753852,39.7290396],[32.8799342,39.7269932],[32.8882598,39.7275213],[32.8934955,39.7263331],[32.9039779,39.7347505],[32.9047393,39.7374884],[32.9022502,39.7376864],[32.9030227,39.7386104],[32.9071426,39.7392704],[32.91049,39.7437583],[32.9179572,39.747322],[32.9232787,39.761443],[32.9308318,39.7623008],[32.9308318,39.764412],[32.9379789,39.7708988],[32.9340934,39.775891],[32.925682,39.7792551],[32.9293727,39.7820914],[32.926197,39.7840702],[32.9292869,39.788753],[32.9281711,39.7906656],[32.9187297,39.7897423],[32.9193305,39.7910613],[32.9172706,39.7910613],[32.9168414,39.792842],[32.9055118,39.7945567],[32.9017568,39.7991728],[32.8930663,39.8018764],[32.8852557,39.8098548],[32.8759002,39.8110416],[32.8609067,39.8225003],[32.8551641,39.8197068],[32.8595065,39.8084042],[32.8570174,39.8078108],[32.850666,39.8111734],[32.8395938,39.8221831],[32.8398513,39.8250177],[32.8367614,39.8277203],[32.8322982,39.8270611],[32.8301524,39.824754],[32.8234576,39.8246881],[32.8209685,39.8231719],[32.8194236,39.8212602],[32.8205394,39.8159203],[32.8178134,39.8136262],[32.8106498,39.8138599],[32.8022307,39.8105511],[32.7969897,39.8182153],[32.7961126,39.828196],[32.7918291,39.8303898],[32.7880525,39.8348388],[32.781744,39.8344763],[32.7763366,39.8384307],[32.7746676,39.8388384],[32.7700785,39.8341864],[32.7657083,39.8322903],[32.7649725,39.8361469],[32.76299,39.8366265],[32.7408885,39.828709],[32.72983,39.8341121],[32.7184077,39.8343148],[32.7125703,39.8319856],[32.7151393,39.8302909],[32.7151614,39.8262973],[32.712712,39.824931],[32.7053879,39.8228487],[32.6948746,39.8270998],[32.687693,39.8215906],[32.6842403,39.8114371],[32.6780604,39.8061624],[32.6796912,39.8021402],[32.6787471,39.7950842],[32.674713,39.7923804],[32.6741122,39.7890828],[32.6659625,39.7888463],[32.6637362,39.7869753]]]}},{"type":"Feature","properties":{"code":"06-14","provinceCode":"06","name":"Güdül"},"geometry":{"type":"MultiPolygon","coordinates":[[[[32.0665168,39.9483717],[32.06995,39.9491613],[32.0758723,39.9471215],[32.0834254,39.9495561],[32.0846271,39.9590962],[32.09836,39.962583],[32.1018147,39.964721],[32.1220492,39.9721213],[32.1271991,39.9812637],[32.1261691,39.9855385],[32.125225,39.9877087],[32.1100329,39.9932324],[32.1133803,40.0023063],[32.1093463,40.002109],[32.1022224,40.0048046],[32.09733,40.0032925],[32.0913219,40.0069742],[32.0901202,40.0097354],[32.0735549,40.0036212],[32.0726966,40.0020433],[32.0513248,39.9957969],[32.0394554,39.995094],[32.0389651,39.9932982],[32.054758,39.9783698],[32.0350169,39.9785014],[32.0367335,39.9697533],[32.0484923,39.9530433],[32.0569896,39.9477795],[32.0665168,39.9483717]]],[[[32.1169661,40.0584955],[32.1170711,40.0515994],[32.1204185,40.0403637],[32.1238517,40.0381952],[32.1304607,40.0406265],[32.1445369,40.0364209],[32.1482276,40.0383923],[32.150545,40.0377352],[32.1484851,40.0331351],[32.1562957,40.0314264],[32.1611022,40.0336608],[32.1704578,40.0327407],[32.1813583,40.0339894],[32.1831607,40.0386552],[32.1926021,40.0468031],[32.1942329,40.050811],[32.1960353,40.0522564],[32.1992969,40.0521907],[32.1950912,40.0540302],[32.196636,40.0587604],[32.2014425,40.056264],[32.2162054,40.0605998],[32.2059057,40.0657236],[32.2100256,40.069796],[32.2165487,40.0720292],[32.2213553,40.0761013],[32.2253035,40.0747877],[32.2364616,40.084573],[32.2351741,40.0882503],[32.2314834,40.086346],[32.2298526,40.0871997],[32.2318267,40.0928467],[32.2386073,40.0990842],[32.2385215,40.1066341],[32.2414397,40.1092599],[32.2465037,40.1095881],[32.2442721,40.1133954],[32.2434138,40.1216657],[32.2466754,40.1243565],[32.2466754,40.1269817],[32.2556876,40.1274411],[32.2571467,40.1259317],[32.2671889,40.1240284],[32.2710513,40.1154302],[32.2733687,40.1173337],[32.2822951,40.1170056],[32.2857284,40.118187],[32.292509,40.1146426],[32.2972297,40.109982],[32.2992896,40.1107697],[32.3009204,40.1227814],[32.3040103,40.1221251],[32.3071002,40.1191716],[32.3084735,40.1206812],[32.3065852,40.1238971],[32.3063276,40.1229784],[32.3003195,40.1253411],[32.304611,40.1328224],[32.3085592,40.1349223],[32.3055097,40.1502731],[32.3070125,40.1544849],[32.3187849,40.1580264],[32.3186596,40.1599407],[32.3232934,40.1612807],[32.3261739,40.1669273],[32.3325469,40.1691285],[32.3364644,40.173582],[32.3468844,40.1732605],[32.3566245,40.1775618],[32.3657226,40.1856275],[32.3717307,40.1872668],[32.3761081,40.1842505],[32.3771381,40.1795947],[32.3794555,40.1828079],[32.3876094,40.1868734],[32.3888969,40.1923154],[32.3860644,40.1936267],[32.3770522,40.1894305],[32.3792838,40.1984782],[32.3817729,40.2002483],[32.3782539,40.2020839],[32.3862371,40.2095549],[32.3844336,40.2159802],[32.3892401,40.2159802],[32.3911284,40.2187329],[32.3950766,40.2178153],[32.3945616,40.2106056],[32.397033,40.2077979],[32.4042005,40.2106425],[32.4092798,40.2099098],[32.4173503,40.212582],[32.4181651,40.2231238],[32.4150752,40.2343293],[32.4234866,40.2480879],[32.4215125,40.2503153],[32.4188518,40.2509703],[32.4168777,40.2496602],[32.4153327,40.2514944],[32.4092387,40.2505773],[32.3960208,40.2330188],[32.3855495,40.2359674],[32.3834037,40.2328222],[32.3834037,40.228694],[32.3748206,40.2264005],[32.3713016,40.2288906],[32.3666667,40.2290872],[32.3489856,40.2251553],[32.3389434,40.215718],[32.3309611,40.2109332],[32.329502,40.2128996],[32.3319053,40.2252864],[32.3384284,40.2353122],[32.3499297,40.2480224],[32.3539638,40.2575863],[32.3458099,40.2624987],[32.3543071,40.2645946],[32.355852,40.2695065],[32.3628902,40.2700959],[32.3631476,40.2747455],[32.3664092,40.2752039],[32.3646068,40.278478],[32.3721599,40.2822104],[32.3648643,40.2877757],[32.36701,40.2914421],[32.3716449,40.2915075],[32.3704433,40.2975958],[32.3682975,40.2976613],[32.3646068,40.303029],[32.3623752,40.3034872],[32.3625468,40.3046],[32.3667525,40.3048618],[32.3700999,40.3085927],[32.3755931,40.309509],[32.3738765,40.3147449],[32.3767089,40.3157266],[32.3759364,40.3190642],[32.3555087,40.3171009],[32.3576545,40.3239722],[32.335081,40.3322167],[32.3192882,40.32816],[32.2981738,40.3290106],[32.2997188,40.3407874],[32.2846984,40.341965],[32.2828101,40.3470675],[32.287445,40.3492262],[32.2753919,40.3528187],[32.2686481,40.3577947],[32.2653007,40.3585795],[32.2587775,40.3569444],[32.2533702,40.348245],[32.2510528,40.3481795],[32.2463321,40.3518426],[32.2336291,40.3561595],[32.2302817,40.3547206],[32.2143172,40.3536741],[32.2050475,40.3568136],[32.2011851,40.359953],[32.1924304,40.3597568],[32.1871089,40.3638116],[32.1811008,40.3613264],[32.1768951,40.3617188],[32.1729468,40.364204],[32.1646213,40.3606724],[32.1655653,40.3689125],[32.1606609,40.3724062],[32.1458243,40.3674739],[32.12059,40.3643348],[32.1185301,40.3621113],[32.1257399,40.3568791],[32.1314047,40.356225],[32.1314047,40.3469367],[32.1267698,40.3400024],[32.1123503,40.3371238],[32.109432,40.323645],[32.0950125,40.313436],[32.0939825,40.3079382],[32.0965574,40.3029636],[32.1164702,40.2975959],[32.1156119,40.2906565],[32.1121786,40.2890852],[32.1152685,40.2871211],[32.1161268,40.2839783],[32.1140669,40.2782162],[32.110462,40.275073],[32.1229933,40.2693101],[32.1250532,40.2598789],[32.1315764,40.2607959],[32.1305464,40.2640707],[32.133808,40.2648566],[32.1377562,40.2634158],[32.1432493,40.2562108],[32.1561239,40.2609269],[32.1643637,40.2511014],[32.1667669,40.2435021],[32.176895,40.2440262],[32.1792982,40.2400952],[32.1827315,40.2382607],[32.1873663,40.2403573],[32.1909712,40.2349846],[32.1985243,40.2381297],[32.1993826,40.2353778],[32.196121,40.2323636],[32.1968077,40.2281698],[32.1928595,40.2252865],[32.1952627,40.220699],[32.1901129,40.2217476],[32.1873663,40.2239758],[32.1806715,40.2227962],[32.1732901,40.2237137],[32.1631621,40.2153248],[32.1576689,40.2150626],[32.1542357,40.2109988],[32.1492575,40.2151937],[32.1417044,40.2117854],[32.1169851,40.2089013],[32.1298598,40.2165045],[32.1272848,40.2201747],[32.1326063,40.2318394],[32.131233,40.2349846],[32.1240233,40.2352467],[32.1144102,40.2324947],[32.1108053,40.2345915],[32.1084021,40.2338052],[32.1059988,40.2296115],[32.1010206,40.2305289],[32.0986174,40.2288251],[32.0924376,40.2305289],[32.0914076,40.2289562],[32.0929526,40.2269903],[32.0869444,40.222403],[32.0867727,40.2150626],[32.089176,40.2145383],[32.088146,40.2094257],[32.0926092,40.2048372],[32.0910643,40.1995928],[32.0939825,40.1957903],[32.0912359,40.1926433],[32.0946692,40.1904141],[32.098789,40.1935612],[32.1011923,40.1908075],[32.1092604,40.1908075],[32.112007,40.1885782],[32.1193884,40.1880537],[32.1212767,40.1859555],[32.1396445,40.1850375],[32.1334646,40.1796604],[32.1367262,40.1702167],[32.133293,40.1664126],[32.1224783,40.164576],[32.1233366,40.1606404],[32.133293,40.1606404],[32.1372412,40.1573606],[32.1348379,40.155655],[32.1324347,40.1472577],[32.1267698,40.1500132],[32.1253966,40.1472577],[32.1277998,40.1425338],[32.1276282,40.134791],[32.1241949,40.1330849],[32.1284865,40.1322974],[32.1274565,40.1275724],[32.1235083,40.1273099],[32.1217488,40.1232409],[32.1174143,40.1223877],[32.1153544,40.1159554],[32.1180151,40.1128704],[32.1092866,40.1017999],[32.1136379,40.1029905],[32.117629,40.1074875],[32.1260833,40.1098507],[32.1341085,40.1091286],[32.1369838,40.1063386],[32.143507,40.1045661],[32.1479272,40.1065684],[32.1486568,40.1098507],[32.1508455,40.1056821],[32.1528625,40.1068638],[32.1552228,40.1048287],[32.1582698,40.1072905],[32.1602439,40.1032859],[32.1640205,40.1038768],[32.1635484,40.0985589],[32.1676254,40.0980994],[32.168312,40.0928139],[32.1562957,40.079385],[32.1536349,40.0733427],[32.1481418,40.0790566],[32.1441077,40.0779401],[32.1397304,40.0787939],[32.1368121,40.0759042],[32.1320056,40.0763639],[32.1317481,40.0799104],[32.1267699,40.0816178],[32.1277999,40.0837193],[32.12574,40.0835223],[32.1203326,40.0715037],[32.1162128,40.0684166],[32.1169661,40.0584955]]]]}},{"type":"Feature","properties":{"code":"06-15","provinceCode":"06","name":"Haymana"},"geometry":{"type":"Polygon","coordinates":[[[32.599646,39.022028],[32.5997829,39.0243183],[32.5962638,39.0258519],[32.5966071,39.0277189],[32.6040744,39.0315194],[32.6019286,39.0335196],[32.6024436,39.035253],[32.6099967,39.0478524],[32.6165198,39.0479858],[32.6172065,39.052385],[32.610855,39.0514519],[32.6102542,39.0539847],[32.6121425,39.0580504],[32.6138591,39.0583169],[32.6183223,39.070779],[32.6253604,39.074977],[32.6167773,39.0881023],[32.6245021,39.0869698],[32.6201247,39.0980946],[32.6370334,39.1037562],[32.638235,39.1004259],[32.63978,39.1008255],[32.648878,39.1092176],[32.6505088,39.1042225],[32.6529979,39.1025573],[32.6887035,39.1045555],[32.6894759,39.1102166],[32.6911925,39.1112156],[32.7154826,39.1116152],[32.7329063,39.1190071],[32.7520465,39.114945],[32.7527331,39.118208],[32.7539348,39.1184078],[32.754364,39.115844],[32.7576255,39.1157441],[32.7621745,39.1166098],[32.7645778,39.1202058],[32.7658652,39.1186076],[32.7683543,39.1195399],[32.7699851,39.118208],[32.7713584,39.1200726],[32.773075,39.1183412],[32.7765941,39.1206719],[32.7775382,39.1199394],[32.7793407,39.1223366],[32.7853488,39.1226029],[32.784233,39.1261986],[32.7910136,39.1264649],[32.7920436,39.1240678],[32.7947902,39.1328566],[32.7966785,39.1329232],[32.7958202,39.1338553],[32.7989959,39.1393809],[32.8036307,39.1431088],[32.8038024,39.1455052],[32.7990817,39.1487003],[32.795906,39.1538254],[32.7939319,39.1549569],[32.7909278,39.1538254],[32.7907561,39.1548903],[32.7993392,39.1583512],[32.8116988,39.1587505],[32.815647,39.160614],[32.8167628,39.1654055],[32.8107547,39.1648066],[32.8103255,39.169864],[32.8175353,39.1680673],[32.8280067,39.1770502],[32.8357314,39.1783809],[32.8387355,39.1839696],[32.8422546,39.1860985],[32.8393363,39.1904892],[32.8319549,39.1882939],[32.8194236,39.1903561],[32.8110122,39.1938152],[32.8074073,39.1989371],[32.8053474,39.1981389],[32.8038882,39.2067189],[32.7977084,39.2062534],[32.799425,39.2102437],[32.7949618,39.2091797],[32.7916144,39.2065194],[32.7841472,39.2055218],[32.7831172,39.2070514],[32.7807998,39.2070514],[32.7789115,39.2094457],[32.7890395,39.2091131],[32.7947044,39.2107758],[32.7978801,39.2170268],[32.7962493,39.2277322],[32.7868079,39.2245407],[32.7830314,39.2258705],[32.7827739,39.2335829],[32.7868079,39.2351784],[32.7916144,39.2418926],[32.7991675,39.2429562],[32.7902412,39.2452828],[32.8331565,39.251996],[32.8387864,39.260383],[32.8324698,39.2795735],[32.7814863,39.3054798],[32.7775381,39.3048157],[32.7789114,39.3187614],[32.7935026,39.3377496],[32.7902411,39.3409359],[32.7984808,39.3431928],[32.780628,39.3535471],[32.7818297,39.3564672],[32.7753065,39.3607145],[32.7729033,39.3668195],[32.7692984,39.367483],[32.7698134,39.3705353],[32.7610586,39.382345],[32.7620886,39.3851313],[32.7644919,39.3851313],[32.7713584,39.3902059],[32.7704572,39.3938873],[32.7738475,39.3933235],[32.7748775,39.3975022],[32.7753066,39.3960098],[32.7740192,39.4014485],[32.7795123,39.4066878],[32.777245,39.4185359],[32.7807139,39.4241273],[32.7677535,39.4467324],[32.7651786,39.4464672],[32.7650069,39.4545529],[32.7627753,39.4567399],[32.7620029,39.4632341],[32.7591704,39.4636316],[32.7532481,39.4689325],[32.7506732,39.4671435],[32.7495574,39.4681374],[32.7495574,39.4697276],[32.7527331,39.4713178],[32.7499007,39.4721129],[32.7517032,39.4803943],[32.7469825,39.482183],[32.737979,39.4894241],[32.7243399,39.4902393],[32.7212236,39.48821],[32.7228791,39.4854291],[32.7170359,39.4803179],[32.7038887,39.4757325],[32.7041808,39.4728007],[32.6985324,39.4718234],[32.6967794,39.469117],[32.6993115,39.4662602],[32.6926892,39.465358],[32.6815793,39.4590388],[32.675945,39.4598876],[32.6711352,39.4572351],[32.669761,39.4544763],[32.6562936,39.4542641],[32.6532703,39.450338],[32.6474986,39.4504441],[32.6459869,39.4480035],[32.6474986,39.4468361],[32.6432385,39.4450321],[32.6381539,39.4481096],[32.6406275,39.449383],[32.6399403,39.4519297],[32.6384287,39.4509747],[32.6279846,39.4533091],[32.6271601,39.4572351],[32.6222129,39.4557496],[32.6142424,39.4629644],[32.6136927,39.4654046],[32.6106694,39.4656168],[32.6132804,39.4711333],[32.6142424,39.4844984],[32.6191896,39.487362],[32.6171972,39.4920276],[32.6114255,39.4969058],[32.61225,39.4997432],[32.6079899,39.499213],[32.6066157,39.5003794],[32.6095016,39.5074836],[32.6073028,39.5126788],[32.6037298,39.5111945],[32.5941103,39.516839],[32.5935606,39.5208675],[32.5873766,39.5220334],[32.5846281,39.5211855],[32.5818797,39.5250015],[32.5754209,39.5247895],[32.5737718,39.5268036],[32.5755583,39.5282874],[32.5733595,39.5312553],[32.5693743,39.5312553],[32.5603044,39.5418535],[32.5605793,39.5509667],[32.5675878,39.563469],[32.5662136,39.5668591],[32.5685497,39.5715201],[32.5741841,39.5750156],[32.5794061,39.5756511],[32.582292,39.5802056],[32.5830655,39.5863979],[32.573862,39.5970249],[32.5668239,39.6117057],[32.5602593,39.6166335],[32.5562667,39.6136893],[32.5517177,39.6155407],[32.5506019,39.6183176],[32.5463103,39.6182515],[32.5431346,39.6143505],[32.535324,39.6159374],[32.5238227,39.6156068],[32.519617,39.6132265],[32.5125789,39.6123669],[32.5098323,39.6128297],[32.5103473,39.6153423],[32.5057983,39.6155407],[32.5045108,39.6187143],[32.4996184,39.6201688],[32.4992751,39.6224167],[32.50391,39.6239372],[32.5068889,39.6349906],[32.5109895,39.6390874],[32.5101977,39.641984],[32.5032233,39.6364972],[32.4948119,39.6366954],[32.4755859,39.6430406],[32.4746417,39.6453538],[32.4683761,39.6489226],[32.4492358,39.6456843],[32.4415969,39.6413222],[32.4363612,39.6347786],[32.4318122,39.6320023],[32.423315,39.627441],[32.4174356,39.6265485],[32.4204825,39.6242678],[32.4221992,39.6150117],[32.4287223,39.5986122],[32.4272632,39.5974879],[32.4336146,39.5857808],[32.4264049,39.5843255],[32.4184226,39.5767842],[32.4183368,39.5725501],[32.4098395,39.5749318],[32.4016856,39.5638164],[32.3998832,39.5650074],[32.3867511,39.5548831],[32.3857211,39.552964],[32.3879527,39.5521036],[32.3866653,39.5452206],[32.393875,39.5450883],[32.3906993,39.5433012],[32.39439,39.5425732],[32.3919009,39.5396608],[32.3864078,39.5402565],[32.3859786,39.5360202],[32.3811721,39.5355568],[32.3777389,39.5323132],[32.3760223,39.5273481],[32.3714732,39.5250972],[32.3836612,39.5188736],[32.3991107,39.5203965],[32.398939,39.5187412],[32.3962783,39.5188736],[32.3970508,39.5129806],[32.4003123,39.5128482],[32.4000548,39.5084115],[32.4019431,39.5057626],[32.389841,39.498875],[32.3874378,39.4860251],[32.3837471,39.4884429],[32.3846912,39.489834],[32.3780822,39.4897677],[32.3760223,39.4876812],[32.3712587,39.4875818],[32.3732328,39.4835741],[32.3714733,39.482183],[32.3636627,39.4886417],[32.3607444,39.4819843],[32.3612594,39.4780094],[32.3587703,39.4780756],[32.3591136,39.474498],[32.3565387,39.4771481],[32.3574828,39.4735042],[32.3591994,39.4735042],[32.3600577,39.4648244],[32.3529338,39.4637642],[32.3567962,39.4634329],[32.3547362,39.4605835],[32.3544788,39.4510404],[32.3508739,39.4487207],[32.346754,39.4422915],[32.3439216,39.4420263],[32.3451232,39.4235306],[32.3424625,39.4189556],[32.3351668,39.4129215],[32.3287295,39.4007853],[32.318859,39.393025],[32.3135375,39.3952802],[32.3064136,39.3960762],[32.2968864,39.3944843],[32.2952556,39.3909024],[32.2993754,39.3897084],[32.2958564,39.388448],[32.2958564,39.386856],[32.3016929,39.3853302],[32.3007487,39.3838044],[32.3023795,39.3809518],[32.3073577,39.380222],[32.3034953,39.373322],[32.3024654,39.3666203],[32.3067569,39.3625061],[32.3071002,39.3596526],[32.3050403,39.340272],[32.2962855,39.3390108],[32.2950839,39.3356252],[32.293539,39.3354261],[32.2875308,39.3395418],[32.2765445,39.3433255],[32.2719096,39.3400065],[32.2649573,39.3382806],[32.26058,39.3386789],[32.2507953,39.3354261],[32.2481345,39.3303142],[32.2416972,39.32487],[32.244873,39.3251355],[32.2536277,39.3210189],[32.2516536,39.3184957],[32.2574042,39.3139802],[32.255001,39.3121872],[32.2608375,39.310527],[32.2624683,39.3111247],[32.2616099,39.3129841],[32.2655582,39.3109919],[32.2630691,39.3074057],[32.2641849,39.3036865],[32.2697639,39.3018269],[32.2708797,39.2962476],[32.2718238,39.2973768],[32.2733687,39.2949191],[32.2800635,39.2934578],[32.2968864,39.2862835],[32.3049544,39.2852205],[32.2981738,39.282231],[32.2990321,39.2714675],[32.297058,39.2629618],[32.3025512,39.2573795],[32.302122,39.248008],[32.3052978,39.2469445],[32.3027228,39.2448839],[32.3028945,39.2369734],[32.3118208,39.2315884],[32.3095892,39.2281312],[32.3133658,39.2285301],[32.3131941,39.2221471],[32.317829,39.2202852],[32.3204039,39.2169604],[32.315769,39.2064529],[32.3233221,39.2019303],[32.3291586,39.2009991],[32.3293304,39.1926844],[32.3380851,39.178514],[32.3392009,39.1735903],[32.3410892,39.1743888],[32.3420333,39.172326],[32.346239,39.1717937],[32.351303,39.1664037],[32.3639201,39.142776],[32.3598003,39.1335224],[32.3465823,39.1230025],[32.3447799,39.1236683],[32.3415183,39.1209382],[32.3319911,39.1188074],[32.3281287,39.1163435],[32.317829,39.1151448],[32.3159408,39.1120814],[32.3137092,39.1120814],[32.3129367,39.1073528],[32.3105334,39.1050883],[32.3131084,39.1021577],[32.3109626,39.0956966],[32.3133659,39.0942311],[32.3136233,39.0919661],[32.3118209,39.0920994],[32.3104476,39.0887019],[32.3119067,39.0833055],[32.3164558,39.0827059],[32.3122501,39.0789082],[32.3075294,39.0773091],[32.3079585,39.0719785],[32.3108768,39.0538514],[32.3162841,39.0470525],[32.3200054,39.0314949],[32.3228071,39.0257186],[32.3266696,39.0221178],[32.3295879,39.0216511],[32.3669242,39.0267187],[32.3678683,39.0143156],[32.3660659,39.0141822],[32.3666667,39.0096472],[32.3687266,39.0097139],[32.3687266,39.0047117],[32.3729323,38.9997091],[32.3801421,39.0009764],[32.382717,38.998375],[32.4000548,38.9756918],[32.3973941,38.9728226],[32.4195384,38.9672839],[32.434473,38.9561385],[32.4381637,38.9541361],[32.4406965,38.9546462],[32.4490642,38.9605435],[32.448635,38.968752],[32.4495792,38.9678845],[32.4510383,38.9698865],[32.464342,38.9713545],[32.4936961,38.9905034],[32.4934386,38.9919044],[32.5097465,39.0060456],[32.5136947,39.0310527],[32.5104331,39.0367864],[32.5204753,39.0403864],[32.5240802,39.0379864],[32.5284576,39.0388531],[32.5329208,39.0361197],[32.5354098,39.040253],[32.5364398,39.0391197],[32.5389289,39.0425863],[32.5412463,39.0397197],[32.5421905,39.0426529],[32.5442504,39.040453],[32.5431346,39.0391197],[32.5513743,39.0394531],[32.558155,39.035653],[32.5591849,39.0347196],[32.5577258,39.0338529],[32.563219,39.0336529],[32.5680255,39.0302526],[32.5645923,39.0256519],[32.5662231,39.0225846],[32.5698279,39.0215177],[32.58296,39.0227846],[32.5828742,39.0204508],[32.58502,39.0197839],[32.5947188,39.021251],[32.5967788,39.0204508],[32.599646,39.022028]]]}},{"type":"Feature","properties":{"code":"06-16","provinceCode":"06","name":"Kahramankazan"},"geometry":{"type":"Polygon","coordinates":[[[32.8183534,40.2152992],[32.8150601,40.2213716],[32.8077396,40.2267271],[32.8054695,40.2326988],[32.808772,40.233497],[32.8089308,40.2363761],[32.7999033,40.2330463],[32.7982353,40.2342393],[32.810926,40.239817],[32.8230956,40.2431545],[32.8399428,40.2450511],[32.8425502,40.2531937],[32.8380805,40.2545481],[32.8371118,40.2574877],[32.8385406,40.2597651],[32.8345967,40.2620725],[32.8356314,40.2634621],[32.8265999,40.2668217],[32.8249908,40.2704093],[32.8267241,40.2717972],[32.822961,40.2740182],[32.8245663,40.2744715],[32.8231262,40.2785812],[32.8211734,40.2819646],[32.8178097,40.2835666],[32.8183202,40.2872047],[32.8237991,40.2939687],[32.838326,40.2961782],[32.8549986,40.2941651],[32.8524022,40.3057517],[32.8578525,40.3106933],[32.8643756,40.3127222],[32.8648477,40.3140966],[32.8644614,40.3168453],[32.8592472,40.3175325],[32.86032,40.3208046],[32.867251,40.322735],[32.9004888,40.3234384],[32.8973775,40.3298346],[32.8977852,40.3348563],[32.8872428,40.3394571],[32.8810883,40.3452262],[32.8764331,40.3454975],[32.8745759,40.3478973],[32.8571891,40.3418341],[32.8439712,40.3394135],[32.840023,40.3401332],[32.8388213,40.3373854],[32.8285216,40.3356844],[32.8219985,40.3313661],[32.818222,40.3246265],[32.8146171,40.3244957],[32.8151321,40.3217473],[32.8101539,40.3206348],[32.8043174,40.3208965],[32.8021716,40.3225325],[32.7966785,40.3216818],[32.7718734,40.3159229],[32.7682149,40.3132968],[32.7640882,40.3135565],[32.7554064,40.3112213],[32.745838,40.3070295],[32.7398584,40.3017319],[32.7241352,40.2985554],[32.7114596,40.2987775],[32.7124047,40.294395],[32.7089646,40.2858859],[32.6858828,40.2950676],[32.673163,40.2945944],[32.6713016,40.2966293],[32.6688197,40.2951623],[32.6673305,40.296582],[32.6711155,40.2984276],[32.669254,40.3031598],[32.6740938,40.3045793],[32.6729769,40.3052891],[32.6760793,40.3080808],[32.6739076,40.3099734],[32.6745901,40.3117714],[32.6603812,40.32147],[32.6479096,40.3242137],[32.6403398,40.3169757],[32.6345073,40.3175434],[32.6279302,40.3140424],[32.6201122,40.3146575],[32.6079779,40.3084046],[32.604761,40.3107526],[32.6051902,40.3160538],[32.5963496,40.3152685],[32.5888824,40.3116689],[32.5896548,40.3100981],[32.5847625,40.3093781],[32.5832175,40.3061709],[32.5812434,40.3057127],[32.5645923,40.3039454],[32.5633048,40.3021126],[32.5511169,40.3049273],[32.546482,40.299036],[32.5399589,40.2987742],[32.5389289,40.3013271],[32.5365256,40.301458],[32.5310325,40.2973995],[32.5293159,40.293668],[32.5314616,40.2918349],[32.5296592,40.2803115],[32.5338649,40.280246],[32.5415897,40.2723225],[32.5410747,40.2697685],[32.5451295,40.26293],[32.5479216,40.2629774],[32.5514438,40.2595135],[32.5544987,40.2597576],[32.5573663,40.2514942],[32.564201,40.2486632],[32.5468958,40.2510407],[32.5423043,40.2495253],[32.5286547,40.2501845],[32.5177963,40.2449277],[32.5162698,40.2414453],[32.5155156,40.2396314],[32.5196169,40.2333956],[32.5267471,40.2348303],[32.5464062,40.228271],[32.5478056,40.2262373],[32.5418472,40.2156196],[32.5461049,40.2127732],[32.5391339,40.2122464],[32.5396686,40.2086392],[32.544788,40.2066427],[32.5500527,40.1989891],[32.5476662,40.1913069],[32.5339782,40.1900033],[32.5264625,40.18551],[32.5355394,40.1823756],[32.5396059,40.1787972],[32.5283406,40.1713345],[32.5260895,40.1674781],[32.5274692,40.1645648],[32.5232212,40.1599865],[32.5165076,40.1562657],[32.5120813,40.1450052],[32.5246124,40.1297465],[32.523781,40.1287762],[32.5299071,40.1254304],[32.5330139,40.1220845],[32.5326638,40.1201103],[32.539315,40.1186714],[32.5482854,40.1071595],[32.561369,40.0956791],[32.559006,40.0881806],[32.5604063,40.0833597],[32.5620691,40.0811282],[32.5667512,40.0829245],[32.5659198,40.081284],[32.5706456,40.0768644],[32.5696392,40.0749894],[32.5739479,40.0623405],[32.5854183,40.0550415],[32.5854597,40.0534747],[32.5906976,40.0430025],[32.5872432,40.0386788],[32.5988126,40.0349425],[32.6098884,40.0341449],[32.6224447,40.0272595],[32.6306694,40.0249922],[32.6347269,40.0333052],[32.6381812,40.0324236],[32.6492571,40.0345227],[32.6552885,40.033767],[32.6524921,40.0417432],[32.6536436,40.0449754],[32.6562755,40.0458988],[32.6544112,40.0483333],[32.6559465,40.0505159],[32.6608813,40.0527823],[32.6654871,40.058574],[32.6708057,40.0590356],[32.6857745,40.0658759],[32.6862132,40.068939],[32.7009627,40.0805192],[32.7022238,40.0832041],[32.7064458,40.0857631],[32.7191118,40.0890771],[32.7264043,40.0943204],[32.7272268,40.0931879],[32.7284331,40.093901],[32.7287072,40.0963338],[32.7343,40.094656],[32.7411702,40.0950495],[32.7431672,40.1097544],[32.7478002,40.1123658],[32.7467786,40.1151219],[32.7485481,40.1173235],[32.7528946,40.1404905],[32.7718571,40.1401938],[32.7768616,40.1438855],[32.7790421,40.1495395],[32.7848873,40.1498656],[32.7854573,40.1544009],[32.7821126,40.1578792],[32.7839085,40.1605239],[32.7835247,40.1709573],[32.7864856,40.171879],[32.7879667,40.1780799],[32.7953443,40.1803958],[32.7958617,40.1865414],[32.8109992,40.1871414],[32.8170264,40.1930756],[32.8251962,40.1952954],[32.8248673,40.1995254],[32.8191648,40.2031689],[32.8167061,40.2099377],[32.8154407,40.2096225],[32.8183534,40.2152992]]]}},{"type":"Feature","properties":{"code":"06-17","provinceCode":"06","name":"Kalecik"},"geometry":{"type":"Polygon","coordinates":[[[33.3971214,39.9715911],[33.3993816,39.9730422],[33.4024839,39.9712441],[33.4007548,39.9669905],[33.4041022,39.9656749],[33.4047889,39.9623856],[33.4075355,39.9605436],[33.406763,39.9586357],[33.4114837,39.9560698],[33.4151744,39.9489639],[33.4172343,39.9492271],[33.4191226,39.9472531],[33.4211825,39.9524512],[33.4301089,39.9560698],[33.434658,39.9623198],[33.4356879,39.9656091],[33.4305381,39.971924],[33.4311389,39.9764624],[33.4416103,39.9755416],[33.4439277,39.976594],[33.4470176,39.9812637],[33.4443568,39.9857358],[33.4597205,39.9836313],[33.4622954,39.9850124],[33.4699344,39.9767255],[33.4749984,39.9738973],[33.4820365,39.974555],[33.4864139,39.9717924],[33.5058116,39.9752785],[33.5043525,39.978041],[33.5079574,39.9809348],[33.5138797,39.9824475],[33.5154246,39.9865907],[33.5173987,39.9874456],[33.5149955,40.0280746],[33.5080432,40.0364866],[33.4980868,40.0444377],[33.4665012,40.0448976],[33.4619521,40.0409551],[33.4592055,40.0433863],[33.4693336,40.0544901],[33.4768008,40.0544901],[33.4776591,40.0515994],[33.4844398,40.0510738],[33.4925078,40.0540302],[33.5100173,40.0739338],[33.5213949,40.0756198],[33.5217761,40.0791223],[33.526411,40.0820775],[33.5330199,40.0827999],[33.5355949,40.0812895],[33.5404872,40.0831939],[33.5497569,40.0805014],[33.5571384,40.0841133],[33.5755061,40.0862804],[33.5837679,40.0842829],[33.5887241,40.087528],[33.594303,40.089104],[33.594818,40.0877907],[33.5959338,40.089695],[33.5955905,40.0930437],[33.5922431,40.0945539],[33.5873508,40.1004629],[33.5961913,40.1009882],[33.6028861,40.1049929],[33.6143874,40.1051242],[33.6178207,40.1083409],[33.6179065,40.1204843],[33.6162757,40.1207468],[33.61104,40.1312474],[33.6321544,40.1357752],[33.6309527,40.1553926],[33.6367892,40.1605092],[33.6341285,40.1658878],[33.5931014,40.1780864],[33.5932731,40.1873979],[33.5952472,40.1958558],[33.6076926,40.2083113],[33.6046027,40.2284319],[33.6056327,40.2317738],[33.6183356,40.2419952],[33.6183356,40.2463191],[33.6132716,40.2477604],[33.611555,40.2467122],[33.6100959,40.2484155],[33.61104,40.2579793],[33.6169623,40.2588963],[33.6212539,40.2615163],[33.618679,40.2619093],[33.6183356,40.2643981],[33.6209106,40.269572],[33.6262321,40.2736323],[33.6265754,40.2794603],[33.6290645,40.283389],[33.6388492,40.2770374],[33.6440848,40.2795257],[33.6461448,40.2833235],[33.6444282,40.2876448],[33.6479472,40.2924896],[33.6468415,40.2955756],[33.6292361,40.3038145],[33.6215972,40.30388],[33.6199664,40.3076109],[33.6109542,40.3148758],[33.6031436,40.3186715],[33.6030578,40.3229906],[33.6000537,40.3269822],[33.594818,40.3205039],[33.5921573,40.3255426],[33.5858916,40.330123],[33.5647773,40.3313661],[33.5579108,40.3405911],[33.5589408,40.3430771],[33.5627174,40.3443854],[33.5611724,40.3464788],[33.5585116,40.3439929],[33.5513019,40.3441238],[33.5502719,40.3409182],[33.5549926,40.3407874],[33.5547351,40.3386285],[33.5486411,40.3332636],[33.5440921,40.334245],[33.5470962,40.3292724],[33.5381698,40.3293378],[33.53199,40.3250191],[33.5280418,40.32515],[33.5263251,40.3233832],[33.5270976,40.3210929],[33.5205745,40.3208965],[33.5169696,40.3229252],[33.515253,40.3166428],[33.5090732,40.3195223],[33.5068416,40.3170355],[33.5014342,40.3184752],[33.5000609,40.3168391],[33.4936236,40.3164465],[33.487358,40.3184752],[33.4834098,40.3153339],[33.4785174,40.3184752],[33.47826,40.3198495],[33.4821223,40.320962],[33.4826373,40.3295341],[33.4818648,40.3321513],[33.4786033,40.3328056],[33.4785174,40.3339833],[33.4858131,40.3337216],[33.4861564,40.3363386],[33.4885596,40.3369929],[33.4865994,40.3390369],[33.4842681,40.3408528],[33.4798049,40.3375163],[33.4656428,40.336862],[33.4648704,40.3385631],[33.450365,40.3429463],[33.4511375,40.345563],[33.4475326,40.3481795],[33.4471034,40.3468713],[33.4452151,40.3488337],[33.4391212,40.349357],[33.4374045,40.348245],[33.4348296,40.3549822],[33.4328555,40.3527583],[33.4272765,40.3552439],[33.4288215,40.3605416],[33.4353446,40.3657735],[33.4352588,40.3702857],[33.4372329,40.3723129],[33.4324264,40.3732937],[33.4328555,40.3759746],[33.4313106,40.3770208],[33.429594,40.3753861],[33.4255599,40.3757131],[33.4243583,40.3821861],[33.4202384,40.3845397],[33.417679,40.3896563],[33.4162902,40.3876778],[33.4135436,40.3872856],[33.4156036,40.3855858],[33.4127711,40.377217],[33.4021281,40.374863],[33.3956908,40.3791785],[33.3989524,40.3814669],[33.3997249,40.3829052],[33.3981799,40.3838859],[33.4004115,40.3851281],[33.3929443,40.3914695],[33.3870219,40.389639],[33.3837604,40.3909465],[33.3784389,40.3874817],[33.3755206,40.3874163],[33.3747481,40.3895737],[33.3655643,40.3938228],[33.3644485,40.3895083],[33.3611869,40.3887238],[33.3587836,40.3918617],[33.3556937,40.3916656],[33.3537196,40.3959146],[33.3494281,40.3950648],[33.3472823,40.3988561],[33.3434199,40.3996404],[33.3407592,40.3984639],[33.3381843,40.3999019],[33.3384418,40.401536],[33.3332061,40.4041504],[33.3187007,40.4057843],[33.3201598,40.4074836],[33.3152675,40.4087254],[33.3131217,40.4073529],[33.3120917,40.4005555],[33.31501,40.4002941],[33.31604,40.3987907],[33.3141517,40.3989868],[33.31295,40.3927115],[33.3143233,40.3879393],[33.3114051,40.3878739],[33.3181857,40.3769554],[33.3170699,40.3750592],[33.3227347,40.3727052],[33.3205031,40.3704165],[33.3239364,40.3679316],[33.3229064,40.367016],[33.3290862,40.3552439],[33.3320903,40.3594952],[33.3421325,40.3585141],[33.3456515,40.3502073],[33.3391284,40.3438621],[33.3362102,40.3381705],[33.3384418,40.335161],[33.3381843,40.3322167],[33.3244514,40.332413],[33.3231639,40.3343104],[33.3201598,40.3341796],[33.3209323,40.3367312],[33.314495,40.3385631],[33.3148383,40.3366658],[33.3102035,40.3348338],[33.302822,40.3358807],[33.2964706,40.3347684],[33.297243,40.3307118],[33.2999896,40.3303193],[33.2994746,40.3280946],[33.2855701,40.3257389],[33.2814502,40.3226634],[33.2649746,40.3186934],[33.2549285,40.3165119],[33.2460021,40.3097708],[33.2464313,40.3074145],[33.2521819,40.3078073],[33.2478046,40.3032254],[33.2548427,40.2980541],[33.2587909,40.2907219],[33.250637,40.2913111],[33.2509959,40.2867023],[33.2576751,40.2823413],[33.2659148,40.2823413],[33.2688331,40.2798531],[33.2683181,40.2751384],[33.2636832,40.2711438],[33.2706355,40.2596168],[33.2687472,40.2573898],[33.2708072,40.2562108],[33.2732104,40.2573898],[33.2727813,40.2495292],[33.2778453,40.2477604],[33.2763003,40.2461881],[33.2733821,40.248219],[33.2538127,40.2509703],[33.2514953,40.2495292],[33.2504653,40.2436986],[33.2564735,40.2390469],[33.2514953,40.239571],[33.2475471,40.2383262],[33.2398223,40.2417331],[33.2377624,40.2459916],[33.2296084,40.2510359],[33.2262611,40.2509703],[33.2261752,40.252739],[33.2221412,40.2537216],[33.2143939,40.2661506],[33.2093524,40.2621713],[33.2069491,40.248481],[33.2038592,40.245795],[33.2051467,40.2408814],[33.210554,40.2389158],[33.2096957,40.24134],[33.2111549,40.243371],[33.2172488,40.2417331],[33.218708,40.2390469],[33.2147597,40.2364916],[33.2195663,40.237671],[33.2200812,40.2366226],[33.218193,40.2342638],[33.2211112,40.232167],[33.2207679,40.2288906],[33.2224845,40.2271213],[33.2198238,40.2256796],[33.2234286,40.2239102],[33.2254027,40.2260728],[33.2301234,40.2223374],[33.2302093,40.2201747],[33.2363032,40.2196504],[33.2359599,40.2170288],[33.2405089,40.2161768],[33.2421397,40.2095567],[33.2464313,40.2086391],[33.2472037,40.2060171],[33.2526406,40.2065547],[33.2566072,40.2034151],[33.2593917,40.2037883],[33.2617091,40.207918],[33.2605933,40.2109988],[33.265314,40.2129651],[33.2650565,40.2154558],[33.2723521,40.2183396],[33.2700347,40.2199781],[33.2722663,40.2209611],[33.2726955,40.2234515],[33.2745837,40.2241723],[33.281021,40.2230583],[33.2841109,40.220699],[33.2868575,40.2210922],[33.2857417,40.2194537],[33.2879733,40.218995],[33.2905482,40.2153902],[33.2884025,40.2143416],[33.2893466,40.2115231],[33.2868575,40.210671],[33.2873725,40.2096223],[33.2914924,40.2098189],[33.2905482,40.2067381],[33.292179,40.2056237],[33.3014487,40.2037883],[33.3023929,40.1992649],[33.2969855,40.1974949],[33.3017062,40.1953314],[33.3046245,40.1912008],[33.3058261,40.1842505],[33.307886,40.1834637],[33.3074569,40.1799882],[33.3042811,40.1794636],[33.3070277,40.176906],[33.3069419,40.1727744],[33.3112334,40.166806],[33.3086585,40.1662157],[33.308916,40.1637233],[33.3017062,40.1527029],[33.298273,40.1530309],[33.2989596,40.1490946],[33.2955264,40.1519156],[33.2935523,40.1504724],[33.2902049,40.1540805],[33.2875442,40.1547365],[33.2811069,40.1511284],[33.2732963,40.150866],[33.269863,40.1443052],[33.2690906,40.1389905],[33.275442,40.1355128],[33.2793902,40.1355784],[33.2843684,40.1332817],[33.2841109,40.1305255],[33.2943248,40.1319036],[33.2950973,40.122847],[33.3091735,40.1135267],[33.308916,40.1025638],[33.3157825,40.098165],[33.3114909,40.0943569],[33.2988738,40.0920588],[33.2914065,40.086346],[33.3035087,40.0814865],[33.2955264,40.0817492],[33.2944965,40.0782028],[33.2917499,40.0781372],[33.2906341,40.0742622],[33.2811927,40.0736711],[33.2713761,40.0670068],[33.2754836,40.0594587],[33.28763,40.0480515],[33.2918357,40.0391809],[33.309747,40.0233568],[33.3202846,40.0233635],[33.3265971,40.0211076],[33.3356094,40.0225536],[33.3445357,40.0187413],[33.3456515,40.0155203],[33.3500289,40.0129566],[33.353548,40.0150602],[33.3660792,40.0122992],[33.3704566,40.008552],[33.3725165,40.0040814],[33.3767222,40.0023063],[33.3760356,39.9963887],[33.3817004,39.9910624],[33.3817863,39.9855385],[33.3847903,39.9807375],[33.3971214,39.9715911]]]}},{"type":"Feature","properties":{"code":"06-18","provinceCode":"06","name":"Keçiören"},"geometry":{"type":"Polygon","coordinates":[[[32.7411702,40.0950495],[32.7446249,40.0967894],[32.7474591,40.1058199],[32.7554806,40.1060804],[32.7599768,40.1049732],[32.7633319,40.1022897],[32.7646263,40.1035793],[32.7677429,40.1025111],[32.7747541,40.1033318],[32.7810045,40.0996061],[32.7810164,40.0963281],[32.7878339,40.0928706],[32.7854796,40.081968],[32.7874537,40.0826412],[32.8020664,40.0718539],[32.7999979,40.0685572],[32.8032809,40.0675719],[32.8058773,40.0622677],[32.8078085,40.0509845],[32.8047615,40.0436255],[32.8069716,40.0437405],[32.8065854,40.038878],[32.8030234,40.0359373],[32.8014512,40.0298898],[32.7903497,40.0160446],[32.7963088,40.010199],[32.7973276,40.0043093],[32.7990023,40.0032075],[32.7960905,40.0029157],[32.7995592,39.9911531],[32.8113942,39.9856062],[32.811235,39.9767967],[32.8148287,39.9717486],[32.8188624,39.9716275],[32.8188836,39.9689152],[32.8319269,39.9687811],[32.8350124,39.9698646],[32.8470563,39.9604849],[32.8501515,39.9579622],[32.8654886,39.9592426],[32.877386,39.9710346],[32.8843749,39.9746995],[32.8869916,39.9829106],[32.8953229,39.9848195],[32.901151,39.996264],[32.8982421,39.9981553],[32.8993281,40.0044496],[32.8969461,40.0078872],[32.898189,40.0146013],[32.8962076,40.0228637],[32.8883989,40.0238282],[32.8878881,40.0213328],[32.8843804,40.0237347],[32.8820808,40.0287724],[32.873639,40.0326786],[32.8736305,40.034295],[32.8762503,40.0355933],[32.8768518,40.0436344],[32.8746821,40.0454238],[32.876484,40.0490312],[32.8902011,40.0571845],[32.890046,40.0603363],[32.8782238,40.0590041],[32.8776873,40.0627977],[32.8804776,40.0632665],[32.8811637,40.0671342],[32.8847721,40.0707453],[32.8802616,40.075843],[32.8824128,40.0842853],[32.8802616,40.0914524],[32.8751265,40.0920363],[32.8740162,40.0945844],[32.8713099,40.0947968],[32.8675627,40.0977694],[32.8680484,40.1005827],[32.8645094,40.1016974],[32.8552107,40.0998927],[32.8538922,40.0985126],[32.8395279,40.1010074],[32.8277593,40.0933982],[32.8269677,40.09554],[32.8215551,40.0966547],[32.8237279,40.1072001],[32.8091337,40.1075358],[32.8100358,40.1085973],[32.8039292,40.1131084],[32.804415,40.1174069],[32.8008759,40.1174069],[32.7981696,40.1197949],[32.802125,40.1244644],[32.8054559,40.1343331],[32.8126033,40.1385773],[32.8119094,40.1451021],[32.8170445,40.1489743],[32.8195427,40.1484439],[32.8214163,40.1513611],[32.8171139,40.1558694],[32.8182936,40.1577257],[32.8221102,40.1584681],[32.8254411,40.1618623],[32.8335601,40.1656805],[32.841679,40.1664759],[32.8430669,40.1694985],[32.8387472,40.1744085],[32.8363202,40.1877809],[32.8401596,40.1971345],[32.8335859,40.2041383],[32.8201627,40.2117544],[32.8183534,40.2152992],[32.8154407,40.2096225],[32.8167061,40.2099377],[32.8191648,40.2031689],[32.8248673,40.1995254],[32.8251962,40.1952954],[32.8170264,40.1930756],[32.8109992,40.1871414],[32.7958617,40.1865414],[32.7953443,40.1803958],[32.7879667,40.1780799],[32.7864856,40.171879],[32.7835247,40.1709573],[32.7839085,40.1605239],[32.7821126,40.1578792],[32.7854573,40.1544009],[32.7848873,40.1498656],[32.7790421,40.1495395],[32.7768616,40.1438855],[32.7718571,40.1401938],[32.7528946,40.1404905],[32.7485481,40.1173235],[32.7467786,40.1151219],[32.7478002,40.1123658],[32.7431672,40.1097544],[32.7411702,40.0950495]]]}},{"type":"Feature","properties":{"code":"06-19","provinceCode":"06","name":"Kırıkkale (merkez)"},"geometry":{"type":"Polygon","coordinates":[[[33.6211821,40.0583658],[33.5939624,40.0750907],[33.5886628,40.0825824],[33.5837679,40.0842829],[33.5755061,40.0862804],[33.5571384,40.0841133],[33.5497569,40.0805014],[33.5404872,40.0831939],[33.5355949,40.0812895],[33.5330199,40.0827999],[33.526411,40.0820775],[33.5217761,40.0791223],[33.5213949,40.0756198],[33.5674936,40.0090879],[33.5707952,39.9997774],[33.5643506,39.9675131],[33.5326915,39.9241261],[33.5188616,39.8991402],[33.5163721,39.8885484],[33.5107143,39.8816021],[33.4983946,39.8720659],[33.4848425,39.8684557],[33.4823111,39.8458174],[33.4789146,39.8416437],[33.4697754,39.8417685],[33.4711736,39.8371548],[33.467111,39.8328569],[33.4633509,39.8225327],[33.4722381,39.8189559],[33.4781236,39.8188843],[33.481772,39.816312],[33.4819866,39.8123355],[33.4758011,39.8065542],[33.4712835,39.8065966],[33.4687278,39.8049253],[33.45942,39.7858294],[33.4544282,39.7827072],[33.4499995,39.7738597],[33.4522488,39.7659357],[33.4621833,39.7593077],[33.4753044,39.7532554],[33.4745182,39.748042],[33.4710893,39.7442899],[33.4705135,39.7347699],[33.4529148,39.7351251],[33.4325303,39.7443138],[33.4112085,39.7381881],[33.4022393,39.7307141],[33.3971409,39.7188347],[33.3978906,39.7086837],[33.407333,39.7011903],[33.4300038,39.6921657],[33.4624652,39.6875935],[33.4678022,39.6923432],[33.4725734,39.7055328],[33.4809891,39.7079031],[33.4853084,39.7206921],[33.4955467,39.7279753],[33.5277274,39.7381697],[33.5472287,39.748372],[33.5715182,39.7575245],[33.5837861,39.7663481],[33.59238,39.7793371],[33.5977251,39.7832482],[33.6036138,39.7844962],[33.6177549,39.7827679],[33.6216299,39.7846581],[33.6358516,39.7806521],[33.6486266,39.7799704],[33.6607428,39.7899316],[33.673294,39.7970161],[33.6760665,39.8154945],[33.6863343,39.8226297],[33.6873136,39.8307516],[33.6569575,39.8650338],[33.6494277,39.8795722],[33.6359935,39.8920827],[33.628943,39.9013276],[33.6265514,39.9139941],[33.6369324,39.9299595],[33.6398198,39.9401035],[33.63481,39.9586925],[33.6239338,39.9681134],[33.5936238,39.9764938],[33.5917408,39.9823353],[33.5996034,40.0197259],[33.6211821,40.0583658]]]}},{"type":"Feature","properties":{"code":"06-20","provinceCode":"06","name":"Kızılcahamam"},"geometry":{"type":"Polygon","coordinates":[[[32.5162698,40.2414453],[32.5177963,40.2449277],[32.5286547,40.2501845],[32.5423043,40.2495253],[32.5468958,40.2510407],[32.564201,40.2486632],[32.5573663,40.2514942],[32.5544987,40.2597576],[32.5514438,40.2595135],[32.5479216,40.2629774],[32.5451295,40.26293],[32.5410747,40.2697685],[32.5415897,40.2723225],[32.5338649,40.280246],[32.5296592,40.2803115],[32.5314616,40.2918349],[32.5293159,40.293668],[32.5310325,40.2973995],[32.5365256,40.301458],[32.5389289,40.3013271],[32.5399589,40.2987742],[32.546482,40.299036],[32.5511169,40.3049273],[32.5633048,40.3021126],[32.5645923,40.3039454],[32.5812434,40.3057127],[32.5832175,40.3061709],[32.5847625,40.3093781],[32.5896548,40.3100981],[32.5888824,40.3116689],[32.5963496,40.3152685],[32.6051902,40.3160538],[32.604761,40.3107526],[32.6079779,40.3084046],[32.6201122,40.3146575],[32.6279302,40.3140424],[32.6345073,40.3175434],[32.6403398,40.3169757],[32.6479096,40.3242137],[32.6603812,40.32147],[32.6745901,40.3117714],[32.6739076,40.3099734],[32.6760793,40.3080808],[32.6729769,40.3052891],[32.6740938,40.3045793],[32.669254,40.3031598],[32.6711155,40.2984276],[32.6673305,40.296582],[32.6688197,40.2951623],[32.6713016,40.2966293],[32.673163,40.2945944],[32.6858828,40.2950676],[32.7089646,40.2858859],[32.7124047,40.294395],[32.7114596,40.2987775],[32.7241352,40.2985554],[32.7398584,40.3017319],[32.745838,40.3070295],[32.7554064,40.3112213],[32.7640882,40.3135565],[32.7682149,40.3132968],[32.7718734,40.3159229],[32.7966785,40.3216818],[32.8021716,40.3225325],[32.8043174,40.3208965],[32.8101539,40.3206348],[32.8151321,40.3217473],[32.8146171,40.3244957],[32.818222,40.3246265],[32.8219985,40.3313661],[32.8285216,40.3356844],[32.8388213,40.3373854],[32.840023,40.3401332],[32.8439712,40.3394135],[32.8571891,40.3418341],[32.8745759,40.3478973],[32.8886027,40.3632648],[32.8884946,40.3707666],[32.8835391,40.3753861],[32.8814792,40.3822514],[32.8759002,40.3840821],[32.8624248,40.3973527],[32.8571033,40.4102285],[32.856245,40.4360382],[32.8571033,40.4385206],[32.8595065,40.4393045],[32.859249,40.4438118],[32.8686046,40.448776],[32.8686046,40.4514539],[32.8606223,40.451062],[32.859249,40.4568747],[32.8628539,40.4572665],[32.8671455,40.4599441],[32.8683471,40.4571359],[32.8730678,40.4593564],[32.8742694,40.4624256],[32.8766727,40.4633399],[32.8746986,40.4643847],[32.8750419,40.4668661],[32.8829383,40.4735262],[32.8806209,40.4799898],[32.8878306,40.504859],[32.8935813,40.5098187],[32.891178,40.5112543],[32.892228,40.5141189],[32.8902339,40.5171923],[32.881565,40.516344],[32.8794192,40.5192802],[32.8830241,40.5242388],[32.8809642,40.5342202],[32.8784751,40.5369599],[32.877531,40.5476568],[32.8797626,40.5591997],[32.8953837,40.5625253],[32.9072284,40.5710666],[32.915039,40.5734789],[32.908945,40.5775208],[32.9013919,40.5779772],[32.8998469,40.5817581],[32.903881,40.5850173],[32.9158115,40.5840396],[32.9188155,40.586321],[32.9183005,40.5896452],[32.913494,40.5957717],[32.9116916,40.5961628],[32.9107474,40.5908836],[32.9085158,40.5906229],[32.902336,40.5922523],[32.8996753,40.5966842],[32.8952121,40.5963583],[32.8938388,40.5981831],[32.8831958,40.5995517],[32.8857707,40.6061986],[32.888689,40.6082186],[32.8883456,40.6172102],[32.8952979,40.6276337],[32.8952121,40.6378602],[32.8920364,40.6431356],[32.8898048,40.643852],[32.8855991,40.6416377],[32.8740119,40.6396187],[32.8437995,40.6498434],[32.8101539,40.6583084],[32.7935886,40.6591549],[32.7895545,40.6613035],[32.7793407,40.660392],[32.7676677,40.6703531],[32.7532481,40.6771882],[32.7516173,40.6806381],[32.7498149,40.6796617],[32.7446651,40.6831766],[32.7375411,40.6836322],[32.7351379,40.6894247],[32.7304172,40.6920279],[32.7245807,40.6928088],[32.7169417,40.6975594],[32.7181434,40.699902],[32.7152251,40.7006828],[32.7135085,40.703676],[32.7085303,40.7042616],[32.7055263,40.708621],[32.709732,40.7099873],[32.7078437,40.7165581],[32.7107619,40.7210468],[32.7058696,40.7311289],[32.7022647,40.7336654],[32.6995181,40.7408192],[32.6799487,40.7519387],[32.6669883,40.7538892],[32.665615,40.7518086],[32.6601218,40.7510284],[32.6577186,40.747127],[32.6555728,40.7465417],[32.6210689,40.7466718],[32.6205539,40.7438756],[32.610855,40.7395836],[32.6063918,40.74251],[32.5971448,40.743311],[32.5935172,40.7453713],[32.5886249,40.7468019],[32.5860499,40.7445909],[32.5859641,40.7414045],[32.5790977,40.7417947],[32.5752353,40.7359417],[32.5669097,40.7374375],[32.5635623,40.7401039],[32.5399589,40.7343808],[32.5240802,40.7345759],[32.5261401,40.7311289],[32.5239944,40.7246895],[32.5263976,40.7237789],[32.5267409,40.7198108],[32.5304317,40.7181194],[32.5300025,40.7157775],[32.5282001,40.7114186],[32.5226211,40.7058232],[32.5233935,40.698991],[32.5218486,40.6943056],[32.5124072,40.684283],[32.513523,40.6786854],[32.5102614,40.6734127],[32.5057983,40.6734778],[32.4997043,40.6804428],[32.4972152,40.6773184],[32.4901771,40.6801174],[32.4884605,40.6824606],[32.4869155,40.681289],[32.4817657,40.6816795],[32.4703502,40.6855197],[32.4644279,40.6857149],[32.4602222,40.6825908],[32.455244,40.6834369],[32.44915,40.6822653],[32.4453734,40.6846736],[32.4361896,40.6827209],[32.4318122,40.6868214],[32.4265765,40.6848688],[32.4288081,40.6790108],[32.4277782,40.673608],[32.4316405,40.6676188],[32.4259757,40.6597409],[32.4158477,40.65922],[32.4145602,40.6416377],[32.4183368,40.6308907],[32.434473,40.6236599],[32.4379062,40.6238554],[32.4493217,40.6224221],[32.4498366,40.6173405],[32.4575614,40.6086747],[32.4603938,40.6080231],[32.4672603,40.6108901],[32.4694919,40.6103037],[32.4673461,40.6073063],[32.4679469,40.6045043],[32.4736117,40.5931648],[32.4785041,40.5895148],[32.4877738,40.5902318],[32.4916362,40.5926434],[32.4989318,40.5915354],[32.5009917,40.5934906],[32.5016784,40.5922523],[32.509489,40.5935558],[32.5218486,40.5771949],[32.5258826,40.5764126],[32.5247668,40.5722402],[32.5341224,40.5699583],[32.5378989,40.572501],[32.5439071,40.5703495],[32.5451945,40.5727617],[32.5532626,40.5760866],[32.5564384,40.5820188],[32.5599574,40.5821492],[32.5668239,40.579281],[32.5669955,40.5738701],[32.561674,40.5679371],[32.5630473,40.5619384],[32.561674,40.5578304],[32.5742053,40.5472655],[32.5769519,40.5484395],[32.5790977,40.5477221],[32.5821017,40.5426347],[32.5814151,40.5404171],[32.5592708,40.5376122],[32.5556659,40.5340245],[32.5556659,40.5282838],[32.561159,40.5288709],[32.5635623,40.5226078],[32.568798,40.5169965],[32.5605582,40.5117111],[32.5683688,40.5096229],[32.5702571,40.5021832],[32.5781535,40.4996379],[32.5795268,40.4970272],[32.5838183,40.4958523],[32.5862216,40.4966356],[32.5875091,40.4951343],[32.5843333,40.4938289],[32.5793552,40.4882805],[32.5746345,40.4867139],[32.5702571,40.4765296],[32.5659656,40.4754849],[32.563734,40.4720898],[32.5636481,40.4654948],[32.5668239,40.4579849],[32.5620174,40.451062],[32.5543784,40.4482535],[32.552061,40.448776],[32.5468253,40.4432892],[32.5379848,40.4378673],[32.5371265,40.4325104],[32.5314616,40.4283943],[32.5327491,40.4202269],[32.529745,40.4104899],[32.5385856,40.4007516],[32.540903,40.3935613],[32.5371265,40.3920578],[32.535324,40.3870894],[32.5344657,40.3898352],[32.5308608,40.3902928],[32.5256251,40.3961107],[32.5231361,40.4025164],[32.5154971,40.4038889],[32.5128364,40.4019281],[32.5112056,40.3961761],[32.5088023,40.3959146],[32.5066566,40.3932345],[32.4948119,40.3925154],[32.4851989,40.3938882],[32.4832248,40.39245],[32.4752425,40.3910772],[32.4721526,40.3919924],[32.4671744,40.3904235],[32.4572181,40.3946726],[32.4591922,40.3960453],[32.4631404,40.3949995],[32.465372,40.3976141],[32.4521541,40.39866],[32.4519824,40.3969605],[32.44812,40.3976795],[32.4442577,40.3953263],[32.4409103,40.3953917],[32.439022,40.3975488],[32.4415111,40.4016667],[32.4349021,40.4021896],[32.433958,40.3995751],[32.4312114,40.3991829],[32.4282931,40.401732],[32.4260615,40.4000326],[32.4187659,40.4013399],[32.4198817,40.3995097],[32.4170493,40.3967644],[32.4179076,40.3932345],[32.4147319,40.3908811],[32.4189376,40.3903581],[32.4191951,40.3891814],[32.4147319,40.3875471],[32.411642,40.3893776],[32.4122428,40.3860434],[32.3953342,40.3885277],[32.3785113,40.3885931],[32.3773955,40.3865664],[32.3550796,40.3866972],[32.3553371,40.3770862],[32.3539638,40.3755823],[32.3458957,40.3727052],[32.3291587,40.371659],[32.3309611,40.3806169],[32.3231505,40.378917],[32.3227214,40.3853243],[32.317829,40.3855858],[32.318344,40.3877432],[32.3226356,40.3890507],[32.3225497,40.3904235],[32.3207473,40.3918617],[32.3170566,40.3914041],[32.3107909,40.3857165],[32.2994613,40.3795708],[32.2972297,40.374863],[32.2908782,40.3691741],[32.2861575,40.3679316],[32.2855567,40.3610648],[32.2753919,40.3528187],[32.287445,40.3492262],[32.2828101,40.3470675],[32.2846984,40.341965],[32.2997188,40.3407874],[32.2981738,40.3290106],[32.3192882,40.32816],[32.335081,40.3322167],[32.3576545,40.3239722],[32.3555087,40.3171009],[32.3759364,40.3190642],[32.3767089,40.3157266],[32.3738765,40.3147449],[32.3755931,40.309509],[32.3700999,40.3085927],[32.3667525,40.3048618],[32.3625468,40.3046],[32.3623752,40.3034872],[32.3646068,40.303029],[32.3682975,40.2976613],[32.3704433,40.2975958],[32.3716449,40.2915075],[32.36701,40.2914421],[32.3648643,40.2877757],[32.3721599,40.2822104],[32.3646068,40.278478],[32.3664092,40.2752039],[32.3631476,40.2747455],[32.3628902,40.2700959],[32.355852,40.2695065],[32.3543071,40.2645946],[32.3458099,40.2624987],[32.3539638,40.2575863],[32.3499297,40.2480224],[32.3384284,40.2353122],[32.3319053,40.2252864],[32.329502,40.2128996],[32.3309611,40.2109332],[32.3389434,40.215718],[32.3489856,40.2251553],[32.3666667,40.2290872],[32.3713016,40.2288906],[32.3748206,40.2264005],[32.3834037,40.228694],[32.3834037,40.2328222],[32.3855495,40.2359674],[32.3960208,40.2330188],[32.4092387,40.2505773],[32.4153327,40.2514944],[32.4168777,40.2496602],[32.4188518,40.2509703],[32.4215125,40.2503153],[32.4234866,40.2480879],[32.4150752,40.2343293],[32.4181651,40.2231238],[32.4173503,40.212582],[32.4264907,40.2168322],[32.4280357,40.2161768],[32.439022,40.2192571],[32.4394511,40.2212888],[32.4494075,40.227449],[32.4498366,40.2262694],[32.4526691,40.228694],[32.4556731,40.2288906],[32.4556731,40.2389158],[32.4603938,40.2408159],[32.4644279,40.2404883],[32.470951,40.2446813],[32.4739551,40.243371],[32.4694919,40.2509048],[32.4784183,40.2518219],[32.4822806,40.2493326],[32.485628,40.2501187],[32.4837398,40.2536561],[32.4895763,40.2522805],[32.4965285,40.2559488],[32.4933528,40.2501187],[32.4901771,40.2505118],[32.4862289,40.2480224],[32.4908637,40.2438951],[32.5021075,40.2461226],[32.5022792,40.2430434],[32.5069999,40.245402],[32.5090598,40.2395055],[32.5162698,40.2414453]]]}},{"type":"Feature","properties":{"code":"06-21","provinceCode":"06","name":"Mamak"},"geometry":{"type":"Polygon","coordinates":[[[32.8759537,39.9345273],[32.8854706,39.9312857],[32.8825602,39.925344],[32.8854489,39.9229394],[32.8839107,39.9213709],[32.8789419,39.9214583],[32.8761698,39.9192953],[32.8794435,39.9182503],[32.8806277,39.9161088],[32.8781372,39.9114531],[32.8851374,39.9109061],[32.8978877,39.901608],[32.9047421,39.8998569],[32.9012036,39.8950937],[32.9070769,39.8926453],[32.9041412,39.8916297],[32.9052839,39.886994],[32.911528,39.8835837],[32.9173645,39.8750478],[32.9234129,39.8718736],[32.9412281,39.8734958],[32.9521879,39.8449684],[32.9623317,39.8431428],[32.9661941,39.8444608],[32.9673099,39.8477557],[32.9710006,39.8438018],[32.9681682,39.8378046],[32.9717731,39.8360251],[32.9715156,39.833982],[32.974348,39.8320046],[32.9813003,39.8295],[32.9790687,39.828709],[32.9829311,39.8245562],[32.9862784,39.8233038],[32.9835319,39.822249],[32.9875659,39.8184914],[32.9887675,39.8112394],[32.9946899,39.809657],[32.9957198,39.8080746],[32.9954623,39.8065581],[32.9907416,39.8051734],[32.9902267,39.8007554],[32.9867076,39.7963372],[32.9868793,39.792842],[32.9939174,39.7909954],[32.995634,39.7886211],[33.0013846,39.7905337],[33.004732,39.7896764],[33.0280362,39.7991543],[33.0275283,39.8015157],[33.0178641,39.809591],[33.0175208,39.81625],[33.0218124,39.8180959],[33.0333137,39.8159203],[33.0481624,39.8195462],[33.066616,39.8192166],[33.0791473,39.8258087],[33.0841088,39.8248298],[33.0866449,39.8279633],[33.1003474,39.8327956],[33.1266116,39.8326638],[33.1394004,39.8372774],[33.1585281,39.8373076],[33.1448936,39.8525001],[33.147211,39.8599455],[33.1398725,39.8705191],[33.1465673,39.8725942],[33.145709,39.8810253],[33.1481981,39.8844173],[33.1513738,39.8844173],[33.1547641,39.8890933],[33.1518459,39.8940324],[33.1524467,39.89986],[33.1601715,39.9099996],[33.1597423,39.9129951],[33.1651926,39.9134889],[33.1674671,39.9188212],[33.1652784,39.922672],[33.1687484,39.9296241],[33.1399154,39.9400146],[33.1335639,39.9552803],[33.1347655,39.9601488],[33.1383704,39.9623856],[33.1351089,39.9727133],[33.1478363,39.9838604],[33.1240809,40.0068242],[33.1140759,40.0206268],[33.1078659,40.0189349],[33.1125504,40.0094934],[33.1088521,40.0054646],[33.1087699,40.000932],[33.0913469,39.9791459],[33.089621,39.9714624],[33.0918048,39.9627648],[33.0902059,39.9489276],[33.0844832,39.9470243],[33.071986,39.9497017],[33.0765197,39.9580789],[33.0840624,39.9603781],[33.0830105,39.9627325],[33.0771997,39.9650546],[33.0716112,39.9703454],[33.0769532,39.9739354],[33.0732549,39.9906862],[33.0686526,39.9904343],[33.0570647,39.9889231],[33.0519693,39.9859636],[33.0376807,39.9834812],[33.0269948,39.9799155],[33.0200577,39.9811371],[33.0165675,39.9797669],[33.0135083,39.974517],[33.0070882,39.9714296],[33.0052796,39.9678061],[32.9989445,39.967566],[32.988847,39.9640253],[32.983873,39.9489066],[32.9732209,39.9522416],[32.9613469,39.9648047],[32.9624687,39.9721959],[32.9444953,39.9640915],[32.9255591,39.9598733],[32.9175023,39.9546889],[32.9107131,39.9563505],[32.9089699,39.9530325],[32.9104355,39.9518061],[32.8970584,39.9553138],[32.8907977,39.9479872],[32.8909982,39.9443001],[32.880049,39.9415856],[32.8759537,39.9345273]]]}},{"type":"Feature","properties":{"code":"06-22","provinceCode":"06","name":"Nallıhan"},"geometry":{"type":"Polygon","coordinates":[[[31.068911,40.3496055],[31.0663962,40.3402967],[31.0674262,40.3371565],[31.0630488,40.3342123],[31.0663962,40.3312026],[31.0694861,40.3310063],[31.0651087,40.3247246],[31.0657954,40.3215837],[31.0641646,40.3226307],[31.0600447,40.3185734],[31.0608172,40.3153011],[31.0641646,40.3158902],[31.0665678,40.3137959],[31.0657095,40.3100654],[31.061933,40.3081672],[31.056354,40.2904273],[31.0556673,40.2819158],[31.0613322,40.2758915],[31.0557532,40.2703906],[31.0582423,40.2691463],[31.0668253,40.2689499],[31.0658812,40.262073],[31.0678553,40.260763],[31.0743784,40.2612215],[31.0722327,40.2584706],[31.0763525,40.2506755],[31.0714602,40.2479242],[31.0655379,40.2410452],[31.0657954,40.2356726],[31.0684561,40.235476],[31.0711169,40.2304305],[31.0740351,40.2301029],[31.0727477,40.2284646],[31.0651087,40.2230255],[31.050775,40.2209939],[31.0463976,40.2179136],[30.992496,40.2120803],[30.9755873,40.2115559],[30.9658026,40.213981],[30.9593653,40.2114904],[30.9551596,40.2117526],[30.9488081,40.2080819],[30.9506964,40.1909057],[30.9434866,40.1789717],[30.9367918,40.1732662],[30.9252905,40.1683473],[30.916965,40.1732662],[30.9012579,40.1777257],[30.893619,40.1714299],[30.8919882,40.1726104],[30.8888983,40.1711676],[30.8828366,40.1712495],[30.8725047,40.1650023],[30.865724,40.1646087],[30.8521628,40.1579181],[30.8483004,40.1530637],[30.8552527,40.1395483],[30.8535361,40.1370548],[30.8595442,40.134955],[30.8642649,40.1304927],[30.862205,40.1203858],[30.8660674,40.1255707],[30.8680415,40.1254395],[30.8703589,40.1201233],[30.8692431,40.1175634],[30.8729338,40.114938],[30.8732771,40.1107369],[30.8703589,40.1085706],[30.8660674,40.1085706],[30.8682131,40.1112621],[30.866239,40.1111964],[30.8641791,40.1056165],[30.851562,40.1016119],[30.8445239,40.102728],[30.8415197,40.099511],[30.8361038,40.0978711],[30.8376802,40.0945734],[30.8437006,40.0914889],[30.8445024,40.0877906],[30.8515834,40.0801731],[30.8493518,40.0724889],[30.8456611,40.0732114],[30.8546733,40.0612566],[30.8707501,40.0602268],[30.8849715,40.0472959],[30.8888339,40.0475587],[30.8970736,40.0526178],[30.8996486,40.0520265],[30.9027385,40.0454561],[30.911579,40.0378338],[30.9289168,40.0361909],[30.9381007,40.0294218],[30.9548377,40.0342194],[30.9676265,40.0323136],[30.9684848,40.0309992],[30.9715747,40.0323136],[30.9831618,40.0313278],[30.9867667,40.0297505],[31.0004996,40.0302762],[31.005907,40.0317221],[31.0191249,40.043025],[31.0377501,40.0508438],[31.0485648,40.0537346],[31.0539721,40.0540631],[31.076374,40.0505153],[31.0810946,40.0514351],[31.0906218,40.0591216],[31.092596,40.0590559],[31.0974025,40.0536689],[31.1010141,40.0540292],[31.1054923,40.0580709],[31.1154269,40.0716351],[31.117916,40.0716351],[31.1207484,40.0684166],[31.1204909,40.0657235],[31.1232375,40.0650009],[31.1391162,40.0661833],[31.1502742,40.0640156],[31.1596297,40.0511395],[31.1780833,40.0475258],[31.2025451,40.0470002],[31.2085532,40.055607],[31.2355899,40.0611253],[31.252756,40.0606654],[31.2676047,40.0631617],[31.2771319,40.0595487],[31.282196,40.0592859],[31.2896632,40.0591545],[31.2985896,40.0621763],[31.3255405,40.0554099],[31.3346385,40.0483143],[31.3418483,40.0459489],[31.3478564,40.0508767],[31.3730907,40.0575122],[31.3799571,40.0615851],[31.3918876,40.0617165],[31.4028739,40.0546872],[31.404333,40.0511395],[31.4033031,40.0475258],[31.3994407,40.0436492],[31.3882694,40.0350181],[31.3886127,40.0321265],[31.3961658,40.0288405],[31.4014873,40.0168779],[31.4116154,40.0233196],[31.4188251,40.023451],[31.4231167,40.0201646],[31.4383945,40.022005],[31.4459476,40.0281832],[31.4583073,40.0312064],[31.4589939,40.0397495],[31.4631138,40.0450062],[31.4701519,40.0442178],[31.4734135,40.0385667],[31.4823398,40.0352809],[31.4960728,40.023451],[31.5049935,40.0205533],[31.5115223,40.0206904],[31.5247154,40.0338743],[31.5346966,40.0369895],[31.5563259,40.0355438],[31.5763815,40.0297093],[31.5966606,40.0216603],[31.6130486,40.0222163],[31.6219005,40.0235825],[31.6400966,40.0294977],[31.6562328,40.041458],[31.6595192,40.0481687],[31.6690935,40.0521317],[31.6752623,40.0477111],[31.6691666,40.0416563],[31.6663855,40.0294414],[31.6579494,40.0156947],[31.6569195,40.0122764],[31.6591511,40.0087265],[31.6716823,40.0068857],[31.6873035,40.0130653],[31.7024097,40.0216106],[31.7125563,40.0214882],[31.7277222,40.0214733],[31.7363261,40.0278117],[31.7366695,40.0350409],[31.7198896,40.0470002],[31.719203,40.0494969],[31.723752,40.0560668],[31.7234516,40.0690077],[31.7296743,40.0765281],[31.7249107,40.0805342],[31.7361545,40.0789909],[31.7393302,40.0832924],[31.7418193,40.0821103],[31.7670106,40.1047302],[31.7643499,40.1053539],[31.762762,40.1080126],[31.7544365,40.1075203],[31.751132,40.1039424],[31.7387294,40.102892],[31.7336654,40.1007584],[31.736412,40.107947],[31.7361545,40.1139205],[31.7292451,40.1288192],[31.7223358,40.1366611],[31.7270994,40.151686],[31.7223787,40.1673963],[31.7181301,40.1630345],[31.715126,40.1548677],[31.7063713,40.1539821],[31.7046547,40.1581477],[31.699891,40.1608699],[31.6897201,40.1610011],[31.6919088,40.1663797],[31.6861152,40.1703149],[31.6843557,40.1790373],[31.6731119,40.181398],[31.6692495,40.1784799],[31.6693782,40.176119],[31.6617393,40.1746763],[31.6577911,40.1760207],[31.664915,40.180316],[31.6641855,40.1916925],[31.6699361,40.1919876],[31.6692495,40.1957575],[31.6710949,40.1959542],[31.6756439,40.2028377],[31.6650438,40.2121786],[31.6670608,40.2178152],[31.6731977,40.2220097],[31.6705799,40.2239757],[31.6668462,40.2236153],[31.6660308,40.2252864],[31.6731548,40.2307581],[31.6671466,40.2366226],[31.6696786,40.2379658],[31.6737985,40.2354759],[31.6750431,40.237933],[31.673069,40.2396038],[31.6803646,40.2414055],[31.6804075,40.243371],[31.6772317,40.2441244],[31.6780471,40.2477931],[31.6805362,40.2450744],[31.6831111,40.2448123],[31.683712,40.2471052],[31.689248,40.2479241],[31.6885185,40.2515926],[31.6940975,40.2528045],[31.6918659,40.2603373],[31.69384,40.265839],[31.6904926,40.2684259],[31.6889906,40.2722243],[31.6910934,40.2728136],[31.6887331,40.2745818],[31.6919088,40.2788054],[31.6971445,40.2817847],[31.6971874,40.286499],[31.6936254,40.289969],[31.6931533,40.2940607],[31.6871023,40.2981195],[31.687231,40.3002797],[31.6875314,40.3021126],[31.6935645,40.3020032],[31.6934108,40.3047963],[31.6989898,40.3053527],[31.6991615,40.3089854],[31.6982878,40.3191224],[31.6889476,40.3147449],[31.6741179,40.313783],[31.6385246,40.2884069],[31.6126441,40.2785435],[31.6043579,40.2728815],[31.5922527,40.2703969],[31.5911759,40.2685711],[31.5889194,40.2726078],[31.5759944,40.2754658],[31.5724753,40.2780852],[31.5534978,40.2845049],[31.5466403,40.2937989],[31.5400313,40.2964175],[31.5223502,40.2976613],[31.520462,40.2953701],[31.5211486,40.292555],[31.5178012,40.2932752],[31.5159318,40.2949661],[31.5169859,40.3013271],[31.5150117,40.3005743],[31.5164709,40.3043709],[31.5087461,40.3072509],[31.5068149,40.3058763],[31.5108489,40.3019162],[31.510374,40.2994118],[31.501671,40.2881914],[31.4936978,40.2909152],[31.480894,40.2865972],[31.4720534,40.2864663],[31.4597797,40.2924896],[31.4549731,40.2923586],[31.4542865,40.29465],[31.4517974,40.2953701],[31.4513682,40.2900672],[31.4573764,40.2697685],[31.4556598,40.2624987],[31.4537715,40.2611233],[31.4505099,40.2661665],[31.4301681,40.2717331],[31.414976,40.2675418],[31.4173793,40.2700304],[31.4159202,40.2898708],[31.4086246,40.2914421],[31.3977241,40.2974649],[31.39472,40.3053855],[31.3866519,40.3127815],[31.3869952,40.3168391],[31.3977241,40.3152685],[31.3970374,40.3176899],[31.4021014,40.3195223],[31.401329,40.3212892],[31.4116286,40.3228597],[31.4144611,40.32515],[31.4153194,40.3280946],[31.4216708,40.3326747],[31.4199542,40.3347684],[31.4354896,40.3354881],[31.4392661,40.332413],[31.4371204,40.3309081],[31.4398669,40.3280291],[31.4396094,40.3265242],[31.4371204,40.3264587],[31.4366912,40.3233832],[31.4405536,40.3234487],[31.4460467,40.3278983],[31.4487933,40.3278328],[31.4498233,40.331955],[31.44742,40.3313007],[31.4453601,40.3423575],[31.431198,40.349357],[31.4313697,40.351581],[31.4397445,40.3579014],[31.4377972,40.3590213],[31.4358467,40.3602756],[31.4369087,40.3639052],[31.4352321,40.3652503],[31.4263915,40.3644656],[31.4218425,40.3666237],[31.4188384,40.3662313],[31.4150619,40.3632884],[31.4059638,40.363223],[31.3852786,40.3713974],[31.379528,40.3700896],[31.3826179,40.3624382],[31.373434,40.3499457],[31.3597011,40.3441892],[31.3514613,40.3434042],[31.3453673,40.3407874],[31.33996,40.3436659],[31.3365268,40.3530854],[31.3271712,40.3537395],[31.3211631,40.3508615],[31.3193606,40.3471983],[31.3158416,40.3459554],[31.3123225,40.330123],[31.3094043,40.3299267],[31.3049411,40.3302538],[31.2986755,40.3331327],[31.2965297,40.3322167],[31.2942981,40.334703],[31.2808227,40.3361424],[31.2789344,40.3373854],[31.2781619,40.3421612],[31.2651157,40.3418995],[31.2498378,40.3380397],[31.2397956,40.3390864],[31.2263202,40.3345067],[31.2210845,40.3369929],[31.2135314,40.3366003],[31.2042617,40.3409837],[31.2024592,40.3430771],[31.2058066,40.3460209],[31.2006568,40.3485066],[31.199541,40.3521043],[31.1846065,40.3495532],[31.1663245,40.3490299],[31.1596297,40.3511885],[31.1459827,40.3501419],[31.1347388,40.3534778],[31.117916,40.3551784],[31.1091613,40.3549168],[31.0741424,40.3491607],[31.068911,40.3496055]]]}},{"type":"Feature","properties":{"code":"06-23","provinceCode":"06","name":"Polatlı"},"geometry":{"type":"Polygon","coordinates":[[[31.9690008,39.509822],[31.9726526,39.5074488],[31.9910931,39.5031301],[31.9979596,39.4970205],[31.9974232,39.4944374],[31.993432,39.4933114],[31.9908142,39.4851805],[31.9874882,39.4834251],[31.9862222,39.4792018],[31.9884538,39.4747464],[31.9934535,39.4703073],[31.992917,39.4646255],[31.9976592,39.4552819],[31.9930887,39.4474614],[31.9927668,39.4449593],[31.9962215,39.4416949],[31.991179,39.4324144],[31.9931102,39.4278234],[31.9913935,39.4235968],[31.977489,39.4133524],[31.9747209,39.4048143],[31.975944,39.4020288],[31.9715237,39.3991437],[31.9708156,39.3944179],[31.9840121,39.3840531],[31.9921446,39.3753787],[31.9869733,39.3684782],[31.9785404,39.3661724],[31.9725752,39.3560855],[31.97927,39.3489176],[31.9837975,39.3471919],[31.9882178,39.34837],[31.9956636,39.3437237],[32.0015645,39.3432923],[32.0037317,39.3336668],[32.0115423,39.3251687],[32.0093536,39.3231768],[32.0060062,39.3232764],[32.0016717,39.3259654],[31.9867372,39.3160719],[31.9824886,39.3122204],[31.9812011,39.3073393],[31.9790124,39.306808],[31.9730901,39.2992033],[31.9748926,39.2976092],[31.9695711,39.2946202],[31.9684982,39.2894721],[31.9644641,39.2904685],[31.9600868,39.2876785],[31.954422,39.2797063],[31.9475126,39.2757199],[31.9490146,39.2689092],[31.9773386,39.2526608],[31.9889257,39.2354444],[32.0011137,39.2282641],[32.0087527,39.2261365],[32.0042894,39.2198198],[31.9942474,39.2225459],[31.9822311,39.2297268],[31.978197,39.2367739],[31.969099,39.2467118],[31.9610309,39.244618],[31.9594859,39.2400978],[31.9533919,39.2326521],[31.9437789,39.2304913],[31.9387579,39.2315551],[31.9358825,39.2294608],[31.9308185,39.2302919],[31.9256043,39.2279316],[31.9251323,39.2251723],[31.9283938,39.2208337],[31.9254541,39.2118564],[31.9215488,39.2080656],[31.9136953,39.207068],[31.9033098,39.1983883],[31.8929243,39.193466],[31.8871307,39.182639],[31.8835473,39.1818406],[31.8764233,39.1856494],[31.8735695,39.1857159],[31.8647504,39.1766842],[31.8557381,39.1817574],[31.8516826,39.1824227],[31.8487215,39.1806597],[31.8481421,39.1748877],[31.8423915,39.1731245],[31.8394518,39.1737233],[31.8382072,39.1763848],[31.8338728,39.1783643],[31.829946,39.1782811],[31.8274569,39.1765345],[31.8284011,39.1644738],[31.8195819,39.1595492],[31.8435287,39.1422433],[31.8456742,39.1466288],[31.8490431,39.1467286],[31.8515751,39.1454306],[31.8463609,39.1400385],[31.8599221,39.1425267],[31.8611881,39.1402715],[31.8588063,39.1383909],[31.8651149,39.1390899],[31.887345,39.1273723],[31.8954667,39.1267065],[31.8884822,39.1192487],[31.9041249,39.1102585],[31.9050691,39.1111409],[31.9078156,39.1100254],[31.9047472,39.1033651],[31.908116,39.0968542],[31.9098756,39.097437],[31.9095537,39.0945227],[31.9125148,39.0894099],[31.9241664,39.0890102],[31.9232651,39.0841303],[31.9291284,39.0799078],[31.9294879,39.0748023],[31.9277069,39.0748356],[31.9287583,39.0786502],[31.9227716,39.0765014],[31.9226858,39.0715622],[31.9384626,39.07439],[31.9422767,39.0647234],[31.9422981,39.059975],[31.938307,39.0528102],[31.9393584,39.0472944],[31.9278571,39.0304612],[31.9321701,39.0219931],[31.9392725,39.0164249],[31.9435212,39.0103893],[31.9444867,39.0111314],[31.9483062,39.0076883],[31.9610628,39.0013185],[31.9901004,38.9949733],[31.9924125,38.9955861],[31.9921496,38.986455],[32.0139238,38.9739822],[32.0331284,38.9720221],[32.0426127,38.9665584],[32.0639087,38.9615734],[32.0681903,38.9591839],[32.0747563,38.9597178],[32.0743523,38.9575511],[32.0943257,38.9601016],[32.1092603,38.9472361],[32.1097306,38.9555366],[32.1318339,38.9550705],[32.1352672,38.9907703],[32.1289157,38.9915041],[32.1290015,39.0023772],[32.12471,39.0025106],[32.1184444,39.0230514],[32.1255683,39.0239182],[32.1263408,39.0173832],[32.1296882,39.0141155],[32.130289,39.0102474],[32.1478843,39.0133152],[32.144966,39.0284523],[32.167797,39.0309193],[32.1734618,39.0303193],[32.1749209,39.028319],[32.1743201,39.0222512],[32.1691703,39.0225179],[32.1694278,39.0163162],[32.1710586,39.0163829],[32.1697711,39.012715],[32.1774959,39.0123816],[32.1772384,39.0141155],[32.1819591,39.014449],[32.1813583,39.0163162],[32.2102832,39.0126483],[32.2101974,39.010781],[32.2162913,39.0108477],[32.2199821,38.9902366],[32.223587,38.9901032],[32.2229003,38.9868342],[32.2266769,38.9869676],[32.228136,38.9853664],[32.2320842,38.9906369],[32.2376632,38.9897029],[32.236719,38.9871678],[32.2393798,38.9883019],[32.2453879,38.9869676],[32.2520827,38.9874346],[32.2548293,38.9889023],[32.252941,38.9939057],[32.2685622,38.9947062],[32.2738837,38.9989754],[32.287445,39.0044449],[32.2906207,39.0071795],[32.2937965,39.0072462],[32.2937965,39.0102474],[32.3003196,39.0108477],[32.3062419,39.0145157],[32.3104476,39.0121148],[32.3122501,39.014649],[32.3114776,39.0179167],[32.3101043,39.01785],[32.3200054,39.0314949],[32.3162841,39.0470525],[32.3108768,39.0538514],[32.3079585,39.0719785],[32.3075294,39.0773091],[32.3122501,39.0789082],[32.3164558,39.0827059],[32.3119067,39.0833055],[32.3104476,39.0887019],[32.3118209,39.0920994],[32.3136233,39.0919661],[32.3133659,39.0942311],[32.3109626,39.0956966],[32.3131084,39.1021577],[32.3105334,39.1050883],[32.3129367,39.1073528],[32.3137092,39.1120814],[32.3159408,39.1120814],[32.317829,39.1151448],[32.3281287,39.1163435],[32.3319911,39.1188074],[32.3415183,39.1209382],[32.3447799,39.1236683],[32.3465823,39.1230025],[32.3598003,39.1335224],[32.3639201,39.142776],[32.351303,39.1664037],[32.346239,39.1717937],[32.3420333,39.172326],[32.3410892,39.1743888],[32.3392009,39.1735903],[32.3380851,39.178514],[32.3293304,39.1926844],[32.3291586,39.2009991],[32.3233221,39.2019303],[32.315769,39.2064529],[32.3204039,39.2169604],[32.317829,39.2202852],[32.3131941,39.2221471],[32.3133658,39.2285301],[32.3095892,39.2281312],[32.3118208,39.2315884],[32.3028945,39.2369734],[32.3027228,39.2448839],[32.3052978,39.2469445],[32.302122,39.248008],[32.3025512,39.2573795],[32.297058,39.2629618],[32.2990321,39.2714675],[32.2981738,39.282231],[32.3049544,39.2852205],[32.2968864,39.2862835],[32.2800635,39.2934578],[32.2733687,39.2949191],[32.2718238,39.2973768],[32.2708797,39.2962476],[32.2697639,39.3018269],[32.2641849,39.3036865],[32.2630691,39.3074057],[32.2655582,39.3109919],[32.2616099,39.3129841],[32.2624683,39.3111247],[32.2608375,39.310527],[32.255001,39.3121872],[32.2574042,39.3139802],[32.2516536,39.3184957],[32.2536277,39.3210189],[32.244873,39.3251355],[32.2416972,39.32487],[32.2481345,39.3303142],[32.2507953,39.3354261],[32.26058,39.3386789],[32.2649573,39.3382806],[32.2719096,39.3400065],[32.2765445,39.3433255],[32.2875308,39.3395418],[32.293539,39.3354261],[32.2950839,39.3356252],[32.2962855,39.3390108],[32.3050403,39.340272],[32.3071002,39.3596526],[32.3067569,39.3625061],[32.3024654,39.3666203],[32.3034953,39.373322],[32.3073577,39.380222],[32.3023795,39.3809518],[32.3007487,39.3838044],[32.3016929,39.3853302],[32.2958564,39.386856],[32.2958564,39.388448],[32.2993754,39.3897084],[32.2952556,39.3909024],[32.2968864,39.3944843],[32.3064136,39.3960762],[32.3135375,39.3952802],[32.318859,39.393025],[32.3287295,39.4007853],[32.3351668,39.4129215],[32.3424625,39.4189556],[32.3451232,39.4235306],[32.3439216,39.4420263],[32.346754,39.4422915],[32.3508739,39.4487207],[32.3544788,39.4510404],[32.3547362,39.4605835],[32.3567962,39.4634329],[32.3529338,39.4637642],[32.3600577,39.4648244],[32.3591994,39.4735042],[32.3574828,39.4735042],[32.3565387,39.4771481],[32.3591136,39.474498],[32.3587703,39.4780756],[32.3612594,39.4780094],[32.3607444,39.4819843],[32.3636627,39.4886417],[32.3714733,39.482183],[32.3732328,39.4835741],[32.3712587,39.4875818],[32.3760223,39.4876812],[32.3780822,39.4897677],[32.3846912,39.489834],[32.3837471,39.4884429],[32.3874378,39.4860251],[32.389841,39.498875],[32.4019431,39.5057626],[32.4000548,39.5084115],[32.4003123,39.5128482],[32.3970508,39.5129806],[32.3962783,39.5188736],[32.398939,39.5187412],[32.3991107,39.5203965],[32.3836612,39.5188736],[32.3714732,39.5250972],[32.3760223,39.5273481],[32.3777389,39.5323132],[32.3811721,39.5355568],[32.3859786,39.5360202],[32.3864078,39.5402565],[32.3919009,39.5396608],[32.39439,39.5425732],[32.3906993,39.5433012],[32.393875,39.5450883],[32.3866653,39.5452206],[32.3879527,39.5521036],[32.3857211,39.552964],[32.3867511,39.5548831],[32.3998832,39.5650074],[32.4016856,39.5638164],[32.4098395,39.5749318],[32.4183368,39.5725501],[32.4184226,39.5767842],[32.4264049,39.5843255],[32.4336146,39.5857808],[32.4272632,39.5974879],[32.4287223,39.5986122],[32.4221992,39.6150117],[32.4204825,39.6242678],[32.4174356,39.6265485],[32.4175214,39.6294242],[32.4138307,39.633159],[32.408123,39.6283334],[32.3969221,39.6389758],[32.3945617,39.6342497],[32.391386,39.6351751],[32.3867082,39.6321675],[32.3795413,39.6392072],[32.3641776,39.633126],[32.3464965,39.6316057],[32.3450374,39.6288954],[32.3383426,39.6269783],[32.3337077,39.6212266],[32.3278712,39.6192432],[32.3187732,39.6206316],[32.312765,39.6251272],[32.3100185,39.6334565],[32.3128509,39.6396698],[32.3119067,39.6417849],[32.3084735,39.6423136],[32.3142242,39.6514339],[32.31431,39.656324],[32.3076152,39.6617423],[32.3083877,39.6684816],[32.3143958,39.6697369],[32.3242663,39.6683494],[32.3373984,39.669869],[32.3376559,39.6723795],[32.3456382,39.6717188],[32.3501872,39.6754845],[32.3531913,39.6824866],[32.3553371,39.6982719],[32.3544788,39.7009135],[32.3524188,39.7011116],[32.346239,39.7069886],[32.3402309,39.7023002],[32.3307036,39.7022342],[32.330017,39.707847],[32.3269271,39.7105542],[32.3268413,39.7242207],[32.3228072,39.7269272],[32.3164558,39.7240226],[32.3143958,39.7247488],[32.3152541,39.7264651],[32.309761,39.7254749],[32.3084735,39.7265312],[32.3080443,39.7279834],[32.3110484,39.7293036],[32.308216,39.7295017],[32.3074435,39.7314159],[32.3034953,39.7331981],[32.2974872,39.7417784],[32.2963714,39.747124],[32.287445,39.7535251],[32.2934531,39.7553727],[32.2920798,39.7586718],[32.2877025,39.7589358],[32.2876166,39.7603214],[32.2843551,39.7611131],[32.2850417,39.7654017],[32.2827243,39.7654017],[32.2806644,39.7681066],[32.2756003,39.7687004],[32.2675322,39.7772763],[32.2489927,39.779519],[32.2364615,39.7878297],[32.2349165,39.7985135],[32.2380064,39.8031294],[32.2434996,39.8049756],[32.2537993,39.815393],[32.2599791,39.8259406],[32.2680472,39.8460424],[32.2730939,39.8500965],[32.2689914,39.8556628],[32.2604941,39.8565853],[32.2589492,39.8625808],[32.2561168,39.8648867],[32.2531985,39.8660066],[32.2473621,39.864689],[32.2384357,39.8598796],[32.2292518,39.8648867],[32.2277068,39.8693005],[32.2239303,39.8698934],[32.2209262,39.8669948],[32.2168063,39.8669948],[32.2137164,39.8712109],[32.2003268,39.8725283],[32.1958636,39.8759536],[32.1939754,39.875229],[32.1921729,39.8777979],[32.1823024,39.8776003],[32.1744918,39.8853723],[32.1716594,39.8918922],[32.1623038,39.8926166],[32.1608447,39.8909043],[32.1559524,39.8953823],[32.1453094,39.8993991],[32.1502017,39.9038107],[32.1508884,39.9082879],[32.1538924,39.911448],[32.1407603,39.9204669],[32.1375846,39.9273125],[32.1381854,39.934684],[32.1440219,39.9450158],[32.1377563,39.9410675],[32.1018147,39.964721],[32.09836,39.962583],[32.0846271,39.9590962],[32.0834254,39.9495561],[32.0758723,39.9471215],[32.06995,39.9491613],[32.0665168,39.9483717],[32.0585345,39.9418572],[32.0607661,39.9403436],[32.0442866,39.9321172],[32.0411109,39.9242189],[32.0417117,39.9210593],[32.0489215,39.9163197],[32.049179,39.9136864],[32.0355319,39.8951189],[32.0394801,39.8723966],[32.036476,39.864689],[32.033472,39.8610655],[32.0244598,39.8555311],[32.0230006,39.8511822],[32.0180225,39.8503915],[32.0091819,39.8557287],[31.9971656,39.8603408],[31.9907283,39.8616585],[31.984806,39.8603408],[31.9836902,39.8553993],[31.9775104,39.8532249],[31.9714164,39.8380023],[31.967554,39.835432],[31.96352,39.8356297],[31.958456,39.8405726],[31.9486323,39.8604055],[31.9294452,39.8689711],[31.9036101,39.8598467],[31.9002627,39.8580019],[31.9001079,39.8559234],[31.8994045,39.8525165],[31.8953489,39.8504244],[31.8907785,39.8432416],[31.8847274,39.8393864],[31.8800925,39.8321035],[31.8733977,39.8314114],[31.8608665,39.8327956],[31.859579,39.8370137],[31.8583774,39.8358274],[31.8574332,39.8385296],[31.8515967,39.841693],[31.8461894,39.8356297],[31.8394088,39.8013489],[31.8297958,39.7845319],[31.814947,39.7925122],[31.8028449,39.7853234],[31.7986392,39.7853234],[31.7970943,39.7835425],[31.7887687,39.7832127],[31.7899703,39.7818276],[31.788082,39.7799807],[31.7882537,39.775825],[31.7826747,39.7706135],[31.7758082,39.7541849],[31.7663669,39.7456062],[31.7646519,39.7310222],[31.7647332,39.7225605],[31.775181,39.7048124],[31.7797565,39.7011116],[31.8042182,39.6904788],[31.8078231,39.6908751],[31.8112349,39.6846003],[31.8169427,39.6845012],[31.819582,39.6819416],[31.8283582,39.6809012],[31.839087,39.6719665],[31.8473267,39.6723464],[31.850481,39.6702984],[31.8592357,39.6684155],[31.8627763,39.6657562],[31.869235,39.6647321],[31.8735266,39.6662352],[31.8789124,39.6734365],[31.8873668,39.66939],[31.8964648,39.6686302],[31.8998765,39.6701993],[31.9095754,39.6683164],[31.914854,39.6655414],[31.9185447,39.6660039],[31.9258403,39.65976],[31.9436072,39.6345142],[31.9346809,39.6272427],[31.9327926,39.6237389],[31.8954562,39.6135571],[31.8941688,39.6114412],[31.8964862,39.6064157],[31.8941688,39.6024479],[31.8891048,39.6020511],[31.8889331,39.5989428],[31.8854999,39.5986122],[31.8876456,39.5964297],[31.8898772,39.5982153],[31.8907355,39.5973556],[31.8876456,39.5944455],[31.8932246,39.5894188],[31.8913364,39.5882943],[31.9018935,39.5882943],[31.9060992,39.5803565],[31.9013785,39.5775119],[31.8956279,39.5769165],[31.8918513,39.5748656],[31.8983745,39.5436984],[31.9267844,39.5406537],[31.9304751,39.5380722],[31.9468688,39.5396608],[31.9486713,39.5431027],[31.945753,39.5438969],[31.9442939,39.547868],[31.9464397,39.5476033],[31.9477271,39.5493902],[31.9460105,39.5513095],[31.9436072,39.5513757],[31.9382857,39.56289],[31.942234,39.5648751],[31.9478559,39.5629231],[31.9548511,39.5498535],[31.9718885,39.5356892],[31.9733047,39.5323132],[31.9700002,39.5259909],[31.9651294,39.5222337],[31.9646573,39.5173342],[31.9690008,39.509822]]]}},{"type":"Feature","properties":{"code":"06-24","provinceCode":"06","name":"Pursaklar"},"geometry":{"type":"Polygon","coordinates":[[[32.8962076,40.0228637],[32.8961898,40.0244076],[32.9053565,40.0239028],[32.9107644,40.0260114],[32.9122262,40.0276347],[32.9088477,40.0313616],[32.9079287,40.0365828],[32.9161536,40.043566],[32.9184827,40.0425819],[32.924573,40.0464432],[32.9266488,40.0542552],[32.9379787,40.0523207],[32.9410959,40.0493086],[32.9449754,40.0430016],[32.9417825,40.0384774],[32.9469597,40.0327383],[32.9490255,40.0386375],[32.9526465,40.0426246],[32.9502918,40.0466325],[32.9505729,40.0502497],[32.9581292,40.0506665],[32.9628373,40.0463954],[32.9705623,40.0451776],[32.9757323,40.0423837],[32.9761804,40.037746],[32.9924815,40.038144],[32.9891442,40.0421912],[32.9995769,40.0474975],[32.9937681,40.0470835],[32.9915493,40.048293],[32.9835649,40.0467548],[32.9826394,40.0498925],[32.9852177,40.0589001],[32.9828377,40.0606205],[32.9847237,40.0650157],[32.9833666,40.0656297],[32.9859391,40.0696708],[32.9867089,40.0757074],[32.9841599,40.0771646],[32.9756976,40.0733198],[32.9713746,40.0763095],[32.9659254,40.0712059],[32.9622907,40.0729528],[32.95408,40.0736695],[32.9563671,40.0821061],[32.960781,40.0827761],[32.9692524,40.0929077],[32.9662799,40.0934377],[32.96422,40.0986903],[32.9550361,40.0984933],[32.9529761,40.1021043],[32.9483413,40.101579],[32.9453372,40.1038768],[32.9413032,40.1040081],[32.9369258,40.1077501],[32.9242229,40.1082096],[32.9226779,40.1121482],[32.9289435,40.1126734],[32.9304885,40.1141831],[32.930746,40.1212719],[32.9271411,40.1198279],[32.9209613,40.1231752],[32.9200172,40.1259973],[32.9127215,40.1265223],[32.9143523,40.1311161],[32.9124641,40.1340691],[32.909975,40.1341347],[32.9122924,40.1372845],[32.9108333,40.1435179],[32.9146957,40.1448957],[32.9146957,40.148373],[32.9107474,40.1480449],[32.9086875,40.1494227],[32.907915,40.1536869],[32.8980445,40.1591317],[32.8908131,40.16706],[32.8855653,40.1681649],[32.8780317,40.1725963],[32.8759056,40.1772635],[32.8793017,40.1845795],[32.8742787,40.1904248],[32.8710939,40.1918116],[32.8677463,40.1970359],[32.8581332,40.1986094],[32.8493785,40.1970359],[32.8451727,40.2002484],[32.8401596,40.1971345],[32.8363202,40.1877809],[32.8387472,40.1744085],[32.8430669,40.1694985],[32.841679,40.1664759],[32.8335601,40.1656805],[32.8254411,40.1618623],[32.8221102,40.1584681],[32.8182936,40.1577257],[32.8171139,40.1558694],[32.8214163,40.1513611],[32.8195427,40.1484439],[32.8170445,40.1489743],[32.8119094,40.1451021],[32.8126033,40.1385773],[32.8054559,40.1343331],[32.802125,40.1244644],[32.7981696,40.1197949],[32.8008759,40.1174069],[32.804415,40.1174069],[32.8039292,40.1131084],[32.8100358,40.1085973],[32.8091337,40.1075358],[32.8237279,40.1072001],[32.8215551,40.0966547],[32.8269677,40.09554],[32.8277593,40.0933982],[32.8395279,40.1010074],[32.8538922,40.0985126],[32.8552107,40.0998927],[32.8645094,40.1016974],[32.8680484,40.1005827],[32.8675627,40.0977694],[32.8713099,40.0947968],[32.8740162,40.0945844],[32.8751265,40.0920363],[32.8802616,40.0914524],[32.8824128,40.0842853],[32.8802616,40.075843],[32.8847721,40.0707453],[32.8811637,40.0671342],[32.8804776,40.0632665],[32.8776873,40.0627977],[32.8782238,40.0590041],[32.890046,40.0603363],[32.8902011,40.0571845],[32.876484,40.0490312],[32.8746821,40.0454238],[32.8768518,40.0436344],[32.8762503,40.0355933],[32.8736305,40.034295],[32.873639,40.0326786],[32.8820808,40.0287724],[32.8843804,40.0237347],[32.8878881,40.0213328],[32.8883989,40.0238282],[32.8962076,40.0228637]]]}},{"type":"Feature","properties":{"code":"06-25","provinceCode":"06","name":"Sarıyahşi"},"geometry":{"type":"Polygon","coordinates":[[[33.8852273,39.0278782],[33.8828009,39.0268659],[33.8764285,39.0284523],[33.8735961,39.0294525],[33.8736819,39.0315861],[33.8695621,39.0295192],[33.8687896,39.0271188],[33.8640689,39.028119],[33.8653564,39.0255852],[33.8598632,39.0251851],[33.8600349,39.0235848],[33.8573741,39.0246517],[33.8563441,39.0225179],[33.849306,39.0268521],[33.8512801,39.0241183],[33.8501643,39.0231847],[33.8478469,39.0247851],[33.8428687,39.0220511],[33.8430404,39.0193171],[33.8399505,39.0167164],[33.8415813,39.0153159],[33.8403796,39.0139155],[33.8387488,39.012515],[33.8338565,39.0133819],[33.8332557,39.0115813],[33.8357448,39.0099806],[33.8287067,39.0069127],[33.8281058,39.0041114],[33.8309383,39.003978],[33.8276767,38.9999092],[33.8253593,39.0015101],[33.8210677,39.0005095],[33.8192653,38.9932386],[33.8147163,38.9880351],[33.8136005,38.9893693],[33.8110255,38.9832315],[33.7954043,38.9780272],[33.7841605,38.9750246],[33.778839,38.9812299],[33.7616729,38.9865006],[33.7505149,38.9824976],[33.7476825,38.9852997],[33.7462234,38.9846993],[33.740301,38.9875013],[33.735237,38.9875013],[33.7333488,38.9857],[33.7308597,38.9879683],[33.7298297,38.9846326],[33.7254523,38.9844991],[33.7241649,38.9805627],[33.7233066,38.9798287],[33.7214183,38.9813633],[33.7204742,38.9796953],[33.7204742,38.9776936],[33.726139,38.9756251],[33.7294864,38.970754],[33.7269115,38.9702868],[33.7274264,38.9663496],[33.7239932,38.9653486],[33.7243365,38.9614111],[33.7255382,38.9612776],[33.7259673,38.964748],[33.7275981,38.9596758],[33.7328338,38.9622787],[33.736782,38.9612108],[33.7388419,38.9556713],[33.7329196,38.951266],[33.7334346,38.948863],[33.7444349,38.9360378],[33.7436484,38.9332415],[33.7378141,38.9296372],[33.737812,38.9265979],[33.7401294,38.9240605],[33.7417602,38.9246615],[33.742876,38.9214563],[33.7468671,38.9197201],[33.7521028,38.9223244],[33.7532615,38.9213895],[33.7542486,38.9227918],[33.7597417,38.9232592],[33.7650203,38.9184179],[33.7679385,38.9178837],[33.7703418,38.9143442],[33.775835,38.9140103],[33.7863921,38.9100699],[33.7856196,38.8999175],[33.7886237,38.8939055],[33.7951469,38.8884942],[33.7959193,38.8856882],[33.7995242,38.8860891],[33.8029343,38.8820402],[33.8323686,38.890447],[33.8377312,38.8942833],[33.8372351,38.8983139],[33.8421629,38.9050384],[33.850158,38.908106],[33.8511218,38.9184183],[33.858266,38.9267554],[33.8721077,38.9271028],[33.8843866,38.9173761],[33.8915307,38.9161601],[33.8982283,38.9187657],[33.9198839,38.9453367],[33.9249649,38.9484454],[33.969205,38.9744824],[33.981018,38.9895441],[33.9778799,38.9976213],[34.0048863,39.0274378],[34.008177,39.0392148],[33.9697959,39.0313692],[33.9597576,39.0340571],[33.9605392,39.0467074],[33.9478741,39.0509266],[33.8979541,39.0382087],[33.8852273,39.0278782]]]}},{"type":"Feature","properties":{"code":"06-26","provinceCode":"06","name":"Sincan"},"geometry":{"type":"Polygon","coordinates":[[[32.2730939,39.8500965],[32.2680472,39.8460424],[32.2599791,39.8259406],[32.2537993,39.815393],[32.2434996,39.8049756],[32.2380064,39.8031294],[32.2349165,39.7985135],[32.2364615,39.7878297],[32.2489927,39.779519],[32.2675322,39.7772763],[32.2756003,39.7687004],[32.2806644,39.7681066],[32.2827243,39.7654017],[32.2850417,39.7654017],[32.2843551,39.7611131],[32.2876166,39.7603214],[32.2877025,39.7589358],[32.2920798,39.7586718],[32.2934531,39.7553727],[32.287445,39.7535251],[32.2963714,39.747124],[32.2974872,39.7417784],[32.3034953,39.7331981],[32.3074435,39.7314159],[32.308216,39.7295017],[32.3110484,39.7293036],[32.3080443,39.7279834],[32.3084735,39.7265312],[32.309761,39.7254749],[32.3152541,39.7264651],[32.3143958,39.7247488],[32.3164558,39.7240226],[32.3228072,39.7269272],[32.3268413,39.7242207],[32.3269271,39.7105542],[32.330017,39.707847],[32.3307036,39.7022342],[32.3402309,39.7023002],[32.346239,39.7069886],[32.3524188,39.7011116],[32.3544788,39.7009135],[32.3553371,39.6982719],[32.3531913,39.6824866],[32.3501872,39.6754845],[32.3456382,39.6717188],[32.3376559,39.6723795],[32.3373984,39.669869],[32.3242663,39.6683494],[32.3143958,39.6697369],[32.3083877,39.6684816],[32.3076152,39.6617423],[32.31431,39.656324],[32.3142242,39.6514339],[32.3084735,39.6423136],[32.3119067,39.6417849],[32.3128509,39.6396698],[32.3100185,39.6334565],[32.312765,39.6251272],[32.3187732,39.6206316],[32.3278712,39.6192432],[32.3337077,39.6212266],[32.3383426,39.6269783],[32.3450374,39.6288954],[32.3464965,39.6316057],[32.3641776,39.633126],[32.3795413,39.6392072],[32.3867082,39.6321675],[32.391386,39.6351751],[32.3945617,39.6342497],[32.3969221,39.6389758],[32.408123,39.6283334],[32.4138307,39.633159],[32.4175214,39.6294242],[32.4174356,39.6265485],[32.423315,39.627441],[32.4318122,39.6320023],[32.4363612,39.6347786],[32.4415969,39.6413222],[32.4492358,39.6456843],[32.4683761,39.6489226],[32.4746417,39.6453538],[32.4755859,39.6430406],[32.4948119,39.6366954],[32.5032233,39.6364972],[32.5101977,39.641984],[32.5147246,39.6442303],[32.5157546,39.6478652],[32.514038,39.6509052],[32.5157546,39.64998],[32.5202178,39.6515],[32.5235652,39.6542754],[32.5378989,39.6540772],[32.540388,39.6648477],[32.5460528,39.6635263],[32.5462245,39.667887],[32.5540351,39.6672263],[32.5596141,39.6629316],[32.5688113,39.6685763],[32.5672168,39.6742018],[32.5710773,39.6771732],[32.5677117,39.6795348],[32.5692955,39.6883714],[32.5650391,39.6908089],[32.5667219,39.6936271],[32.5627887,39.6945001],[32.5638513,39.6994916],[32.5698894,39.7074119],[32.572859,39.7077165],[32.5750367,39.7117523],[32.5739478,39.7141129],[32.5711762,39.7139606],[32.5707721,39.715044],[32.5767802,39.721646],[32.5731753,39.7295677],[32.5757503,39.732472],[32.573862,39.7376204],[32.5718021,39.7376864],[32.573347,39.7400624],[32.5715446,39.7497637],[32.5744628,39.7505556],[32.5803851,39.7571542],[32.5732612,39.7619049],[32.5477695,39.769558],[32.5439071,39.7675788],[32.5437354,39.7658635],[32.5442504,39.7646759],[32.5484561,39.7659295],[32.5516318,39.761575],[32.5495719,39.7596616],[32.5364398,39.7562305],[32.5352382,39.7591997],[32.5322341,39.7584739],[32.5320624,39.7610472],[32.5295734,39.7597935],[32.5294875,39.761509],[32.5253677,39.7623667],[32.5216769,39.7555046],[32.518587,39.7562305],[32.5094031,39.7499617],[32.5008201,39.7513475],[32.4997043,39.7529312],[32.493267,39.7508855],[32.4888038,39.7553067],[32.4803924,39.7697559],[32.4797916,39.7752313],[32.4908637,39.8031293],[32.498331,39.813481],[32.5049399,39.815327],[32.5051116,39.8244244],[32.5029658,39.8280498],[32.5095748,39.8296318],[32.5106048,39.833257],[32.5143813,39.8360251],[32.513008,39.8420884],[32.5177287,39.8461083],[32.5203895,39.8520389],[32.5377273,39.8526978],[32.5357532,39.8483488],[32.540903,39.8476239],[32.5434779,39.8439995],[32.5470828,39.8496667],[32.5577258,39.8501938],[32.5603007,39.8477557],[32.5621032,39.8525001],[32.5678538,39.8562558],[32.5673389,39.865809],[32.564678,39.8696958],[32.5706862,39.8698276],[32.5863074,39.8773369],[32.587509,39.8840551],[32.5978484,39.9021426],[32.5933455,39.9115798],[32.5947188,39.9256671],[32.5958347,39.9335322],[32.6020016,39.9402606],[32.5969026,39.9460848],[32.599501,39.9492706],[32.6052092,39.9485444],[32.6055821,39.960561],[32.6037864,39.960844],[32.6004879,39.9700343],[32.6028857,39.9777476],[32.6025081,39.9864262],[32.5975136,39.9889107],[32.6010717,39.9910176],[32.6014772,39.9970012],[32.598942,39.9989628],[32.5933465,39.9965915],[32.5802354,39.9979288],[32.5785827,39.9998406],[32.5813293,40.0028322],[32.5795269,40.0068098],[32.5738002,40.0075529],[32.5725317,40.0046074],[32.5715017,40.0060209],[32.5684976,40.0059223],[32.568326,40.0097521],[32.5636367,40.0128476],[32.5675964,40.0213047],[32.5732183,40.0250841],[32.5744628,40.0334965],[32.5760936,40.0344822],[32.5761365,40.0424335],[32.5854597,40.0534747],[32.5854183,40.0550415],[32.5739479,40.0623405],[32.5696392,40.0749894],[32.5706456,40.0768644],[32.5659198,40.081284],[32.5667512,40.0829245],[32.5620691,40.0811282],[32.5604063,40.0833597],[32.559006,40.0881806],[32.561369,40.0956791],[32.5482854,40.1071595],[32.539315,40.1186714],[32.5326638,40.1201103],[32.5330139,40.1220845],[32.5299071,40.1254304],[32.523781,40.1287762],[32.5246124,40.1297465],[32.5120813,40.1450052],[32.5165076,40.1562657],[32.5109129,40.1570451],[32.5020175,40.1541592],[32.4992581,40.1508568],[32.4866793,40.1432919],[32.4869453,40.139836],[32.4756877,40.1268918],[32.4659371,40.1107589],[32.4668235,40.1066912],[32.4607819,40.0980589],[32.4601614,40.0882941],[32.4566157,40.0804948],[32.4475601,40.0747704],[32.4452836,40.065797],[32.4332282,40.0525673],[32.418691,40.0394029],[32.4122806,40.0355916],[32.4073167,40.0288044],[32.4161809,40.0230347],[32.4199038,40.0167216],[32.4088728,40.0036645],[32.4083691,39.9961379],[32.4106738,39.9926067],[32.39591,39.9835954],[32.3877549,39.9829162],[32.3971691,39.972696],[32.4086378,39.9709374],[32.4261473,39.9631751],[32.4318121,39.9576489],[32.4388502,39.9590963],[32.4514729,39.9691187],[32.4668336,39.960092],[32.4665499,39.9534387],[32.47245,39.9468282],[32.4757403,39.9456104],[32.47245,39.9252527],[32.4770699,39.9203363],[32.4677645,39.9065336],[32.4510857,39.8898755],[32.4548299,39.8863061],[32.4526174,39.8847825],[32.4536953,39.8832154],[32.449841,39.8758476],[32.4428976,39.8728728],[32.4379285,39.8727198],[32.4333333,39.8759416],[32.4317449,39.8843874],[32.4250506,39.8850839],[32.4253343,39.8863463],[32.4195205,39.8867938],[32.4140743,39.8896632],[32.4096085,39.8881588],[32.4011026,39.8999815],[32.394662,39.8990642],[32.3935728,39.8960349],[32.382112,39.8929556],[32.3831105,39.8894385],[32.3802513,39.8917716],[32.3791166,39.8898564],[32.375259,39.8900305],[32.3774374,39.881812],[32.3736705,39.8708058],[32.3742605,39.8680888],[32.3731259,39.8666606],[32.3720366,39.8677056],[32.3698128,39.8667999],[32.3696766,39.8643615],[32.3645028,39.8614004],[32.3631866,39.8646053],[32.3547905,39.8618881],[32.3478012,39.8537707],[32.364266,39.8359918],[32.3592283,39.8337266],[32.3651198,39.8283304],[32.3650312,39.8237692],[32.3605104,39.8196844],[32.3602445,39.8096075],[32.3420122,39.7991705],[32.335574,39.8019431],[32.3381934,39.808607],[32.3316525,39.8122729],[32.3229714,39.8319706],[32.3234409,39.8356623],[32.3189675,39.8390935],[32.3136408,39.8414224],[32.3120604,39.8439608],[32.298381,39.845149],[32.2937917,39.846913],[32.2882164,39.8443477],[32.2817499,39.8486418],[32.2730939,39.8500965]]]}},{"type":"Feature","properties":{"code":"06-27","provinceCode":"06","name":"Şereflikoçhisar"},"geometry":{"type":"Polygon","coordinates":[[[33.7378141,38.9296372],[33.733778,38.9297695],[33.7323188,38.9313052],[33.7331342,38.9355782],[33.731246,38.9373474],[33.7182426,38.9368467],[33.7075996,38.932073],[33.7033939,38.9324736],[33.7010335,38.9304038],[33.69524,38.9299031],[33.6927938,38.9319395],[33.6941242,38.9331079],[33.6919355,38.9360789],[33.6937809,38.9387828],[33.6927938,38.9407188],[33.6882019,38.9417536],[33.6861848,38.9376478],[33.6819791,38.9353445],[33.6773014,38.9406187],[33.6688041,38.9457256],[33.6639976,38.9476614],[33.661251,38.9465266],[33.6608219,38.9487962],[33.6561441,38.946293],[33.65314,38.9495304],[33.6575174,38.9560717],[33.6660146,38.9584077],[33.6648988,38.9602431],[33.6687183,38.9645143],[33.6738252,38.9655821],[33.6737394,38.9674507],[33.6715936,38.9681848],[33.6725378,38.9708207],[33.676958,38.9726891],[33.6781168,38.9757585],[33.6837387,38.9750246],[33.6902618,38.9772599],[33.6985445,38.9771598],[33.7029218,38.9881017],[33.7023639,38.9967741],[33.696742,39.0005428],[33.6951541,39.005412],[33.6853265,39.0076463],[33.6810779,39.0101473],[33.6815929,39.0130484],[33.6758422,39.0235848],[33.6728381,39.0238515],[33.6674308,39.0295192],[33.6665725,39.0317194],[33.6689757,39.036453],[33.6548995,39.0431862],[33.6445998,39.0517851],[33.6453723,39.0565841],[33.642969,39.0655812],[33.6383342,39.0699127],[33.6416816,39.0823061],[33.6424541,39.0940978],[33.6367892,39.0968956],[33.6374759,39.0996266],[33.6409091,39.1024241],[33.6393642,39.1032234],[33.6428832,39.1050217],[33.6393642,39.10682],[33.6391067,39.1086848],[33.6349868,39.109484],[33.6363601,39.1110824],[33.6341285,39.1133467],[33.6379909,39.1144788],[33.6368751,39.1166098],[33.6387633,39.1208716],[33.6417674,39.121138],[33.6409949,39.1264649],[33.6426257,39.1281295],[33.6407374,39.1277965],[33.6403083,39.1291948],[33.6433982,39.1313253],[33.6462306,39.1313253],[33.647342,39.1459225],[33.6561373,39.158611],[33.5584567,39.2083192],[33.5451742,39.2243847],[33.5008347,39.2175854],[33.4948253,39.2181573],[33.4860705,39.207916],[33.4652995,39.2018637],[33.4539699,39.2007995],[33.4506225,39.1978728],[33.44882,39.1991366],[33.4484767,39.2032604],[33.433113,39.1981389],[33.4241008,39.2031939],[33.4185218,39.2091797],[33.405218,39.2146994],[33.402214,39.2197532],[33.405218,39.2239423],[33.3976649,39.2293944],[33.394575,39.2291949],[33.3929443,39.2354443],[33.3896827,39.2356438],[33.3767222,39.2476757],[33.348484,39.2618986],[33.3426475,39.2620979],[33.3399867,39.2649555],[33.3379268,39.264889],[33.3361243,39.268876],[33.3377551,39.2694741],[33.336811,39.2719326],[33.3329486,39.2703379],[33.3272838,39.2718662],[33.3236789,39.2707366],[33.3210181,39.27273],[33.3209323,39.2788426],[33.3159541,39.2772481],[33.31501,39.2785769],[33.3053969,39.2740588],[33.2999038,39.276783],[33.2938956,39.2729957],[33.2924365,39.2756535],[33.2924365,39.2734609],[33.2883166,39.2734609],[33.2879733,39.2750555],[33.2868575,39.2731951],[33.2836818,39.2741253],[33.2767295,39.2699392],[33.2729529,39.2699392],[33.2707213,39.2675471],[33.2648849,39.269607],[33.2623958,39.2640251],[33.2625674,39.2549204],[33.2587051,39.2507332],[33.2517528,39.2497362],[33.2470321,39.2456151],[33.2469462,39.2476092],[33.245058,39.247011],[33.2412814,39.2493374],[33.2380199,39.2483404],[33.2200812,39.2522619],[33.2136439,39.2514643],[33.2119952,39.2553843],[33.2014785,39.2606343],[33.194274,39.2594964],[33.1914137,39.2543223],[33.1960486,39.239832],[33.1950186,39.2370399],[33.1903837,39.2377047],[33.1884955,39.239699],[33.1872938,39.236907],[33.186264,39.2391007],[33.1811141,39.2402972],[33.1763076,39.2394331],[33.1755351,39.2379041],[33.173046,39.2404302],[33.1667804,39.2379041],[33.1666087,39.2396325],[33.1612014,39.2352449],[33.1627463,39.2341147],[33.1585406,39.2345136],[33.1617164,39.2181573],[33.1563949,39.2172928],[33.1605147,39.2130369],[33.1614589,39.2150319],[33.1614589,39.2097117],[33.1592273,39.2111083],[33.1555366,39.2081156],[33.1551074,39.2056548],[33.1531333,39.2049232],[33.1534766,39.2014646],[33.1478118,39.1966755],[33.1430911,39.1888261],[33.1406879,39.1908883],[33.1414603,39.1868303],[33.1412028,39.1853667],[33.1390571,39.1852337],[33.1394862,39.1827055],[33.1230926,39.1839031],[33.1227492,39.1750541],[33.1310748,39.1745218],[33.1289291,39.1701302],[33.1366538,39.1696644],[33.1361388,39.1672688],[33.1389712,39.1608136],[33.1413745,39.1608802],[33.1431769,39.152694],[33.1455801,39.1529602],[33.1464384,39.1473691],[33.1594847,39.1368512],[33.1620596,39.1373838],[33.171501,39.1276634],[33.1732176,39.1285956],[33.1855772,39.1208717],[33.2121847,39.1170094],[33.2139013,39.1098171],[33.2200812,39.0982279],[33.2336424,39.0825061],[33.2382773,39.0847713],[33.2387922,39.0823728],[33.2554434,39.0814401],[33.256645,39.0773091],[33.2645415,39.0754435],[33.2690047,39.0773091],[33.2717512,39.0751769],[33.269863,39.0738443],[33.2712362,39.0726449],[33.2813643,39.0741108],[33.2839392,39.0765096],[33.2853125,39.0747771],[33.2918356,39.0741108],[33.2944105,39.0789082],[33.3055685,39.0742441],[33.3084868,39.0745106],[33.322048,39.0811736],[33.3253096,39.0870364],[33.3247946,39.0891683],[33.3229063,39.0901009],[33.3229063,39.0952969],[33.3156966,39.1000929],[33.3067702,39.1004925],[33.2995738,39.1052392],[33.3409801,39.0941328],[33.3722174,39.0596591],[33.3896662,39.0312234],[33.3925515,39.0119262],[33.3937765,38.9690941],[33.3877978,38.9406814],[33.3741606,38.9052654],[33.344329,38.8650091],[33.3267122,38.746605],[33.3284068,38.7452721],[33.3239671,38.706755],[33.3236851,38.6618837],[33.4421647,38.6658551],[33.5551667,38.6757357],[33.6169356,38.6908184],[33.6238785,38.6947093],[33.6436035,38.6887577],[33.6532413,38.6923719],[33.654127,38.7032622],[33.6631393,38.7078168],[33.6696624,38.7075489],[33.670349,38.7110987],[33.6827945,38.7165234],[33.6862277,38.7167243],[33.6966991,38.7222825],[33.7016772,38.7224834],[33.7075996,38.7295143],[33.7106895,38.7321925],[33.7117194,38.7313221],[33.721075,38.7400927],[33.7216758,38.7376826],[33.7251948,38.737147],[33.7293147,38.7413647],[33.7345504,38.7404944],[33.7348937,38.7426367],[33.7318896,38.7443772],[33.7374686,38.7495986],[33.7397002,38.7499333],[33.7379836,38.7552881],[33.7397861,38.7591702],[33.7467383,38.7609103],[33.7517165,38.7640558],[33.751459,38.7663312],[33.7487125,38.7660636],[33.7477683,38.7641228],[33.7466525,38.765662],[33.7491416,38.7700119],[33.7509441,38.7694096],[33.7542914,38.7714841],[33.7525748,38.7760344],[33.7537765,38.7772388],[33.7549781,38.7756329],[33.7598704,38.7809858],[33.7605571,38.7795807],[33.7627029,38.780116],[33.7615871,38.7833945],[33.7650203,38.7874757],[33.7703418,38.7887468],[33.7705993,38.7905532],[33.7686252,38.7898842],[33.7684535,38.7911553],[33.7777232,38.7936974],[33.7760066,38.7955036],[33.7766074,38.7994503],[33.7734317,38.8030624],[33.772745,38.8013901],[33.7708568,38.8048014],[33.7724876,38.8065405],[33.7668227,38.809684],[33.7670802,38.8215211],[33.7688827,38.8234603],[33.7752341,38.8242628],[33.7772941,38.8275392],[33.7810706,38.8278067],[33.783903,38.8308156],[33.7853622,38.8351615],[33.7776374,38.8385043],[33.7778949,38.8409779],[33.7855338,38.8496682],[33.7845897,38.851473],[33.7880229,38.8512725],[33.7882804,38.8529435],[33.7900828,38.8522082],[33.7986659,38.8576223],[33.7995242,38.8736613],[33.8029343,38.8820402],[33.7995242,38.8860891],[33.7959193,38.8856882],[33.7951469,38.8884942],[33.7886237,38.8939055],[33.7856196,38.8999175],[33.7863921,38.9100699],[33.775835,38.9140103],[33.7703418,38.9143442],[33.7679385,38.9178837],[33.7650203,38.9184179],[33.7597417,38.9232592],[33.7542486,38.9227918],[33.7532615,38.9213895],[33.7521028,38.9223244],[33.7468671,38.9197201],[33.742876,38.9214563],[33.7417602,38.9246615],[33.7401294,38.9240605],[33.737812,38.9265979],[33.7378141,38.9296372]]]}},{"type":"Feature","properties":{"code":"06-28","provinceCode":"06","name":"Yahşihan"},"geometry":{"type":"Polygon","coordinates":[[[33.2859332,39.760436],[33.322044,39.7679617],[33.3519426,39.7771514],[33.382741,39.8012179],[33.4442546,39.8201484],[33.4633509,39.8225327],[33.467111,39.8328569],[33.4711736,39.8371548],[33.4697754,39.8417685],[33.4789146,39.8416437],[33.4823111,39.8458174],[33.4848425,39.8684557],[33.4983946,39.8720659],[33.5107143,39.8816021],[33.5163721,39.8885484],[33.5188616,39.8991402],[33.5326915,39.9241261],[33.5643506,39.9675131],[33.5707952,39.9997774],[33.5674936,40.0090879],[33.5213949,40.0756198],[33.5100173,40.0739338],[33.4925078,40.0540302],[33.4844398,40.0510738],[33.4776591,40.0515994],[33.4768008,40.0544901],[33.4693336,40.0544901],[33.4592055,40.0433863],[33.4619521,40.0409551],[33.4665012,40.0448976],[33.4980868,40.0444377],[33.5080432,40.0364866],[33.5149955,40.0280746],[33.5173987,39.9874456],[33.5154246,39.9865907],[33.5138797,39.9824475],[33.5079574,39.9809348],[33.5043525,39.978041],[33.5058116,39.9752785],[33.4864139,39.9717924],[33.4820365,39.974555],[33.4749984,39.9738973],[33.4699344,39.9767255],[33.4622954,39.9850124],[33.4597205,39.9836313],[33.4443568,39.9857358],[33.4470176,39.9812637],[33.4439277,39.976594],[33.4416103,39.9755416],[33.4311389,39.9764624],[33.4305381,39.971924],[33.4356879,39.9656091],[33.434658,39.9623198],[33.4301089,39.9560698],[33.4211825,39.9524512],[33.4191226,39.9472531],[33.4172343,39.9492271],[33.4151744,39.9489639],[33.4114837,39.9560698],[33.406763,39.9586357],[33.4075355,39.9605436],[33.4047889,39.9623856],[33.4041022,39.9656749],[33.4007548,39.9669905],[33.4024839,39.9712441],[33.3993816,39.9730422],[33.3971214,39.9715911],[33.3896827,39.9633724],[33.3829021,39.9517274],[33.3747481,39.923429],[33.3733749,39.9248771],[33.3666801,39.9236923],[33.3556937,39.9175046],[33.3457374,39.9186237],[33.3391284,39.9167805],[33.3399867,39.9130281],[33.33149,39.9138307],[33.3283985,39.9091124],[33.3223189,39.9068216],[33.3220522,39.9050216],[33.314746,39.900644],[33.3060365,39.9000712],[33.3037033,39.8884356],[33.3070364,39.8836401],[33.3112803,39.8818982],[33.311747,39.8755547],[33.3002143,39.8647592],[33.2940813,39.8633776],[33.2934814,39.8619961],[33.3023475,39.8567766],[33.3046807,39.8525803],[33.2985477,39.8450056],[33.2878875,39.8494031],[33.2840251,39.8496008],[33.2807635,39.8490077],[33.2813644,39.8447903],[33.2761287,39.8455152],[33.2682323,39.8480193],[33.2672881,39.8506551],[33.2581042,39.8539497],[33.2572459,39.8439995],[33.2603358,39.8420884],[33.2633399,39.8329274],[33.2711505,39.8298295],[33.2811927,39.8296977],[33.2844543,39.8282476],[33.2863425,39.8250836],[33.2982811,39.8217649],[33.2981478,39.8199729],[33.2948813,39.8189489],[33.293948,39.8151086],[33.2890816,39.8125995],[33.2903966,39.8109393],[33.285208,39.8090021],[33.2841644,39.8028562],[33.2769906,39.7918788],[33.2793767,39.7747363],[33.276594,39.7730431],[33.2765117,39.7666096],[33.2672275,39.762998],[33.265061,39.747527],[33.2663364,39.7465463],[33.2773515,39.7531431],[33.2826486,39.7614829],[33.2859332,39.760436]]]}},{"type":"Feature","properties":{"code":"06-29","provinceCode":"06","name":"Yenimahalle"},"geometry":{"type":"Polygon","coordinates":[[[32.7411702,40.0950495],[32.7343,40.094656],[32.7287072,40.0963338],[32.7284331,40.093901],[32.7272268,40.0931879],[32.7264043,40.0943204],[32.7191118,40.0890771],[32.7064458,40.0857631],[32.7022238,40.0832041],[32.7009627,40.0805192],[32.6862132,40.068939],[32.6857745,40.0658759],[32.6708057,40.0590356],[32.6654871,40.058574],[32.6608813,40.0527823],[32.6559465,40.0505159],[32.6544112,40.0483333],[32.6562755,40.0458988],[32.6536436,40.0449754],[32.6524921,40.0417432],[32.6552885,40.033767],[32.6492571,40.0345227],[32.6381812,40.0324236],[32.6347269,40.0333052],[32.6306694,40.0249922],[32.6224447,40.0272595],[32.6098884,40.0341449],[32.5988126,40.0349425],[32.5872432,40.0386788],[32.5906976,40.0430025],[32.5854597,40.0534747],[32.5761365,40.0424335],[32.5760936,40.0344822],[32.5744628,40.0334965],[32.5732183,40.0250841],[32.5675964,40.0213047],[32.5636367,40.0128476],[32.568326,40.0097521],[32.5684976,40.0059223],[32.5715017,40.0060209],[32.5725317,40.0046074],[32.5738002,40.0075529],[32.5795269,40.0068098],[32.5813293,40.0028322],[32.5785827,39.9998406],[32.5802354,39.9979288],[32.5933465,39.9965915],[32.598942,39.9989628],[32.6014772,39.9970012],[32.6039064,39.9967054],[32.6071508,39.9998293],[32.6065517,40.0031082],[32.6107979,40.0040512],[32.6104122,40.0058398],[32.6216275,40.0037391],[32.6258818,40.004429],[32.6279058,40.0027419],[32.633507,40.005248],[32.6351571,40.0026622],[32.6563409,40.0018887],[32.6559532,39.9887302],[32.6605296,39.9741008],[32.6647907,39.9701573],[32.7106352,39.945958],[32.7630335,39.9449499],[32.7645778,39.9388301],[32.760661,39.9308128],[32.7740412,39.9325698],[32.7957919,39.940001],[32.797284,39.9364694],[32.7933807,39.9315389],[32.7992465,39.922486],[32.804607,39.9103571],[32.8145164,39.9126812],[32.8144395,39.9231335],[32.8191835,39.9311315],[32.8374116,39.9351108],[32.8387352,39.9368204],[32.8405791,39.9388755],[32.8307381,39.9459484],[32.8353924,39.9511388],[32.8319098,39.9536704],[32.8391305,39.9558635],[32.8420782,39.9591612],[32.8470563,39.9604849],[32.8350124,39.9698646],[32.8319269,39.9687811],[32.8188836,39.9689152],[32.8188624,39.9716275],[32.8148287,39.9717486],[32.811235,39.9767967],[32.8113942,39.9856062],[32.7995592,39.9911531],[32.7960905,40.0029157],[32.7990023,40.0032075],[32.7973276,40.0043093],[32.7963088,40.010199],[32.7903497,40.0160446],[32.8014512,40.0298898],[32.8030234,40.0359373],[32.8065854,40.038878],[32.8069716,40.0437405],[32.8047615,40.0436255],[32.8078085,40.0509845],[32.8058773,40.0622677],[32.8032809,40.0675719],[32.7999979,40.0685572],[32.8020664,40.0718539],[32.7874537,40.0826412],[32.7854796,40.081968],[32.7878339,40.0928706],[32.7810164,40.0963281],[32.7810045,40.0996061],[32.7747541,40.1033318],[32.7677429,40.1025111],[32.7646263,40.1035793],[32.7633319,40.1022897],[32.7599768,40.1049732],[32.7554806,40.1060804],[32.7474591,40.1058199],[32.7446249,40.0967894],[32.7411702,40.0950495]]]}}]}