{"type":"FeatureCollection","features":[{"type":"Feature","properties":{"code":"48-01","provinceCode":"48","name":"Altınyayla"},"geometry":{"type":"Polygon","coordinates":[[[29.6027335,36.9689164],[29.5985609,37.0051048],[29.5912964,37.0303926],[29.5978793,37.0471133],[29.5906784,37.0601748],[29.5811377,37.0675254],[29.572584,37.0712005],[29.5575163,37.0723764],[29.5493048,37.0670004],[29.5324606,37.0458286],[29.514353,37.0270043],[29.4593987,36.9831188],[29.4478183,36.9711762],[29.4370801,36.9447613],[29.4057078,36.8890412],[29.3789676,36.8567015],[29.3653322,36.846254],[29.3731328,36.8393364],[29.3748194,36.8292964],[29.3727112,36.8241493],[29.3733436,36.8210271],[29.3817767,36.8124194],[29.4049676,36.8006033],[29.4177859,36.7981724],[29.4281493,36.799594],[29.4362201,36.8081663],[29.4428084,36.8237257],[29.4530269,36.83258],[29.4644115,36.8360392],[29.4691889,36.8359663],[29.4756565,36.8407677],[29.4922504,36.8387349],[29.5001763,36.8412118],[29.5176765,36.8557102],[29.5279708,36.8753116],[29.5308532,36.9057744],[29.5427946,36.9278318],[29.5489711,36.9350731],[29.570795,36.9531734],[29.5825784,36.9608895],[29.6027335,36.9689164]]]}},{"type":"Feature","properties":{"code":"48-02","provinceCode":"48","name":"Bodrum"},"geometry":{"type":"MultiPolygon","coordinates":[[[[27.1985781,37.0492575],[27.200844,37.046913],[27.2045426,37.0476185],[27.204379,37.050633],[27.1985781,37.0492575]]],[[[27.2050026,37.0831508],[27.2076333,37.0805863],[27.2098017,37.0814884],[27.214366,37.0846083],[27.2143117,37.0888025],[27.2089163,37.0890528],[27.2050026,37.0831508]]],[[[27.2072293,36.9981316],[27.2086034,36.9970302],[27.2115032,36.9994633],[27.2154605,36.9990253],[27.2170436,37.005482],[27.223984,37.0083388],[27.2204721,37.0129605],[27.2164928,37.010989],[27.2165728,37.006136],[27.2140395,37.0054774],[27.210572,37.0022986],[27.2109307,37.0002464],[27.2072293,36.9981316]]],[[[27.2238569,36.9917212],[27.224777,36.9908712],[27.2243249,36.9920977],[27.2238569,36.9917212]]],[[[27.5802515,37.1389867],[27.5812253,37.1358532],[27.5768056,37.1347946],[27.5777065,37.1330027],[27.5737799,37.1292279],[27.5719032,37.1295282],[27.5718872,37.1274334],[27.5652719,37.1281457],[27.5606462,37.1267942],[27.5579762,37.1278172],[27.5463362,37.1253901],[27.5427925,37.1285794],[27.5372639,37.1284088],[27.535286,37.1260214],[27.5370658,37.1251963],[27.5314246,37.1183295],[27.5229129,37.1162147],[27.5116871,37.1082904],[27.5077013,37.1093524],[27.503488,37.108443],[27.4984445,37.1005468],[27.4950054,37.1019188],[27.4884072,37.100832],[27.4907943,37.0978238],[27.4905014,37.0943061],[27.4811765,37.0917178],[27.4786401,37.0878695],[27.4756882,37.0884624],[27.4745045,37.0822588],[27.4703055,37.0804658],[27.4668017,37.0830603],[27.4636052,37.0816059],[27.4572243,37.082524],[27.4544269,37.0882672],[27.4555904,37.0873043],[27.455011,37.0890887],[27.4596948,37.0927565],[27.4593923,37.0963765],[27.450493,37.096839],[27.445203,37.0999523],[27.443481,37.104444],[27.444298,37.10701],[27.4408254,37.1087855],[27.438879,37.112939],[27.441615,37.11447],[27.439708,37.11756],[27.4298314,37.1178349],[27.435093,37.124],[27.431424,37.12761],[27.4300174,37.1281631],[27.4248009,37.1237717],[27.421905,37.117882],[27.413241,37.117399],[27.415408,37.1187089],[27.4197765,37.1280181],[27.4135527,37.1269594],[27.4096759,37.1283198],[27.410745,37.130509],[27.4080146,37.1312666],[27.4124323,37.1326009],[27.4104087,37.1348195],[27.406098,37.131424],[27.3997638,37.13065],[27.4001317,37.1283145],[27.396917,37.124648],[27.3956339,37.1195647],[27.3863198,37.1207388],[27.385529,37.124813],[27.3810365,37.1286817],[27.3773753,37.1286457],[27.376293,37.1332384],[27.3815184,37.1356249],[27.3833107,37.1372122],[27.3830806,37.1404451],[27.3882035,37.1425779],[27.389963,37.144966],[27.3861807,37.1459784],[27.3801232,37.143715],[27.3789654,37.1417138],[27.3772934,37.1420299],[27.3760255,37.144497],[27.377473,37.150145],[27.3757338,37.1514719],[27.3718552,37.1503832],[27.368013,37.151587],[27.3662253,37.1563412],[27.3617523,37.1553868],[27.36333,37.145565],[27.3612035,37.1450762],[27.3600072,37.1414053],[27.3559193,37.1415647],[27.3561341,37.1470111],[27.3505693,37.1441833],[27.3505573,37.1345111],[27.3492381,37.1311778],[27.3468835,37.1306028],[27.3475939,37.1313724],[27.3410708,37.1316975],[27.3401964,37.1331045],[27.3408166,37.1409347],[27.3440072,37.1421846],[27.3438764,37.1504809],[27.3380533,37.1508187],[27.333,37.1570994],[27.3266888,37.1594893],[27.3230919,37.1591644],[27.3262569,37.1549275],[27.324771,37.1525097],[27.3289959,37.150165],[27.3286435,37.1460218],[27.325758,37.1417451],[27.3213726,37.1443171],[27.3209797,37.1416669],[27.3175907,37.1429296],[27.3199247,37.1398335],[27.315681,37.1404344],[27.3146985,37.1372172],[27.3119903,37.1384288],[27.3121772,37.1355777],[27.310625,37.1348152],[27.3117134,37.1339467],[27.3096433,37.1319092],[27.3118882,37.129202],[27.3173708,37.1275959],[27.3182104,37.1248918],[27.3168455,37.1232242],[27.319259,37.120772],[27.3170006,37.1178811],[27.3145625,37.1190489],[27.3147483,37.1167179],[27.3130025,37.1157246],[27.3099245,37.1173501],[27.3105074,37.1191107],[27.3054863,37.1239463],[27.3029462,37.1217178],[27.3071895,37.1189974],[27.303187,37.1156684],[27.2983708,37.1179364],[27.297496,37.1237495],[27.2945187,37.1238479],[27.2919143,37.1213842],[27.2898785,37.1218697],[27.2890016,37.124236],[27.2830519,37.1269554],[27.2843467,37.1321681],[27.2826362,37.1302498],[27.2805632,37.1307507],[27.2791995,37.1348335],[27.2760744,37.1357134],[27.2768468,37.1384327],[27.2729818,37.1404819],[27.2713493,37.1339125],[27.2637612,37.1340276],[27.2653032,37.1299395],[27.2635059,37.1285958],[27.26506,37.126043],[27.2613287,37.1255215],[27.264478,37.1205177],[27.2602518,37.1207979],[27.2565155,37.1299573],[27.2531267,37.1287973],[27.2536566,37.1259611],[27.2563917,37.1242723],[27.2561581,37.1217962],[27.2542948,37.1212873],[27.2557052,37.1178779],[27.2530897,37.115035],[27.2547962,37.1133495],[27.2539187,37.1117545],[27.2597277,37.1121169],[27.2618119,37.1154675],[27.2680417,37.1135511],[27.2703211,37.1157778],[27.2686558,37.1178064],[27.2709087,37.1193306],[27.2770176,37.1174803],[27.2796225,37.1207418],[27.2853227,37.119002],[27.2882769,37.1204979],[27.2925389,37.1142023],[27.2929495,37.1068626],[27.2923363,37.1079979],[27.2915398,37.1060859],[27.2854274,37.1029208],[27.2818554,37.106701],[27.2828923,37.1019648],[27.2741601,37.0982644],[27.2700914,37.0987965],[27.2638575,37.0921967],[27.2541135,37.094123],[27.2545698,37.0877834],[27.2520965,37.0818609],[27.2463539,37.0800077],[27.2389833,37.0828901],[27.2352309,37.0772772],[27.2375804,37.0711332],[27.2391707,37.0706918],[27.2388893,37.066656],[27.2360632,37.0646237],[27.2299995,37.0644878],[27.2316335,37.0633003],[27.2306163,37.0603526],[27.2254681,37.0582525],[27.2302228,37.053338],[27.2322177,37.058125],[27.2369553,37.0515944],[27.2359864,37.0493561],[27.2324166,37.0479977],[27.2337979,37.0457849],[27.2309306,37.0446937],[27.23009,37.0401186],[27.2321867,37.0399799],[27.2358505,37.03524],[27.2423794,37.0352742],[27.2492028,37.0317545],[27.2482135,37.0249078],[27.2528412,37.0184233],[27.2518869,37.0146061],[27.2527543,37.0153037],[27.2545606,37.0137347],[27.2555989,37.0083653],[27.2543701,37.0076125],[27.2568289,37.0052738],[27.2541237,37.003338],[27.2548435,36.9982706],[27.254336,37.0030537],[27.2559121,37.0045795],[27.258394,37.000125],[27.255933,36.999082],[27.2595203,36.9995941],[27.2550091,36.9767775],[27.2609801,36.9725212],[27.2635645,36.9645769],[27.272761,36.9617059],[27.2771237,36.9658147],[27.2793544,36.9660732],[27.284339,36.961834],[27.2842644,36.9595161],[27.2865893,36.957313],[27.2877533,36.9592009],[27.2836174,36.9654275],[27.2859078,36.9668289],[27.2888116,36.9657604],[27.2940093,36.9682036],[27.2971712,36.9606543],[27.3032861,36.9571527],[27.3065913,36.9621131],[27.3051035,36.9683307],[27.301153,36.969215],[27.3002943,36.9728845],[27.3047716,36.9746366],[27.3050212,36.9762376],[27.3085044,36.9759783],[27.312744,36.979233],[27.3161043,36.9773171],[27.3186154,36.9776843],[27.3276207,36.9883799],[27.331996,36.988172],[27.3318484,36.9927618],[27.3291309,36.9979185],[27.3308377,36.999545],[27.334513,37.000287],[27.3380611,36.9973798],[27.3406377,36.9981702],[27.3390268,37.0031412],[27.334937,37.001651],[27.3299503,37.0042099],[27.3278332,37.0097488],[27.3323742,37.0153279],[27.3354611,37.0154267],[27.3426196,37.0198963],[27.3473172,37.0197284],[27.3476721,37.0217738],[27.3477907,37.0198455],[27.3594999,37.0228986],[27.3635613,37.0192132],[27.3654171,37.020235],[27.3664124,37.0240631],[27.369948,37.021586],[27.374266,37.0237894],[27.3732242,37.0267298],[27.376865,37.0277902],[27.381947,37.0266214],[27.3846069,37.0236526],[27.3790914,37.0192526],[27.3807092,37.0173017],[27.3783459,37.0140506],[27.380089,37.0129328],[27.37838,37.009871],[27.3795354,37.0070728],[27.3744135,37.0047302],[27.3742818,37.0003347],[27.375923,36.998703],[27.3792997,37.0002734],[27.384045,37.0089808],[27.3890817,37.0064429],[27.3884538,37.0186689],[27.390283,37.019595],[27.3920155,37.0245753],[27.3936253,37.0248161],[27.3931474,37.0261136],[27.3960728,37.0270518],[27.3959795,37.029228],[27.4017842,37.0320756],[27.4077749,37.0297479],[27.4083944,37.0279698],[27.4036493,37.0245579],[27.3999564,37.0187112],[27.408367,37.0234409],[27.411501,37.0211449],[27.4099023,37.0171177],[27.4122998,37.0170845],[27.4135362,37.0176444],[27.4121843,37.0212878],[27.4150453,37.0228364],[27.4168202,37.0213898],[27.4193208,37.0220035],[27.4167941,37.0281781],[27.4209358,37.0292797],[27.4214137,37.0319342],[27.4249738,37.0321631],[27.4222812,37.0337756],[27.4242084,37.0361897],[27.4275074,37.0360577],[27.429689,37.0341982],[27.4244886,37.0308869],[27.4263019,37.0318606],[27.4300987,37.0307645],[27.4326213,37.0333239],[27.4377926,37.0318201],[27.4408287,37.02726],[27.4363345,37.0239562],[27.4385333,37.0248479],[27.4420261,37.0225597],[27.441801,37.0201929],[27.4505461,37.0162658],[27.4507204,37.0108354],[27.453515,37.0075876],[27.4595459,37.0063291],[27.463232,37.003147],[27.4644951,36.9983281],[27.473227,36.9969793],[27.4809713,36.9933914],[27.4823252,36.9864045],[27.4862968,36.9868518],[27.4893104,36.98978],[27.4996856,36.9868881],[27.502256,36.9838175],[27.5022995,36.9871987],[27.5095501,36.9861387],[27.5079573,36.9887921],[27.5089379,36.9906344],[27.5183871,36.9950556],[27.5213304,36.9926339],[27.531221,36.991687],[27.5351684,36.9882552],[27.5490832,36.987825],[27.5495485,36.986218],[27.545374,36.9831481],[27.5482229,36.9841883],[27.5519519,36.9821324],[27.5587304,36.9855984],[27.564347,36.9750063],[27.5684308,36.9766085],[27.56549,36.9772671],[27.5648843,36.9826866],[27.569172,36.9801809],[27.5756011,36.9842012],[27.5612391,36.9868636],[27.5614642,36.9886128],[27.5738988,36.9938928],[27.5817244,36.9939779],[27.5853016,36.9954822],[27.605206,36.9914905],[27.6097061,36.9850144],[27.6129312,36.9843814],[27.6162681,36.9814088],[27.6224004,36.980277],[27.6241848,36.9813477],[27.6252233,36.9800688],[27.6275167,36.9804101],[27.6280143,36.9784485],[27.6307836,36.9807644],[27.6346617,36.9782022],[27.6377934,36.978012],[27.637788,36.9808854],[27.6423097,36.9787336],[27.642591,36.9799175],[27.6453495,36.9791139],[27.6476482,36.9803669],[27.6469072,36.9822551],[27.6416877,36.9851628],[27.6433644,36.9858238],[27.6426829,36.9909261],[27.6464583,36.9928616],[27.6471398,36.9953801],[27.6455817,36.9964654],[27.6491469,36.9987611],[27.6524224,36.9982628],[27.6574191,36.994361],[27.6630231,36.9948193],[27.6640871,36.99655],[27.6684753,36.9963822],[27.6717954,36.9976724],[27.6718734,36.999056],[27.6754775,36.998878],[27.6772935,37.001485],[27.6839225,37.0010402],[27.6837665,37.0029487],[27.6854599,37.0037405],[27.694014,37.00215],[27.6953814,37.0011001],[27.6946247,36.9989833],[27.6967912,36.9991603],[27.6971916,36.9973558],[27.7019679,36.9995771],[27.7030261,36.9971902],[27.7056431,36.9982637],[27.706973,36.9965334],[27.7172168,37.0017779],[27.7249978,37.0029367],[27.72967,37.0004688],[27.7321879,37.0015954],[27.7344883,37.0006586],[27.7335396,36.9968032],[27.735102,36.9962205],[27.7332795,36.9931143],[27.7398183,36.9937286],[27.7410262,36.9962153],[27.7448748,36.9979526],[27.7508654,36.9964726],[27.7556134,37.001022],[27.759461,36.9993123],[27.7568083,36.9950808],[27.7582312,36.9923796],[27.7568369,36.9911118],[27.7584314,36.9903465],[27.7632649,36.994287],[27.7653885,36.993636],[27.7658747,36.9917228],[27.7688205,36.9921226],[27.7693711,36.9941899],[27.7753915,36.992471],[27.7741688,36.9961772],[27.7762495,36.9990211],[27.7699226,37.025547],[27.7597018,37.0361062],[27.7434688,37.042345],[27.7329474,37.0500229],[27.7296407,37.069454],[27.7369132,37.0968673],[27.7116573,37.1052985],[27.7185479,37.1212996],[27.7251315,37.1284364],[27.7115293,37.1505153],[27.6939467,37.1710013],[27.6873587,37.17582],[27.6782362,37.1739605],[27.6307396,37.1483266],[27.5985044,37.141138],[27.5855949,37.1424534],[27.581611,37.1410722],[27.5802515,37.1389867]]],[[[27.2297222,36.9833804],[27.2326887,36.9832067],[27.231567,36.9867449],[27.2297222,36.9833804]]],[[[27.2319622,37.0892088],[27.2360671,37.0864608],[27.2415692,37.0879588],[27.2363611,37.0904951],[27.2319622,37.0892088]]],[[[27.2843319,37.133509],[27.2846236,37.1332964],[27.2846069,37.1337881],[27.2843319,37.133509]]],[[[27.2970208,37.1276399],[27.2983288,37.1282582],[27.2979776,37.1286071],[27.2970208,37.1276399]]],[[[27.3042858,36.9517775],[27.3050224,36.9505569],[27.3063606,36.9517458],[27.3042858,36.9517775]]],[[[27.3538841,37.1744559],[27.354498,37.172837],[27.3598073,37.1745843],[27.3556393,37.1767293],[27.3538841,37.1744559]]],[[[27.356366,37.009254],[27.3591618,37.0063968],[27.3621656,37.008337],[27.359503,37.0104699],[27.356366,37.009254]]],[[[27.3613939,37.1744293],[27.368861,37.1620626],[27.374212,37.1618775],[27.3783659,37.1635006],[27.3782676,37.1665048],[27.3718447,37.1687756],[27.3686913,37.1728971],[27.3613939,37.1744293]]],[[[27.3790273,36.9948995],[27.3848759,36.9902215],[27.3869059,37.0011587],[27.3840523,37.0019227],[27.3820722,36.9961487],[27.3790273,36.9948995]]],[[[27.3826285,37.0040713],[27.3847924,37.0031247],[27.3844642,37.0039402],[27.3826285,37.0040713]]],[[[27.3835793,37.1560478],[27.384399,37.155132],[27.3842254,37.1565105],[27.3835793,37.1560478]]],[[[27.3853853,37.1375255],[27.3888285,37.1366389],[27.3947044,37.1395491],[27.3877533,37.1403132],[27.3853853,37.1375255]]],[[[27.4238804,36.9958872],[27.425369,36.9898163],[27.429019,36.9897129],[27.430633,36.9877819],[27.436716,36.9874737],[27.4377944,36.9841626],[27.4387791,36.9849002],[27.444839,36.980096],[27.4464998,36.9762593],[27.4450571,36.9755788],[27.4452483,36.9704757],[27.451664,36.9707608],[27.455816,36.967979],[27.4557298,36.9660793],[27.457726,36.966174],[27.4571855,36.9646085],[27.4605617,36.9633517],[27.4613097,36.9661841],[27.467331,36.966136],[27.469869,36.962401],[27.472436,36.96329],[27.472576,36.960207],[27.4755386,36.9614014],[27.4769287,36.9579118],[27.4796098,36.9627334],[27.4816344,36.9627312],[27.4832851,36.9607069],[27.4855908,36.9617723],[27.4869157,36.9602539],[27.4883609,36.9648313],[27.49021,36.964246],[27.4928668,36.9675515],[27.489151,36.973884],[27.4826658,36.9774843],[27.4556005,36.9842695],[27.4297089,36.996564],[27.4238804,36.9958872]]],[[[27.4688886,37.1195348],[27.4693636,37.1183654],[27.4725219,37.1186245],[27.4750307,37.1236369],[27.472127,37.1232077],[27.4722552,37.1217275],[27.4688886,37.1195348]]],[[[27.4767551,37.1263253],[27.4802134,37.1249699],[27.4815717,37.1305243],[27.4780384,37.12885],[27.4767551,37.1263253]]],[[[27.4899155,37.1421343],[27.4920527,37.1407242],[27.4943262,37.1422505],[27.501039,37.1408366],[27.5080777,37.1489296],[27.5123692,37.1477806],[27.5144396,37.1502534],[27.5170047,37.150726],[27.5207672,37.1420488],[27.5276531,37.1410642],[27.5322501,37.1478235],[27.5308704,37.1509663],[27.5350862,37.1517459],[27.5324966,37.1613309],[27.5365511,37.1615718],[27.5325707,37.1652629],[27.5302079,37.1640593],[27.5308295,37.1619904],[27.526959,37.162804],[27.5232479,37.1610402],[27.5201089,37.1626658],[27.5172525,37.1582178],[27.51377,37.158624],[27.5070045,37.1524945],[27.500608,37.158294],[27.4948975,37.1571918],[27.4943288,37.1544405],[27.497785,37.1518151],[27.4899155,37.1421343]]],[[[27.5874631,36.9786816],[27.5887023,36.9730947],[27.5921986,36.9721979],[27.5916386,36.9686594],[27.5950777,36.9704176],[27.5974098,36.9677851],[27.6024016,36.9670081],[27.5975431,36.969854],[27.5984916,36.9715288],[27.5965366,36.9736202],[27.6002129,36.9752842],[27.5978946,36.9772414],[27.5947133,36.9784185],[27.5922416,36.9770767],[27.5905938,36.9800147],[27.5874631,36.9786816]]]]}},{"type":"Feature","properties":{"code":"48-03","provinceCode":"48","name":"Dalaman"},"geometry":{"type":"MultiPolygon","coordinates":[[[[28.8457997,36.8799609],[28.8436158,36.873955],[28.8388951,36.8733796],[28.8315412,36.8759531],[28.8290884,36.8745343],[28.8297031,36.868765],[28.8221208,36.8624787],[28.8194528,36.8630927],[28.8162157,36.8665459],[28.812335,36.8662109],[28.8105404,36.8640996],[28.8119005,36.8606472],[28.8105546,36.8574375],[28.8021607,36.8546455],[28.7945201,36.846292],[28.7939737,36.8426194],[28.796045,36.8405481],[28.7945806,36.8343278],[28.797432,36.8320246],[28.8032477,36.8304542],[28.8068884,36.8261535],[28.8084448,36.8211182],[28.8052697,36.8156167],[28.7973905,36.8135848],[28.7934035,36.8145088],[28.780535,36.8094107],[28.7739178,36.8013447],[28.7761945,36.7944084],[28.7720261,36.7918937],[28.7695552,36.7830672],[28.7616466,36.7779118],[28.7637326,36.7711283],[28.7616005,36.7632508],[28.7658255,36.7621295],[28.7664962,36.7605486],[28.765726,36.7571794],[28.7617911,36.7532409],[28.7656717,36.7480153],[28.7633429,36.7455397],[28.7632948,36.739895],[28.7684028,36.7358823],[28.7707132,36.7308614],[28.7662987,36.7256345],[28.7677915,36.7225993],[28.7641902,36.7215555],[28.7612579,36.7173364],[28.7587517,36.7193217],[28.7547842,36.7178526],[28.7475485,36.7202133],[28.7439512,36.7138324],[28.7408281,36.7147983],[28.7294722,36.7124924],[28.7258593,36.7087814],[28.7300318,36.7042035],[28.7598658,36.6968195],[28.769545,36.6931631],[28.769772,36.691844],[28.7709934,36.6928853],[28.7708707,36.6914075],[28.7724291,36.691941],[28.7872786,36.6861375],[28.7931235,36.6821653],[28.800326,36.675202],[28.799878,36.6729676],[28.8045123,36.6705853],[28.8037891,36.6693603],[28.807219,36.6685002],[28.79856,36.6662396],[28.7974796,36.6647044],[28.7945446,36.6590532],[28.7964978,36.6568253],[28.7939476,36.6536172],[28.7948333,36.6507922],[28.8024536,36.6529705],[28.8035244,36.6558721],[28.8124465,36.656337],[28.814935,36.659053],[28.8189191,36.6595206],[28.8214248,36.6561588],[28.8225763,36.6573511],[28.822802,36.6559236],[28.8244333,36.6564274],[28.8259525,36.6518877],[28.8278429,36.652101],[28.8310781,36.6470284],[28.8296581,36.6447571],[28.8307303,36.6388555],[28.8424146,36.6425531],[28.8521897,36.6380026],[28.8521127,36.6365866],[28.8427834,36.6347304],[28.8378447,36.631159],[28.8362257,36.6277173],[28.832388,36.628601],[28.8244785,36.6254548],[28.828244,36.621857],[28.824994,36.612402],[28.8280804,36.6129569],[28.830862,36.611285],[28.8292209,36.6098239],[28.829917,36.605005],[28.8375433,36.601966],[28.8425069,36.5974537],[28.8448449,36.5973822],[28.8460107,36.5886032],[28.85773,36.595583],[28.8605302,36.601171],[28.875563,36.601855],[28.8679597,36.60549],[28.8686957,36.6077681],[28.8662066,36.6099555],[28.868492,36.612499],[28.8666315,36.6157975],[28.871783,36.616814],[28.8651873,36.6175964],[28.868978,36.619427],[28.867086,36.6220738],[28.872345,36.620273],[28.8758243,36.6213681],[28.8734438,36.624953],[28.8764926,36.6261776],[28.8814399,36.6255637],[28.8819107,36.6288481],[28.8781077,36.6298254],[28.8801946,36.6307848],[28.8831524,36.6316239],[28.8849998,36.6299833],[28.8916913,36.6301571],[28.8849628,36.6337534],[28.8928505,36.6394093],[28.8924045,36.6406033],[28.89582,36.6395498],[28.8979621,36.6401639],[28.8984329,36.6421166],[28.9008429,36.6405013],[28.9065875,36.6398953],[28.9036727,36.6454117],[28.9081956,36.6483602],[28.9041978,36.650738],[28.8960719,36.6484035],[28.8931016,36.6424357],[28.8926343,36.6456829],[28.8896906,36.6434939],[28.8847868,36.6474612],[28.8783123,36.6478597],[28.8771491,36.6382238],[28.8816009,36.6354628],[28.8793308,36.633922],[28.869249,36.6334597],[28.8688529,36.6357343],[28.8666997,36.6360311],[28.8631367,36.6408565],[28.86267,36.6425556],[28.867595,36.6422368],[28.8645049,36.6441608],[28.8601332,36.6439894],[28.8545863,36.6399508],[28.8514231,36.6429985],[28.8494117,36.6427958],[28.8534122,36.647181],[28.8659685,36.6539734],[28.8596789,36.654894],[28.8595299,36.6570019],[28.8567323,36.6564048],[28.8574126,36.6591589],[28.8518249,36.658285],[28.8504088,36.6621995],[28.8510492,36.6639631],[28.859278,36.6658706],[28.8610477,36.6676923],[28.8634494,36.6669629],[28.8680777,36.6705909],[28.8656064,36.6744651],[28.8640463,36.6746101],[28.863582,36.6727219],[28.8572523,36.6758204],[28.8579971,36.6778495],[28.8618311,36.6786603],[28.8619559,36.6802208],[28.8654645,36.6802313],[28.8658067,36.6848743],[28.8677377,36.6862625],[28.8679856,36.6880931],[28.8656286,36.6888751],[28.868474,36.6920963],[28.8636804,36.6960222],[28.8653779,36.6979134],[28.8683675,36.6966822],[28.8707513,36.6974263],[28.8733413,36.6945564],[28.876921,36.6934465],[28.8794007,36.6952022],[28.879291,36.6969595],[28.8767695,36.6974426],[28.8774572,36.7003468],[28.8841849,36.7005112],[28.8827752,36.7145784],[28.8838052,36.7484224],[28.8872298,36.7680204],[28.8966454,36.7747857],[28.9126357,36.7804986],[28.9278106,36.7996073],[28.9432429,36.8048029],[28.9650182,36.807002],[29.0094184,36.8252934],[29.0538372,36.8380485],[29.1793454,36.8621808],[29.1889287,36.869258],[29.1938911,36.8823365],[29.1674995,36.882439],[29.1418766,36.8941202],[29.1431578,36.9006773],[29.1413642,36.9036483],[29.133293,36.9052874],[29.1140758,36.917887],[29.0978053,36.9432847],[29.0972928,36.951578],[29.099727,36.9593587],[29.1031861,36.9618155],[29.0998551,36.9683668],[29.1016487,36.9767598],[29.1177911,36.9701069],[29.1372645,36.9776809],[29.1436702,36.9827981],[29.1351883,36.9900257],[29.1279122,37.0054118],[29.1236844,37.0094018],[29.1222751,37.0168696],[29.1232281,37.0234121],[29.1187725,37.0242783],[29.1085253,37.0299746],[29.0980504,37.0317319],[29.0874236,37.0362764],[29.0769185,37.0354857],[29.0751266,37.0330847],[29.0778144,37.0313478],[29.0773024,37.0243486],[29.0703271,37.0233779],[29.0687913,37.0194948],[29.071799,37.0175021],[29.0665885,37.0153944],[29.0627416,37.0097677],[29.0569733,37.009356],[29.0536425,37.0044615],[29.0491012,37.0024376],[29.0425837,37.0030733],[29.0395096,36.996859],[29.0294306,36.9915156],[29.0278448,36.9792478],[29.0241542,36.975594],[29.0190255,36.9726013],[29.0161848,36.9733693],[29.0125854,36.9717042],[29.0101117,36.9672863],[29.004515,36.9644463],[29.0009151,36.965491],[28.998469,36.9624451],[28.998754,36.9600688],[28.9927491,36.9556542],[28.9928298,36.9511315],[28.9897226,36.9492306],[28.9886363,36.9462928],[28.9890779,36.9422787],[28.9798354,36.9381112],[28.9735461,36.9403054],[28.9661803,36.9383812],[28.9631086,36.9356353],[28.9631007,36.9322374],[28.9584802,36.9314898],[28.9513262,36.922529],[28.9410852,36.9211412],[28.9181219,36.9065178],[28.9166495,36.9036342],[28.905711,36.8952043],[28.8958453,36.8976564],[28.8926772,36.8965844],[28.8891931,36.8918608],[28.883704,36.891017],[28.8829325,36.8863565],[28.8790493,36.8883823],[28.8759076,36.8856073],[28.8623343,36.8874019],[28.8597798,36.8867515],[28.8576531,36.8792269],[28.8556538,36.8781289],[28.8457997,36.8799609]]],[[[28.8864021,36.6684875],[28.8884312,36.6682827],[28.8913877,36.663491],[28.8989852,36.6602783],[28.9021307,36.6525252],[28.9082157,36.6517694],[28.9087297,36.658331],[28.906587,36.6610414],[28.9082875,36.6624051],[28.9068066,36.6657188],[28.8999611,36.6669246],[28.8970451,36.6701857],[28.8944053,36.6700845],[28.8923168,36.6667577],[28.8895418,36.6685125],[28.8891569,36.6706813],[28.8864021,36.6684875]]]]}},{"type":"Feature","properties":{"code":"48-04","provinceCode":"48","name":"Datça"},"geometry":{"type":"Polygon","coordinates":[[[28.046472,36.799952],[28.042009,36.800634],[28.043234,36.79677],[28.04531,36.796751],[28.043847,36.794837],[28.038131,36.797328],[28.0352305,36.7967425],[28.0357862,36.7949662],[28.0321249,36.7956169],[28.0316159,36.7923259],[28.0330402,36.7927186],[28.033028,36.7902431],[28.0353683,36.7900579],[28.0321052,36.7870538],[28.0277366,36.7923503],[28.0251457,36.7931189],[28.02568,36.7905178],[28.024385,36.7902795],[28.0228522,36.7925902],[28.0226779,36.7888202],[28.020954,36.7895741],[28.020186,36.793116],[28.0169943,36.7923091],[28.0169943,36.7941257],[28.016152,36.790068],[28.011832,36.789462],[28.0122311,36.790963],[28.014409,36.79111],[28.012877,36.796004],[28.011283,36.796275],[28.0111732,36.7946488],[28.0069335,36.7921664],[28.0060595,36.7985534],[28.0007592,36.795397],[27.9984756,36.7979362],[27.9956077,36.796593],[27.9898489,36.7980653],[27.9924219,36.7997132],[27.991421,36.8009619],[27.9821995,36.7999159],[27.9816456,36.7974129],[27.9798087,36.7978902],[27.974235,36.7952894],[27.9687137,36.7952647],[27.9667012,36.7979152],[27.9594254,36.7985488],[27.9589681,36.8000334],[27.9560135,36.797387],[27.9436997,36.7978659],[27.940419,36.8014525],[27.937526,36.7985189],[27.9336969,36.7981228],[27.9316488,36.7995432],[27.9203518,36.7973846],[27.9116401,36.8067699],[27.9038491,36.810076],[27.902161,36.8073],[27.8962052,36.8081138],[27.8936419,36.8068944],[27.8939066,36.8104312],[27.888738,36.806887],[27.885865,36.807166],[27.8846329,36.808978],[27.8788393,36.8050974],[27.8579063,36.804152],[27.8469324,36.8066834],[27.8399621,36.8104878],[27.8277337,36.8131357],[27.81628,36.813316],[27.8087622,36.8095527],[27.8065736,36.8098706],[27.7920682,36.8015165],[27.7835924,36.8032046],[27.780791,36.795442],[27.7722735,36.7889558],[27.7595491,36.7898494],[27.74234,36.7850377],[27.7279848,36.7849432],[27.7253563,36.7859958],[27.7207811,36.7843092],[27.7131421,36.7871811],[27.6981161,36.7857291],[27.6908951,36.7868381],[27.6858051,36.7891801],[27.6815391,36.7944721],[27.6814261,36.7996111],[27.6760161,36.8020821],[27.6632381,36.8021541],[27.655498,36.80609],[27.6472,36.807163],[27.644036,36.810777],[27.640843,36.811051],[27.643821,36.804227],[27.642197,36.801153],[27.63341,36.800814],[27.630839,36.799029],[27.631173,36.800698],[27.628938,36.800967],[27.623957,36.797396],[27.622493,36.794064],[27.6276755,36.7911794],[27.6274127,36.7889798],[27.6245405,36.7871198],[27.6286638,36.7841052],[27.6284636,36.7823392],[27.6200984,36.7712445],[27.6185592,36.7703917],[27.61835,36.7718735],[27.6185393,36.7698543],[27.6163681,36.7687075],[27.6153287,36.7699652],[27.6186837,36.7726953],[27.6171255,36.7724543],[27.6148525,36.7697966],[27.6152871,36.7677977],[27.608836,36.76369],[27.6009673,36.7630662],[27.5971087,36.7655172],[27.581726,36.767936],[27.573232,36.763738],[27.5672417,36.7627593],[27.566368,36.763899],[27.562215,36.763662],[27.550687,36.759091],[27.54173,36.75682],[27.539501,36.757601],[27.536455,36.755945],[27.536282,36.753891],[27.5229115,36.7531957],[27.5204547,36.7514621],[27.5136554,36.7518132],[27.5123771,36.7505541],[27.5052023,36.7505581],[27.5036576,36.7494475],[27.5025179,36.7507754],[27.4978385,36.7510135],[27.4974095,36.7527056],[27.493435,36.752445],[27.488419,36.7546601],[27.4829935,36.7507699],[27.475918,36.750679],[27.47366,36.7525459],[27.475155,36.756463],[27.4732254,36.7571916],[27.4757842,36.7583513],[27.4644021,36.7626271],[27.4643703,36.7600129],[27.4625441,36.7602114],[27.461917,36.75857],[27.4569133,36.7584619],[27.452955,36.754751],[27.45468,36.749606],[27.4522449,36.7470523],[27.44715,36.744881],[27.4402757,36.7490445],[27.4321353,36.7491784],[27.4310999,36.7472588],[27.4279585,36.7486048],[27.4258501,36.7465764],[27.4271081,36.7442623],[27.424481,36.744322],[27.4237474,36.7371663],[27.4200025,36.7406967],[27.418833,36.733295],[27.416593,36.732275],[27.4175067,36.729875],[27.4241395,36.7267002],[27.4245603,36.7236735],[27.4210036,36.7216954],[27.423733,36.7201924],[27.4212209,36.7165946],[27.421917,36.713501],[27.4113386,36.7089044],[27.4070251,36.70437],[27.3955762,36.7007335],[27.3949719,36.7031146],[27.392755,36.704902],[27.3899812,36.7047898],[27.38873,36.7068677],[27.3860861,36.7035875],[27.3842097,36.7056875],[27.3827902,36.7030933],[27.3810198,36.706394],[27.3768159,36.7040315],[27.3720242,36.7053286],[27.3718442,36.707964],[27.367068,36.7076698],[27.3649224,36.7104233],[27.3615345,36.7091604],[27.3637473,36.7054221],[27.3614782,36.7041796],[27.3645158,36.7030074],[27.365849,36.699941],[27.3718775,36.697354],[27.372995,36.6937615],[27.3704761,36.6913247],[27.3734876,36.6902721],[27.3705498,36.6870686],[27.3724077,36.6856024],[27.3633774,36.6882848],[27.3625662,36.6862678],[27.3633021,36.6846896],[27.3741772,36.6805885],[27.3771044,36.6829945],[27.37454,36.6828047],[27.3729912,36.6848374],[27.3744504,36.6857293],[27.3853043,36.6847361],[27.3876872,36.6807182],[27.3890033,36.6819518],[27.3903142,36.6804],[27.390629,36.6824426],[27.3930847,36.680048],[27.3962465,36.6815162],[27.3971787,36.6801338],[27.4022237,36.6804137],[27.4051326,36.6774371],[27.4017027,36.6693667],[27.4030679,36.668272],[27.4065125,36.6689234],[27.4041347,36.665212],[27.4050977,36.6627864],[27.4100731,36.6638979],[27.4112337,36.6659953],[27.4136184,36.6637186],[27.4173654,36.6688938],[27.4235526,36.670577],[27.432192,36.6663631],[27.432189,36.6639973],[27.436362,36.6646264],[27.4382335,36.6622421],[27.4439705,36.6616867],[27.4478985,36.6632247],[27.4519859,36.660078],[27.4587434,36.6618569],[27.4589603,36.6590549],[27.4601798,36.6614809],[27.4683063,36.6617447],[27.4698427,36.6588927],[27.4672728,36.656978],[27.4702131,36.6572982],[27.4703924,36.6547125],[27.4683374,36.6524494],[27.4762821,36.6550088],[27.4771614,36.6473463],[27.4799144,36.6487587],[27.4802219,36.6524217],[27.4840103,36.6540274],[27.4839982,36.6568878],[27.486714,36.6587644],[27.4920447,36.658441],[27.4902666,36.6617082],[27.4991158,36.6632787],[27.4983955,36.6649321],[27.5040732,36.669382],[27.5026178,36.6684442],[27.502639,36.6697541],[27.5111664,36.6756943],[27.5160068,36.6766552],[27.5162565,36.6779565],[27.5242341,36.6777574],[27.5280817,36.6731213],[27.5301782,36.6731986],[27.5326668,36.6710027],[27.5348096,36.676025],[27.5376535,36.6758045],[27.537322,36.673984],[27.5427417,36.6740941],[27.5514919,36.6818195],[27.5545702,36.6819037],[27.5615971,36.6791587],[27.559811,36.6759703],[27.5605065,36.6722532],[27.5621795,36.675746],[27.5674995,36.6771158],[27.5742269,36.6851814],[27.5779034,36.6841099],[27.5775754,36.6823129],[27.581869,36.681225],[27.582973,36.679549],[27.5956972,36.6825047],[27.597817,36.681146],[27.597639,36.678578],[27.599571,36.681008],[27.606927,36.683413],[27.607229,36.681356],[27.612334,36.681458],[27.6155122,36.6795816],[27.6156926,36.6760301],[27.617698,36.674108],[27.620896,36.675247],[27.627564,36.671487],[27.629491,36.673146],[27.634261,36.671452],[27.634606,36.674533],[27.639396,36.675278],[27.644452,36.669599],[27.649544,36.668286],[27.647607,36.665471],[27.649846,36.666229],[27.651735,36.663393],[27.657156,36.663363],[27.65908,36.664637],[27.66002,36.662576],[27.667024,36.661253],[27.668919,36.659187],[27.67911,36.657588],[27.671475,36.659686],[27.675064,36.6643007],[27.673598,36.665583],[27.673797,36.66995],[27.6715905,36.6701139],[27.6732857,36.6722975],[27.6718802,36.6734958],[27.6733822,36.6746746],[27.6722343,36.6756492],[27.673403,36.679715],[27.6715315,36.6829651],[27.6749138,36.6856538],[27.6741111,36.6876514],[27.6775229,36.6886193],[27.675402,36.689467],[27.677185,36.6904174],[27.6751894,36.6933984],[27.679614,36.696894],[27.6787406,36.6981835],[27.6758063,36.6981986],[27.6756889,36.7007578],[27.6809505,36.7044508],[27.6857306,36.701815],[27.6908872,36.7026268],[27.6924053,36.70845],[27.696175,36.711185],[27.6957085,36.7179946],[27.6876002,36.7192643],[27.6870686,36.7215453],[27.6916847,36.7229478],[27.686833,36.7237242],[27.6865071,36.7256231],[27.688214,36.7258948],[27.6912298,36.7311257],[27.6965111,36.7318302],[27.7007197,36.7342757],[27.7011909,36.7401926],[27.708651,36.749392],[27.7176634,36.7569255],[27.7252443,36.7606045],[27.737839,36.763473],[27.7517713,36.763515],[27.771337,36.760435],[27.7754052,36.757784],[27.779301,36.758584],[27.7805156,36.7556809],[27.787917,36.7578679],[27.7905325,36.7606742],[27.7933526,36.7594965],[27.7928971,36.7565356],[27.7957108,36.7553154],[27.799725,36.75755],[27.8038471,36.7637186],[27.8077416,36.7642468],[27.8096025,36.762366],[27.8110691,36.76361],[27.821163,36.7619],[27.833874,36.756159],[27.836574,36.7532647],[27.8344658,36.7511865],[27.8368513,36.7478707],[27.8364755,36.7450909],[27.849113,36.748344],[27.856747,36.745849],[27.856092,36.744312],[27.858299,36.741855],[27.861179,36.742477],[27.86025,36.745053],[27.866005,36.745782],[27.867263,36.744102],[27.871098,36.74446],[27.868582,36.747818],[27.87115,36.749084],[27.871519,36.753449],[27.8760369,36.7576619],[27.8830155,36.7581731],[27.8888158,36.755456],[27.8892125,36.7518465],[27.8850017,36.7504112],[27.8870774,36.74708],[27.891208,36.744311],[27.8915,36.741997],[27.897875,36.741178],[27.89789,36.742463],[27.899486,36.742451],[27.8972059,36.7454241],[27.8986587,36.7474857],[27.8952329,36.7477261],[27.8912483,36.7521924],[27.8942233,36.7563919],[27.9110945,36.7556018],[27.91524,36.751836],[27.919428,36.755015],[27.921176,36.75436],[27.919533,36.750519],[27.925375,36.745078],[27.92504,36.743796],[27.920408,36.743575],[27.923423,36.74201],[27.927916,36.744031],[27.932053,36.742971],[27.933674,36.745013],[27.937192,36.7455],[27.936907,36.748328],[27.939635,36.749591],[27.93855,36.752168],[27.942697,36.751879],[27.943639,36.750587],[27.943357,36.753672],[27.94782,36.753123],[27.94722,36.75621],[27.950738,36.756696],[27.951421,36.760288],[27.954607,36.759748],[27.955263,36.761155],[27.959394,36.759581],[27.966755,36.760935],[27.967859,36.759898],[27.965592,36.757347],[27.96617,36.752461],[27.962176,36.752237],[27.965029,36.750543],[27.966647,36.752329],[27.9692,36.75218],[27.968577,36.753469],[27.973079,36.756002],[27.975713,36.762274],[27.978268,36.762382],[27.97949,36.758004],[27.98395,36.757197],[27.988451,36.7596],[27.99323,36.758789],[27.998366,36.760931],[27.999952,36.760146],[27.999969,36.761431],[28.00768,36.76509],[28.010858,36.763908],[28.011751,36.759019],[28.015905,36.75924],[28.0169,36.762058],[28.019789,36.763189],[28.021054,36.762279],[28.022722,36.76766],[28.031006,36.766304],[28.030392,36.768108],[28.032665,36.770914],[28.0351425,36.7710677],[28.0387483,36.7749428],[28.038683,36.7783842],[28.0413153,36.7830015],[28.0455167,36.7853283],[28.0488134,36.7860767],[28.04896,36.7848242],[28.050377,36.7872894],[28.046472,36.799952]]]}},{"type":"Feature","properties":{"code":"48-05","provinceCode":"48","name":"Fethiye"},"geometry":{"type":"MultiPolygon","coordinates":[[[[29.2685817,36.9132776],[29.2560265,36.9173748],[29.2330941,36.91717],[29.2084961,36.9095899],[29.2049089,36.8966816],[29.1999124,36.8880749],[29.1938911,36.8823365],[29.1889287,36.869258],[29.1793454,36.8621808],[29.0538372,36.8380485],[29.0094184,36.8252934],[28.9650182,36.807002],[28.9432429,36.8048029],[28.9278106,36.7996073],[28.9126357,36.7804986],[28.8966454,36.7747857],[28.8872298,36.7680204],[28.8838052,36.7484224],[28.8827752,36.7145784],[28.8841849,36.7005112],[28.889137,36.6996249],[28.8923992,36.7005743],[28.9000325,36.6978601],[28.9014263,36.6989643],[28.8971899,36.7012016],[28.8977398,36.7025855],[28.9019089,36.704281],[28.9062181,36.7033061],[28.9056247,36.7049128],[28.9083283,36.705296],[28.9089436,36.7079034],[28.9062646,36.707387],[28.90545,36.7090209],[28.9022006,36.7079338],[28.8987316,36.7105548],[28.8922083,36.7086658],[28.8913383,36.7095099],[28.8932958,36.7098032],[28.89349,36.7123356],[28.8983955,36.7139789],[28.9019446,36.7140755],[28.902815,36.7124562],[28.9049173,36.7139847],[28.9096112,36.7133829],[28.9099631,36.7175139],[28.9139668,36.7236324],[28.9093843,36.7225184],[28.9084195,36.7234267],[28.9134993,36.7275307],[28.9139824,36.7297591],[28.9155069,36.7302409],[28.9196874,36.7279215],[28.9224772,36.7304769],[28.918349,36.7320328],[28.919424,36.7332074],[28.9300292,36.7351302],[28.926997,36.7361879],[28.9283144,36.7379325],[28.9241645,36.7414163],[28.9253932,36.7455184],[28.9307298,36.7464068],[28.9304009,36.7508867],[28.9253174,36.7478062],[28.9244988,36.7500511],[28.9196015,36.7518916],[28.925887,36.7520591],[28.929046,36.7555826],[28.9311929,36.7547533],[28.9369553,36.7559956],[28.9391429,36.7550902],[28.9376232,36.7539361],[28.9394967,36.7549043],[28.9414041,36.7538035],[28.9399971,36.7529408],[28.9416068,36.7528626],[28.9402598,36.751999],[28.9420561,36.7520503],[28.9418176,36.750597],[28.9439639,36.7505055],[28.9425993,36.7452603],[28.9488049,36.7411783],[28.9494455,36.7372459],[28.957434,36.733603],[28.9585135,36.7318071],[28.960293,36.733042],[28.9647813,36.722402],[28.9662404,36.7249159],[28.9648113,36.7296733],[28.9712481,36.7314064],[28.9739989,36.7268516],[28.9774289,36.7269079],[28.9795463,36.7250883],[28.9788714,36.7218837],[28.9808333,36.7194388],[28.9861822,36.7203211],[28.9880144,36.7192998],[28.9872415,36.7173413],[28.9922318,36.7116525],[28.9956349,36.7103963],[28.9961891,36.7083481],[29.000193,36.708745],[28.997914,36.71315],[28.9994,36.715052],[29.0088187,36.7103793],[29.0197692,36.7159014],[29.0219465,36.7118207],[29.01853,36.708436],[29.0140237,36.7069592],[29.0156301,36.7030921],[29.0201742,36.7015094],[29.0192601,36.7032282],[29.0221232,36.7041768],[29.0235527,36.7075824],[29.0264503,36.7040227],[29.0281538,36.7040738],[29.0281038,36.7058913],[29.0306556,36.7055489],[29.0298001,36.7078639],[29.0330957,36.7083315],[29.0348071,36.7059413],[29.0318363,36.7033601],[29.0336713,36.7029571],[29.0333743,36.6951327],[29.0347737,36.6966405],[29.0366522,36.696122],[29.0531259,36.6830697],[29.0643083,36.6799208],[29.0730595,36.6818839],[29.0833441,36.6777412],[29.0893542,36.6796941],[29.0959487,36.6764948],[29.1030272,36.6702694],[29.1095302,36.6596144],[29.1100676,36.6525308],[29.1163588,36.6542851],[29.1140297,36.6531368],[29.1171095,36.6536265],[29.1219977,36.6477409],[29.1214187,36.6357312],[29.1157052,36.6253277],[29.1065879,36.621705],[29.1013505,36.6229998],[29.0961817,36.620849],[29.0885085,36.620361],[29.0883984,36.6248911],[29.0912353,36.6258295],[29.0929743,36.631498],[29.1006817,36.6310552],[29.0999615,36.6329167],[29.1017166,36.6342741],[29.0983081,36.6367379],[29.1014289,36.6411162],[29.0985939,36.6404928],[29.0968808,36.6379946],[29.0939245,36.641072],[29.0939268,36.6433092],[29.0910273,36.6436697],[29.0910562,36.644716],[29.0860007,36.6419578],[29.0844028,36.6440806],[29.077436,36.6458921],[29.0775005,36.643571],[29.0749998,36.6438814],[29.0736833,36.6421191],[29.076506,36.639879],[29.0769393,36.6340668],[29.0793002,36.6320983],[29.0776497,36.6277091],[29.073877,36.6280525],[29.0796825,36.6216534],[29.0774901,36.6202615],[29.0724282,36.6215034],[29.0720275,36.6189232],[29.0759281,36.6166431],[29.0753286,36.6140984],[29.0678775,36.6145119],[29.0666024,36.6164039],[29.0625544,36.6159001],[29.061694,36.6182454],[29.053334,36.6133447],[29.0449398,36.6215198],[29.0438203,36.6191978],[29.0433729,36.6202118],[29.0415066,36.6187759],[29.0407127,36.6195815],[29.035264,36.6131491],[29.0368326,36.6094774],[29.0314102,36.60813],[29.0313232,36.6028916],[29.0292853,36.6033819],[29.0278251,36.6011301],[29.0304803,36.5984845],[29.0301828,36.5966409],[29.0285708,36.5968999],[29.0300626,36.5915002],[29.0283173,36.5900213],[29.0292189,36.5884107],[29.027047,36.589226],[29.0228547,36.5875156],[29.024227,36.5840619],[29.0231321,36.5824653],[29.0345296,36.5786152],[29.0327253,36.5748622],[29.0341527,36.5717952],[29.0307171,36.5692063],[29.0363645,36.5670302],[29.0403296,36.5683804],[29.0424343,36.5656596],[29.0464292,36.5657908],[29.0443878,36.5614119],[29.0474264,36.5586459],[29.0406187,36.5566703],[29.0367496,36.5533093],[29.0325466,36.5532193],[29.0263148,36.5469603],[29.0184358,36.54697],[29.015812,36.5489631],[29.0149988,36.54772],[29.0111603,36.5478773],[29.0113073,36.5457572],[29.0085945,36.5440133],[29.0108473,36.5447541],[29.0118907,36.5424049],[29.0141577,36.5437924],[29.016643,36.5413309],[29.0224301,36.5410291],[29.0266728,36.5385104],[29.0281419,36.5399325],[29.030492,36.538305],[29.0319345,36.5391597],[29.0311047,36.5412436],[29.0340983,36.5429076],[29.0340832,36.5444175],[29.0377678,36.5394267],[29.0390697,36.5400986],[29.0404503,36.5385929],[29.0470201,36.5414308],[29.0527276,36.539136],[29.0540729,36.539968],[29.0509586,36.5399073],[29.051358,36.5414763],[29.054455,36.5440437],[29.0571822,36.5434968],[29.0508594,36.5470947],[29.0526685,36.548458],[29.0490092,36.5589457],[29.0603679,36.5564562],[29.059576,36.5575383],[29.0611957,36.5588595],[29.0671753,36.5568638],[29.0772108,36.5579338],[29.0785602,36.5594208],[29.0811099,36.5581901],[29.0835779,36.5617845],[29.0820416,36.5639878],[29.0839759,36.5634922],[29.0856892,36.5659491],[29.0882754,36.5664233],[29.0906028,36.5638679],[29.0890763,36.5630363],[29.0912076,36.559795],[29.0900435,36.5568309],[29.0947299,36.5546606],[29.0942551,36.5524915],[29.0965163,36.5510184],[29.0937074,36.548056],[29.0975036,36.5456877],[29.1023243,36.5454765],[29.1056218,36.5474212],[29.1109892,36.5435037],[29.1097819,36.5466914],[29.1126704,36.5477949],[29.1083003,36.5496766],[29.1074111,36.5524368],[29.1035123,36.5535337],[29.1047136,36.5554343],[29.1113242,36.5549316],[29.1177159,36.5513514],[29.1109499,36.5501374],[29.1106425,36.5490458],[29.1180645,36.5485076],[29.1266467,36.5408343],[29.1255155,36.5373803],[29.1274236,36.5282195],[29.1250514,36.5250815],[29.1264216,36.5207399],[29.1236261,36.5199912],[29.1244307,36.5167472],[29.1227276,36.5160203],[29.1222807,36.5101791],[29.1186976,36.5052037],[29.1267986,36.4981907],[29.1259417,36.4960808],[29.1218294,36.495135],[29.1188569,36.4974999],[29.1153347,36.4967746],[29.111566,36.4849901],[29.1009902,36.474872],[29.1029949,36.474857],[29.1038374,36.469208],[29.1120847,36.4674271],[29.1135505,36.4641535],[29.1151276,36.4639264],[29.1140894,36.4627484],[29.1244085,36.4619411],[29.1255281,36.4603101],[29.1244094,36.4582482],[29.1202914,36.4549424],[29.1244429,36.4499718],[29.1213263,36.4422077],[29.12748,36.4461112],[29.129916,36.4448296],[29.1287694,36.4430835],[29.1315403,36.439797],[29.1497664,36.4343941],[29.1688423,36.4344804],[29.2053847,36.4434569],[29.2292242,36.4452003],[29.2449741,36.4554872],[29.2343755,36.5054501],[29.2402068,36.533994],[29.2857968,36.5761516],[29.3027606,36.6080739],[29.2995799,36.7169358],[29.2807172,36.8038729],[29.2685817,36.9132776]]],[[[28.904502,36.6686242],[28.9064531,36.6678367],[28.905835,36.6693588],[28.904502,36.6686242]]],[[[28.9092821,36.6713833],[28.9127137,36.6562862],[28.9161578,36.6547341],[28.923091,36.6621014],[28.923399,36.6645881],[28.9262379,36.6645244],[28.9264159,36.6708124],[28.9296792,36.6715455],[28.9327401,36.6690546],[28.9394372,36.6746904],[28.9345442,36.6762897],[28.930776,36.675854],[28.9239595,36.6788207],[28.9195748,36.676899],[28.919422,36.6800329],[28.9154305,36.6820936],[28.91309,36.6815622],[28.9121162,36.6792076],[28.9177209,36.6754173],[28.9139349,36.6743401],[28.9118442,36.6774914],[28.9092821,36.6713833]]],[[[28.9236385,36.6985067],[28.9262185,36.6932335],[28.9299342,36.6966286],[28.929556,36.6993794],[28.9244171,36.6998826],[28.9236385,36.6985067]]],[[[28.9299084,36.7093398],[28.9328921,36.707912],[28.9312784,36.7103591],[28.9330015,36.7119838],[28.9299084,36.7093398]]],[[[28.930778,36.6965546],[28.9328851,36.694231],[28.9339752,36.6955825],[28.932634,36.6975697],[28.930778,36.6965546]]],[[[28.9335456,36.7238215],[28.9360687,36.7189613],[28.9385008,36.7188965],[28.9391927,36.7174901],[28.9446114,36.7227371],[28.9445248,36.7252364],[28.9493216,36.7250148],[28.9504883,36.7261251],[28.9450202,36.7283587],[28.9458443,36.7317544],[28.9436085,36.7322755],[28.9397393,36.7368442],[28.936338,36.7341803],[28.9372955,36.7316709],[28.9351881,36.730503],[28.9367739,36.7230936],[28.9335456,36.7238215]]],[[[29.0409904,36.6613016],[29.0437091,36.658835],[29.0434611,36.6521958],[29.04519,36.6545393],[29.0473197,36.6536428],[29.0482349,36.6556104],[29.0528156,36.6568381],[29.0518162,36.65796],[29.0538463,36.6609582],[29.0498713,36.6606051],[29.0460375,36.6649179],[29.0441698,36.6615],[29.0409904,36.6613016]]],[[[29.0976596,36.6472958],[29.0987271,36.6459981],[29.0995758,36.6491669],[29.1069505,36.6534963],[29.1021994,36.6511849],[29.0980568,36.6521678],[29.0991808,36.6502321],[29.0976596,36.6472958]]]]}},{"type":"Feature","properties":{"code":"48-06","provinceCode":"48","name":"Kavaklıdere"},"geometry":{"type":"Polygon","coordinates":[[[28.2635957,37.6003228],[28.2572745,37.6006888],[28.2505293,37.5916079],[28.2487053,37.5741314],[28.2527238,37.5628832],[28.2494032,37.5447885],[28.2506736,37.5441656],[28.2485549,37.5423138],[28.2509911,37.5365446],[28.2492862,37.5349806],[28.2479824,37.535988],[28.245542,37.5352722],[28.2468124,37.5341853],[28.2428342,37.5329393],[28.2415638,37.5291218],[28.2229761,37.5299715],[28.2321158,37.5073555],[28.2250182,37.4996074],[28.2310768,37.4938031],[28.2425894,37.4855088],[28.2557274,37.4828583],[28.294028,37.4793241],[28.3018218,37.4752597],[28.306498,37.4696044],[28.3087248,37.4602369],[28.3087248,37.4423823],[28.3078341,37.421694],[28.3036032,37.4078987],[28.3036032,37.3964006],[28.3078341,37.3843699],[28.3160732,37.3774691],[28.3735008,37.3670547],[28.4100403,37.3543004],[28.4475215,37.357182],[28.4847997,37.3690431],[28.4860177,37.3811193],[28.4801023,37.4000209],[28.4955306,37.4089017],[28.5005054,37.4172694],[28.4925056,37.4416731],[28.4955092,37.4571592],[28.5075194,37.4687827],[28.4975653,37.4752828],[28.4930181,37.4831187],[28.4781405,37.482864],[28.4701795,37.4919604],[28.4695427,37.4947396],[28.4634923,37.4967608],[28.4634492,37.5035056],[28.4669951,37.5091394],[28.4580756,37.5117706],[28.4512048,37.5073757],[28.4201613,37.5081005],[28.411445,37.5130982],[28.402108,37.5149576],[28.4002939,37.5171139],[28.3907228,37.5146422],[28.3891648,37.5163194],[28.3835291,37.5131527],[28.3751421,37.5156132],[28.3731388,37.5143774],[28.3677968,37.5173787],[28.3685981,37.5199386],[28.3631671,37.5212802],[28.3633892,37.5196995],[28.357469,37.5226219],[28.3564896,37.5259407],[28.3503659,37.5261496],[28.3461618,37.530389],[28.3426895,37.5291887],[28.3325383,37.5309633],[28.3185423,37.5292174],[28.2980031,37.5122163],[28.2893568,37.509407],[28.2808116,37.5120998],[28.2779246,37.5149072],[28.2780469,37.542279],[28.2825881,37.5480466],[28.2891183,37.5673103],[28.2882903,37.5749985],[28.2749354,37.5910148],[28.2694504,37.5926004],[28.2635957,37.6003228]]]}},{"type":"Feature","properties":{"code":"48-07","provinceCode":"48","name":"Köyceğiz"},"geometry":{"type":"Polygon","coordinates":[[[28.4181493,36.947451],[28.4107055,36.9221084],[28.4037931,36.8868737],[28.403573,36.867177],[28.407847,36.864943],[28.408285,36.862626],[28.40585,36.8606],[28.40749,36.854158],[28.411676,36.855778],[28.4198624,36.8556814],[28.4215505,36.8581827],[28.4256795,36.8579366],[28.4273759,36.8603231],[28.4328651,36.8588995],[28.4387513,36.863548],[28.4388203,36.8663773],[28.4440308,36.8657547],[28.4452153,36.8702179],[28.4434168,36.8738708],[28.4461947,36.8778846],[28.4456343,36.8800782],[28.4548635,36.8798111],[28.458915,36.877172],[28.459361,36.875368],[28.460635,36.875096],[28.460398,36.879466],[28.461448,36.875856],[28.460789,36.874837],[28.458628,36.8737296],[28.459327,36.8722899],[28.460296,36.874072],[28.462204,36.873535],[28.462789,36.870702],[28.461179,36.870079],[28.459447,36.8721068],[28.4566372,36.8719925],[28.4541216,36.869518],[28.455919,36.8673908],[28.4609433,36.8682146],[28.464742,36.8664491],[28.4679909,36.866778],[28.4691628,36.8654889],[28.4677165,36.8631466],[28.4696657,36.8618995],[28.4673581,36.859995],[28.4683217,36.8558775],[28.46583,36.8520526],[28.4552545,36.8522483],[28.4513775,36.8472585],[28.4512514,36.8442174],[28.4568148,36.8400541],[28.45607,36.836746],[28.4502888,36.8369031],[28.4505564,36.8318],[28.455447,36.829175],[28.451671,36.823827],[28.457087,36.82299],[28.45669,36.818884],[28.459995,36.816275],[28.461355,36.812148],[28.4633556,36.8116361],[28.4716445,36.8156214],[28.4753015,36.8141629],[28.4780951,36.8156467],[28.4832259,36.8144779],[28.48289,36.8163769],[28.4861563,36.8173461],[28.4900677,36.8163316],[28.4960822,36.8187377],[28.4989582,36.8178155],[28.5026234,36.8139853],[28.5025096,36.8113869],[28.4994473,36.8109605],[28.4994025,36.8075501],[28.4965037,36.8076228],[28.4951344,36.8027985],[28.490594,36.8030778],[28.4885656,36.800634],[28.498783,36.798194],[28.4987661,36.7945642],[28.5021316,36.7909712],[28.507652,36.794358],[28.510627,36.799458],[28.517357,36.800528],[28.519265,36.800119],[28.521589,36.796492],[28.519128,36.793184],[28.521653,36.79161],[28.520649,36.789311],[28.5296,36.78971],[28.530198,36.787647],[28.533363,36.786193],[28.537511,36.786012],[28.538186,36.787801],[28.540086,36.787006],[28.541853,36.795461],[28.539931,36.795229],[28.539962,36.796769],[28.536102,36.795406],[28.533948,36.799544],[28.529,36.799737],[28.530694,36.804596],[28.5284499,36.8065983],[28.5328694,36.8105088],[28.537893,36.8110003],[28.5404791,36.8127576],[28.5434484,36.8110704],[28.5488744,36.8144697],[28.5492956,36.8162671],[28.5454177,36.8192605],[28.547497,36.821975],[28.5500384,36.8220411],[28.5500101,36.8272792],[28.5483783,36.8294583],[28.5541521,36.8315071],[28.5587921,36.8316335],[28.5597381,36.8282654],[28.5652977,36.8261455],[28.5661693,36.8227438],[28.5632984,36.8221174],[28.5628896,36.8197868],[28.5649706,36.8202209],[28.5715552,36.8162163],[28.5764443,36.8181781],[28.5780698,36.8165614],[28.582555,36.8172665],[28.587953,36.815919],[28.5937642,36.8103205],[28.5939384,36.8074116],[28.5962479,36.8067702],[28.5941869,36.799116],[28.5978291,36.7993089],[28.5986482,36.8010974],[28.6021867,36.8021525],[28.6034019,36.8029939],[28.6138254,36.7978271],[28.6201806,36.7970033],[28.6221302,36.7996345],[28.619633,36.8051421],[28.620553,36.8075976],[28.6167343,36.8104395],[28.6176403,36.8184036],[28.6262301,36.8216238],[28.6277937,36.8183168],[28.6266753,36.8160044],[28.6317566,36.8138826],[28.6365548,36.8190731],[28.6313515,36.8268261],[28.6339805,36.8297001],[28.6366968,36.8291262],[28.6383046,36.8309546],[28.6366369,36.8320705],[28.6412065,36.8354553],[28.637373,36.8368579],[28.6326633,36.8416615],[28.631568,36.8469557],[28.6335176,36.8496553],[28.6335958,36.8616139],[28.6296528,36.8908426],[28.63123,36.8983407],[28.6392913,36.905838],[28.6547129,36.9093412],[28.6674183,36.9086406],[28.6939221,36.893354],[28.7040864,36.8909713],[28.7175803,36.8841032],[28.7612166,36.8927933],[28.7839986,36.8899902],[28.7987192,36.883122],[28.809234,36.880669],[28.8250061,36.8803185],[28.8354333,36.8841733],[28.8419174,36.882649],[28.8457997,36.8799609],[28.8556538,36.8781289],[28.8576531,36.8792269],[28.8597798,36.8867515],[28.8623343,36.8874019],[28.8759076,36.8856073],[28.8790493,36.8883823],[28.8829325,36.8863565],[28.883704,36.891017],[28.8891931,36.8918608],[28.8926772,36.8965844],[28.8958453,36.8976564],[28.905711,36.8952043],[28.9166495,36.9036342],[28.9181219,36.9065178],[28.9410852,36.9211412],[28.9513262,36.922529],[28.9584802,36.9314898],[28.9631007,36.9322374],[28.9631086,36.9356353],[28.9661803,36.9383812],[28.9735461,36.9403054],[28.9798354,36.9381112],[28.9890779,36.9422787],[28.9886363,36.9462928],[28.9897226,36.9492306],[28.9928298,36.9511315],[28.9927491,36.9556542],[28.998754,36.9600688],[28.998469,36.9624451],[29.0009151,36.965491],[29.004515,36.9644463],[29.0101117,36.9672863],[29.0125854,36.9717042],[29.0161848,36.9733693],[29.0190255,36.9726013],[29.0241542,36.975594],[29.0278448,36.9792478],[29.0294306,36.9915156],[29.0395096,36.996859],[29.0425837,37.0030733],[29.0491012,37.0024376],[29.0536425,37.0044615],[29.0569733,37.009356],[29.0627416,37.0097677],[29.0665885,37.0153944],[29.071799,37.0175021],[29.0687913,37.0194948],[29.0703271,37.0233779],[29.0773024,37.0243486],[29.0778144,37.0313478],[29.0751266,37.0330847],[29.0769185,37.0354857],[29.0874236,37.0362764],[29.0898526,37.0487573],[29.0764149,37.050976],[29.065296,37.0503844],[29.0596624,37.0548805],[29.0534358,37.0541706],[29.0516844,37.0565589],[29.0393518,37.0626889],[29.0126549,37.0702745],[29.013579,37.0730045],[29.0075185,37.0748377],[29.0068026,37.0781719],[29.0011916,37.0808816],[29.0009086,37.084541],[28.9965131,37.0884458],[28.9968877,37.0922974],[28.9913517,37.094243],[28.9859239,37.0998804],[28.9797801,37.0989176],[28.9740943,37.1015801],[28.9739777,37.1103439],[28.9719714,37.115615],[28.9667851,37.1181043],[28.9626726,37.123793],[28.9583848,37.1254446],[28.9482331,37.1382659],[28.9420819,37.1426036],[28.9361673,37.1420378],[28.924338,37.1458095],[28.9080136,37.1443009],[28.9094331,37.1461867],[28.9058843,37.1495811],[28.9018624,37.1495811],[28.897154,37.1442071],[28.8951156,37.1459797],[28.890668,37.142139],[28.8739895,37.1428776],[28.872507,37.1456843],[28.8424858,37.1384458],[28.8341466,37.1400708],[28.8313669,37.1449457],[28.8335907,37.1490816],[28.8319228,37.1523312],[28.8352585,37.156319],[28.8274753,37.1603067],[28.8298844,37.1634081],[28.8282165,37.167543],[28.8189507,37.175517],[28.8178388,37.178913],[28.8011604,37.1790607],[28.7968981,37.183933],[28.7928212,37.1857046],[28.7911533,37.189986],[28.7848526,37.1963338],[28.7390614,37.1718599],[28.708459,37.153624],[28.6894358,37.1468119],[28.6690342,37.1338452],[28.6535951,37.1151604],[28.6553008,37.1011972],[28.6450485,37.0966909],[28.6341688,37.0846685],[28.6323509,37.0869281],[28.6282689,37.0864189],[28.6265023,37.0892403],[28.6213744,37.0889052],[28.6152921,37.0934305],[28.6074899,37.096112],[28.595778,37.1058193],[28.5908594,37.1069128],[28.5812442,37.1019378],[28.5719969,37.0856785],[28.5617878,37.0447764],[28.542489,37.0337729],[28.4848682,36.9807142],[28.447649,36.970142],[28.4322099,36.9611105],[28.4181493,36.947451]]]}},{"type":"Feature","properties":{"code":"48-08","provinceCode":"48","name":"Marmaris"},"geometry":{"type":"MultiPolygon","coordinates":[[[[28.4181493,36.947451],[28.4057429,36.9690407],[28.3751405,36.9932667],[28.3434352,37.0095598],[28.3252392,37.0168246],[28.3197158,37.0227137],[28.3103367,37.0250833],[28.3058136,37.0212071],[28.2996979,37.0230457],[28.297764,37.0214805],[28.2925441,37.0215117],[28.290388,37.019001],[28.281723,37.018067],[28.2794618,37.0194328],[28.2676573,37.0159165],[28.26904,37.0134227],[28.2659506,37.0111125],[28.261091,37.010324],[28.2600542,37.0087411],[28.2564688,37.0089634],[28.255914,37.007169],[28.2534537,37.006616],[28.254447,37.005643],[28.2507554,37.0055986],[28.2507715,37.0038979],[28.2450041,37.0029665],[28.2456565,37.0009911],[28.247298,37.0001321],[28.2491657,37.0014262],[28.248363,36.9995496],[28.2572562,36.9955436],[28.2566137,36.99304],[28.2500573,36.9889085],[28.2425559,36.9922788],[28.2327902,36.9916354],[28.2229381,36.9968613],[28.2212,36.999695],[28.2185198,36.9974942],[28.2151105,36.9986291],[28.2161713,36.9954886],[28.2141182,36.9953847],[28.2129765,36.9924952],[28.2152617,36.9912912],[28.2130837,36.9899993],[28.2155406,36.9890085],[28.2150131,36.985261],[28.2107713,36.983588],[28.2055011,36.9842725],[28.202333,36.9826618],[28.2005069,36.9837861],[28.1965291,36.982432],[28.2059872,36.981074],[28.208353,36.9791987],[28.2162353,36.9774824],[28.2142746,36.9747333],[28.2126787,36.9751811],[28.2040849,36.9695817],[28.2007719,36.9692347],[28.206626,36.959126],[28.2053907,36.9521924],[28.2023064,36.9487983],[28.1928961,36.9482312],[28.1936003,36.9428266],[28.1894977,36.9399023],[28.189213,36.9413673],[28.185037,36.9422957],[28.1875518,36.9478018],[28.1845893,36.9486744],[28.1817168,36.9471928],[28.179929,36.9488222],[28.179397,36.947454],[28.1776281,36.9476341],[28.1744647,36.9519305],[28.1734581,36.9492889],[28.1755623,36.9457611],[28.1720164,36.9458061],[28.171753,36.9503432],[28.168863,36.949356],[28.1685013,36.9512192],[28.1644772,36.9486625],[28.1626628,36.9494642],[28.1581352,36.9450328],[28.160502,36.9422691],[28.1674371,36.9424276],[28.1708165,36.939709],[28.1698776,36.9376287],[28.1646673,36.9386016],[28.1604792,36.9335093],[28.1661298,36.9362048],[28.1679446,36.9356229],[28.1656976,36.9315787],[28.169568,36.9312498],[28.1685138,36.9299026],[28.1701225,36.929491],[28.1701292,36.9276677],[28.1729103,36.9267059],[28.1694787,36.9234647],[28.170002,36.9217576],[28.1669528,36.9214981],[28.1663499,36.9195394],[28.171963,36.921838],[28.173064,36.920671],[28.1672992,36.914702],[28.1678004,36.9134758],[28.1644436,36.913341],[28.168101,36.90993],[28.1679556,36.9076529],[28.1655605,36.9080172],[28.1632838,36.9057375],[28.1596119,36.907669],[28.160439,36.911033],[28.1588102,36.9121665],[28.15887,36.9148933],[28.1616688,36.9169895],[28.1551681,36.9230852],[28.1572327,36.9248135],[28.1579182,36.921343],[28.1595879,36.9212536],[28.1584416,36.9238298],[28.160942,36.923102],[28.15923,36.926202],[28.1510477,36.9270286],[28.1485763,36.92868],[28.1506374,36.9230321],[28.1458031,36.9188859],[28.1438092,36.9235486],[28.1398975,36.9253146],[28.1384829,36.9281997],[28.1389829,36.9348417],[28.1362794,36.9329723],[28.136727,36.930016],[28.1344117,36.9293568],[28.1294733,36.9340057],[28.1248075,36.9349959],[28.125697,36.9359575],[28.123821,36.9380303],[28.1214037,36.9371012],[28.1221091,36.934142],[28.1173306,36.9322532],[28.1098896,36.9338061],[28.112341,36.936412],[28.0965329,36.9408201],[28.096676,36.937586],[28.099701,36.93653],[28.09934,36.933708],[28.0924487,36.9306105],[28.091468,36.931468],[28.097577,36.933467],[28.097599,36.935008],[28.092807,36.935566],[28.089022,36.939455],[28.08326,36.939378],[28.080405,36.941203],[28.075904,36.939702],[28.07434,36.942285],[28.072422,36.942432],[28.071747,36.939997],[28.068846,36.938481],[28.065651,36.938896],[28.064818,36.936591],[28.061118,36.935083],[28.046734,36.936366],[28.043529,36.93601],[28.043192,36.934728],[28.053065,36.931301],[28.069071,36.931672],[28.07258,36.930869],[28.072543,36.928301],[28.0703,36.928064],[28.068407,36.930043],[28.06551,36.928749],[28.060718,36.929306],[28.0588969,36.9280441],[28.05971,36.925847],[28.0548409,36.9265838],[28.053931,36.924485],[28.050748,36.92567],[28.051199,36.923611],[28.049424,36.92247],[28.041406,36.921128],[28.039836,36.923325],[28.036329,36.924255],[28.037583,36.922317],[28.034697,36.921828],[28.032156,36.923264],[28.032772,36.92146],[28.030854,36.921605],[28.028953,36.923035],[28.030581,36.925076],[28.020986,36.925416],[28.021607,36.923997],[28.027041,36.923565],[28.02574,36.922035],[28.026999,36.920483],[28.023803,36.920767],[28.023146,36.919488],[28.029526,36.91802],[28.032741,36.919148],[28.035279,36.917585],[28.035293,36.918612],[28.039448,36.918319],[28.038457,36.916016],[28.040839,36.91471],[28.040936,36.910085],[28.044139,36.910314],[28.043155,36.908524],[28.03932,36.908815],[28.035766,36.906277],[28.031936,36.906952],[28.031316,36.908371],[28.026186,36.907516],[28.025207,36.906111],[28.014978,36.906713],[28.015124,36.905684],[28.016545,36.904259],[28.019436,36.905134],[28.021654,36.903573],[28.026772,36.903529],[28.028639,36.899659],[28.031814,36.897833],[28.05132,36.897405],[28.05127,36.893809],[28.049678,36.894337],[28.049011,36.892288],[28.045169,36.892065],[28.041098,36.886705],[28.0409,36.883881],[28.042821,36.883992],[28.0427366,36.8824011],[28.0456334,36.8814142],[28.0480581,36.8821437],[28.0512071,36.8798394],[28.0542558,36.8799035],[28.0585114,36.8839147],[28.0571167,36.880231],[28.059226,36.879352],[28.0548011,36.8769627],[28.0541727,36.8748343],[28.0563638,36.8717355],[28.049046,36.871478],[28.047781,36.872517],[28.046463,36.869703],[28.051234,36.867862],[28.059241,36.868819],[28.054421,36.867063],[28.05376,36.865528],[28.048329,36.865833],[28.046442,36.868161],[28.047047,36.865587],[28.042861,36.86344],[28.040969,36.865383],[28.03681,36.865163],[28.037268,36.863617],[28.035496,36.862605],[28.036744,36.860282],[28.033191,36.857615],[28.030637,36.857894],[28.030298,36.856485],[28.02841,36.858684],[28.022953,36.857062],[28.020575,36.858624],[28.018573,36.864293],[28.015046,36.863552],[28.014686,36.860473],[28.017223,36.85891],[28.016403,36.857375],[28.001475,36.852621],[28.014594,36.853537],[28.014547,36.849941],[28.012299,36.849189],[28.018022,36.846828],[28.012245,36.845079],[28.016067,36.844019],[28.017359,36.845036],[28.0193208,36.8420176],[28.0219128,36.8426477],[28.0225533,36.8402136],[28.0269912,36.8383013],[28.0332434,36.8390791],[28.0277845,36.8370409],[28.019827,36.838335],[28.004144,36.83667],[28.002522,36.834885],[28.00445,36.83564],[28.006337,36.833311],[28.010185,36.834307],[28.011443,36.832754],[28.014639,36.832727],[28.014612,36.830672],[28.018766,36.830637],[28.017131,36.827825],[28.022556,36.827264],[28.027057,36.829281],[28.02928,36.828234],[28.031054,36.829503],[28.029638,36.831057],[28.035084,36.832037],[28.038571,36.829951],[28.039235,36.831744],[28.041475,36.831981],[28.041141,36.830957],[28.044809,36.830411],[28.044306,36.828617],[28.046867,36.828979],[28.0540625,36.8321808],[28.0538376,36.8337411],[28.0578304,36.8358799],[28.0558531,36.8320924],[28.0512795,36.8293197],[28.054847,36.828267],[28.055145,36.826723],[28.051297,36.825729],[28.054803,36.825055],[28.058019,36.826568],[28.064699,36.824325],[28.063822,36.818681],[28.0626494,36.8177793],[28.0602032,36.8190207],[28.059472,36.816022],[28.055966,36.816696],[28.056889,36.814119],[28.055583,36.812075],[28.059242,36.811015],[28.0573458,36.8099121],[28.0595786,36.808445],[28.0574487,36.8073521],[28.060457,36.80638],[28.060389,36.801499],[28.056371,36.799608],[28.053499,36.79989],[28.05288,36.801309],[28.049982,36.799664],[28.046472,36.799952],[28.050377,36.7872894],[28.0492959,36.7838676],[28.0461513,36.7841571],[28.0445449,36.7828991],[28.0454211,36.7798774],[28.0410594,36.7776304],[28.0412475,36.7733895],[28.0392634,36.7729505],[28.0418882,36.7705774],[28.0417541,36.7680261],[28.0445447,36.7679633],[28.0462922,36.7661149],[28.0430498,36.7651526],[28.0472515,36.7638637],[28.0460008,36.7630367],[28.0508387,36.7596376],[28.054195,36.760816],[28.0519098,36.761538],[28.049511,36.765115],[28.0530797,36.7660927],[28.062591,36.764228],[28.064399,36.768065],[28.062005,36.768087],[28.06203,36.769885],[28.0652157,36.7718083],[28.063835,36.773465],[28.064973,36.774868],[28.068036,36.7739152],[28.070731,36.775587],[28.072929,36.77287],[28.078233,36.775391],[28.081879,36.784864],[28.074086,36.787117],[28.073626,36.788535],[28.075735,36.790828],[28.081825,36.792314],[28.082162,36.793596],[28.079926,36.793616],[28.080594,36.795665],[28.084768,36.797169],[28.090479,36.794418],[28.094336,36.796054],[28.094691,36.798619],[28.102418,36.802786],[28.110107,36.804256],[28.1197399,36.8031014],[28.1207147,36.8048145],[28.1212911,36.8048588],[28.121649,36.8040897],[28.1231126,36.8040414],[28.1254765,36.8060609],[28.1254059,36.8024656],[28.128309,36.8053544],[28.1249825,36.8003499],[28.1285784,36.798184],[28.1315652,36.7935758],[28.1276048,36.7911276],[28.128861,36.7878206],[28.124391,36.7853152],[28.1250914,36.7820529],[28.1223362,36.7797731],[28.1252181,36.776861],[28.1225542,36.7763369],[28.1221071,36.7739403],[28.1301077,36.7695219],[28.1287419,36.7667197],[28.129972,36.7595424],[28.1333659,36.7575585],[28.1314985,36.7530228],[28.1268887,36.7541209],[28.1275986,36.7567381],[28.1200709,36.7622203],[28.1214906,36.7659674],[28.1187974,36.769081],[28.1163862,36.7686258],[28.1125327,36.7747211],[28.1112101,36.7741297],[28.1123663,36.7707587],[28.1094154,36.7708323],[28.1132948,36.7687753],[28.1148158,36.766681],[28.1124911,36.7649269],[28.1144678,36.7641003],[28.1123386,36.7649365],[28.1127162,36.7639201],[28.1093125,36.7624425],[28.1052154,36.7665914],[28.0999598,36.7685417],[28.0926886,36.7632157],[28.0916444,36.7608288],[28.0934837,36.7606753],[28.0944163,36.7579508],[28.091869,36.757283],[28.0910505,36.7529612],[28.088598,36.751789],[28.0875627,36.7528782],[28.0875609,36.750753],[28.0843682,36.7480456],[28.084973,36.74373],[28.0873631,36.7435206],[28.088444,36.740872],[28.092933,36.742244],[28.101172,36.738057],[28.103735,36.738676],[28.105938,36.736471],[28.122509,36.734647],[28.122468,36.731821],[28.126621,36.732039],[28.130211,36.72661],[28.126837,36.724972],[28.1135805,36.7279539],[28.1125572,36.7238207],[28.115769,36.721094],[28.1129609,36.7184517],[28.1134951,36.7164107],[28.1046882,36.711799],[28.1031397,36.7065117],[28.100593,36.7061662],[28.1008456,36.7050366],[28.0996847,36.7061439],[28.0988163,36.7049017],[28.0954072,36.7058011],[28.0953155,36.7082768],[28.093623,36.7069709],[28.0892663,36.708171],[28.0872926,36.711557],[28.0886708,36.712837],[28.085392,36.7178455],[28.0882689,36.720918],[28.0909799,36.7206568],[28.0930438,36.7228988],[28.0952027,36.7227246],[28.0982347,36.7260335],[28.0944926,36.725985],[28.093736,36.7271463],[28.0925688,36.7250348],[28.0878085,36.7229282],[28.088432,36.7283036],[28.0832279,36.7279355],[28.0769818,36.7254891],[28.0625774,36.7230907],[28.0597729,36.7210019],[28.0508199,36.7198332],[28.0468529,36.7177409],[28.0422857,36.7108544],[28.0434331,36.7028098],[28.039586,36.704057],[28.0354138,36.7082075],[28.0272009,36.7049777],[28.0210732,36.7085235],[28.0173969,36.7083597],[28.0153595,36.7075198],[28.0095128,36.6977796],[28.0074317,36.6982675],[28.0073164,36.7054752],[28.0050212,36.7038801],[28.0013487,36.7044286],[27.9987328,36.7014913],[27.9974416,36.7020754],[27.997062,36.697227],[27.9936317,36.6974328],[27.9908806,36.6937464],[27.9884586,36.6938045],[27.9899839,36.6981154],[27.9861489,36.697518],[27.9812427,36.6938839],[27.9864513,36.687136],[27.9811036,36.6832019],[27.9777016,36.683173],[27.9802294,36.6895468],[27.9773998,36.6936108],[27.9741624,36.6913889],[27.9748163,36.6875836],[27.972622,36.6849436],[27.9703052,36.685763],[27.9692612,36.6839981],[27.9672683,36.6859495],[27.9644469,36.6840393],[27.9642085,36.6756166],[27.9658585,36.6774333],[27.9679872,36.675281],[27.9702359,36.6787504],[27.9744256,36.6763235],[27.975237,36.674157],[27.9868742,36.6753472],[27.9904857,36.6707775],[27.9930442,36.6705962],[27.9968068,36.6742565],[28.0016883,36.675256],[28.0038186,36.6738088],[28.0030596,36.6720708],[28.006461,36.671714],[28.007468,36.6689564],[28.0106898,36.6719784],[28.0148115,36.6723239],[28.0175317,36.6699114],[28.0240139,36.6683216],[28.0237506,36.6698755],[28.0268317,36.6706006],[28.027903,36.672776],[28.0380961,36.6732431],[28.0403249,36.6746226],[28.0375269,36.6770871],[28.0405707,36.6820559],[28.0337165,36.6866308],[28.0340692,36.6884452],[28.0370243,36.6875464],[28.0389543,36.6920853],[28.0412876,36.6921371],[28.0416154,36.6936473],[28.0455885,36.6874043],[28.0522381,36.6838934],[28.0482821,36.6746083],[28.0526851,36.6728386],[28.0564085,36.6745422],[28.0609655,36.6737411],[28.0624919,36.6752127],[28.0652183,36.673638],[28.0729935,36.6755618],[28.0712297,36.6736506],[28.0691547,36.6737773],[28.0680714,36.6701786],[28.0618491,36.6630237],[28.062285,36.660952],[28.0595335,36.6605449],[28.0617233,36.6602721],[28.0615302,36.6589841],[28.05605,36.659723],[28.0528381,36.6582227],[28.054382,36.654343],[28.0575073,36.6542289],[28.0609435,36.658014],[28.0680493,36.6565279],[28.0664393,36.6526625],[28.0619507,36.6511139],[28.0689231,36.6487762],[28.0730694,36.6602318],[28.0775289,36.6597042],[28.0783617,36.6610685],[28.0818481,36.6611267],[28.0880999,36.6534908],[28.0876465,36.6509299],[28.0912684,36.6508409],[28.0957521,36.6451589],[28.09386,36.638829],[28.0789294,36.6267784],[28.0778836,36.620433],[28.0752175,36.6203469],[28.0688499,36.6130099],[28.0638234,36.6125793],[28.0627834,36.6093623],[28.064595,36.605285],[28.061986,36.604305],[28.0566227,36.6049899],[28.0549453,36.6073476],[28.049614,36.608397],[28.0486527,36.606075],[28.0450487,36.6043964],[28.040002,36.604499],[28.037578,36.6025527],[28.0351025,36.6042754],[28.031683,36.602002],[28.0134513,36.6067502],[28.004642,36.605316],[28.0008292,36.6076873],[27.9932658,36.6073428],[27.991936,36.608505],[27.9899002,36.606462],[27.9891508,36.6083488],[27.9830468,36.6119928],[27.979201,36.609382],[27.9728581,36.6118527],[27.9721335,36.610118],[27.974086,36.608139],[27.9631609,36.6070806],[27.9641538,36.6059468],[27.9607448,36.6044006],[27.96096,36.6023848],[27.9572678,36.601672],[27.956781,36.600315],[27.9696606,36.5945724],[27.9708656,36.5916206],[27.9727522,36.5916295],[27.9764175,36.587564],[27.9794089,36.5865554],[27.979374,36.585359],[27.976989,36.585635],[27.9763949,36.5834335],[27.9678129,36.5828416],[27.9655733,36.581093],[27.965744,36.578019],[27.9684987,36.5782153],[27.9717212,36.5732402],[27.9754971,36.5733126],[27.9744498,36.5719891],[27.9814483,36.5674271],[27.978861,36.5535688],[27.9817827,36.5559689],[27.9836273,36.5547902],[27.9871827,36.5615826],[27.9901309,36.559704],[27.9925282,36.564432],[27.9975646,36.5684608],[28.0040271,36.5630005],[28.0048029,36.5665431],[28.0081242,36.566658],[28.013971,36.563359],[28.0182094,36.5652407],[28.0126782,36.5672813],[28.0090778,36.5739364],[28.0100125,36.5764255],[28.0139071,36.5766445],[28.019397,36.5708281],[28.0276862,36.5680822],[28.0258554,36.5669689],[28.0244006,36.5611782],[28.0300881,36.5635054],[28.0349474,36.5628703],[28.0399851,36.5678765],[28.0403079,36.5707235],[28.0412524,36.5692896],[28.0432146,36.5695035],[28.0457672,36.5724549],[28.0481616,36.5709123],[28.0498152,36.5721005],[28.0506903,36.5769993],[28.0434906,36.5762589],[28.0482861,36.5852822],[28.0496697,36.5854188],[28.048494,36.5798869],[28.0515011,36.5783381],[28.0536908,36.5824989],[28.0563191,36.5821954],[28.0622132,36.5878598],[28.0659601,36.5952227],[28.0735594,36.5940922],[28.0787549,36.5961592],[28.080549,36.587311],[28.0851327,36.5870563],[28.0854157,36.58473],[28.0886853,36.5824222],[28.0928327,36.5874759],[28.0950379,36.5853267],[28.097798,36.590493],[28.1017143,36.5899883],[28.1061075,36.5929382],[28.1076891,36.5978205],[28.114984,36.600353],[28.115199,36.604205],[28.117929,36.60572],[28.116536,36.60856],[28.121016,36.609802],[28.120574,36.612375],[28.124762,36.615419],[28.123662,36.616457],[28.1264,36.618486],[28.127249,36.622075],[28.130436,36.622045],[28.129817,36.623335],[28.133042,36.625874],[28.135689,36.632528],[28.145903,36.644249],[28.146272,36.647585],[28.14248,36.649933],[28.143627,36.651978],[28.150376,36.65551],[28.152061,36.661659],[28.157501,36.662891],[28.159464,36.6662802],[28.16329,36.666174],[28.164293,36.669248],[28.155709,36.671001],[28.1545049,36.6738955],[28.1573469,36.6783129],[28.1650616,36.6804695],[28.1634506,36.6844034],[28.1664798,36.6833876],[28.1676967,36.6811384],[28.1700118,36.6818528],[28.1762007,36.6793637],[28.182339,36.681401],[28.181728,36.683206],[28.183975,36.684082],[28.189402,36.684414],[28.191676,36.687088],[28.197726,36.686386],[28.200029,36.690858],[28.2045,36.691199],[28.205114,36.689651],[28.209563,36.688578],[28.211517,36.691128],[28.214698,36.690581],[28.213435,36.691365],[28.215994,36.691853],[28.219798,36.690272],[28.220403,36.688211],[28.225195,36.688675],[28.226516,36.691488],[28.221596,36.69308],[28.220545,36.697201],[28.2234406,36.6985203],[28.2233366,36.7000012],[28.2255725,36.6985435],[28.234163,36.700914],[28.2333647,36.702315],[28.2244935,36.7004129],[28.2324144,36.7083754],[28.2384539,36.7107644],[28.2398497,36.713281],[28.2371724,36.7149841],[28.2383718,36.7173901],[28.2426572,36.7182266],[28.2475863,36.7160419],[28.2471689,36.7183917],[28.2489719,36.7189967],[28.2469651,36.7198965],[28.2483877,36.7218186],[28.2470069,36.7230112],[28.251089,36.7245212],[28.2525624,36.7280651],[28.2509254,36.7299798],[28.2562091,36.7318517],[28.2632483,36.7334525],[28.264648,36.7318944],[28.2634187,36.7304669],[28.2662785,36.7303088],[28.276636,36.7366665],[28.2821657,36.7318807],[28.2830071,36.7264679],[28.2816927,36.7243434],[28.2831601,36.7215431],[28.2900733,36.7201607],[28.2920015,36.7251647],[28.3034857,36.7304075],[28.2998887,36.7318725],[28.2941825,36.7308515],[28.2925439,36.7334312],[28.2976651,36.7368307],[28.2993363,36.7359746],[28.2999744,36.7377456],[28.2980765,36.7373852],[28.2976628,36.739144],[28.2958904,36.7393284],[28.2958693,36.7432358],[28.2927952,36.7484141],[28.2859726,36.7503912],[28.2842942,36.7475033],[28.2813481,36.7480647],[28.2749435,36.7444639],[28.2688683,36.7477565],[28.267546,36.7553568],[28.271644,36.75858],[28.268386,36.7582171],[28.265387,36.7614976],[28.2671328,36.7620696],[28.2660404,36.7627504],[28.2678156,36.7659157],[28.259976,36.767439],[28.2532101,36.772502],[28.2524195,36.7703386],[28.248729,36.772953],[28.249611,36.778082],[28.2554615,36.7791794],[28.2520864,36.7829595],[28.2558904,36.78793],[28.2563669,36.791557],[28.2505336,36.7927567],[28.2453955,36.8007024],[28.2374446,36.7999866],[28.2329153,36.8051919],[28.2341711,36.8079686],[28.2405239,36.8118375],[28.2438618,36.8179362],[28.2428003,36.8260174],[28.2446014,36.8320656],[28.2622531,36.8486883],[28.2704718,36.8530556],[28.2744956,36.8495281],[28.2777394,36.8534446],[28.2808653,36.8528473],[28.2798499,36.848806],[28.2844229,36.8482084],[28.2862241,36.8456576],[28.2844987,36.8451888],[28.2944491,36.8388068],[28.295762,36.8332655],[28.3025271,36.8291172],[28.3080187,36.8279391],[28.3110085,36.8297211],[28.3157819,36.8263968],[28.3148871,36.8227599],[28.3121567,36.8215521],[28.3124952,36.8174721],[28.3081184,36.8197866],[28.3058198,36.818616],[28.3069785,36.8201383],[28.303609,36.8175043],[28.3008775,36.819864],[28.300881,36.8180845],[28.298168,36.816738],[28.2940349,36.8193103],[28.280037,36.8112399],[28.2760067,36.8146649],[28.2740176,36.8127342],[28.2659017,36.8139857],[28.273377,36.8061261],[28.274109,36.8022434],[28.2704204,36.7999958],[28.270197,36.7983294],[28.2741189,36.7961031],[28.2833825,36.7952444],[28.2849736,36.793148],[28.2831097,36.7924296],[28.2860471,36.7910007],[28.287368,36.7928721],[28.2918704,36.7930108],[28.2936465,36.7963905],[28.2993739,36.7946735],[28.302193,36.7968543],[28.3133873,36.7946229],[28.3120043,36.7984583],[28.3059503,36.7998285],[28.3014088,36.8033022],[28.3054367,36.8099686],[28.3057353,36.8156216],[28.3099839,36.8176465],[28.3255221,36.8113359],[28.3348965,36.8098141],[28.3377418,36.8073414],[28.3535498,36.8068486],[28.3584453,36.799859],[28.3655232,36.7958822],[28.3711207,36.7957689],[28.3732086,36.7983949],[28.3777715,36.7983285],[28.3827307,36.7939001],[28.3820418,36.788111],[28.3912986,36.789358],[28.3953625,36.7851681],[28.398564,36.785286],[28.406272,36.787636],[28.407746,36.789674],[28.407493,36.793273],[28.412039,36.79733],[28.410832,36.801198],[28.414722,36.804234],[28.414177,36.809379],[28.417293,36.813709],[28.424397,36.817734],[28.425247,36.82055],[28.422561,36.822123],[28.422434,36.823923],[28.423125,36.826741],[28.4263472,36.8291328],[28.4251789,36.834017],[28.4267163,36.8353534],[28.4245071,36.8384919],[28.4173444,36.8368374],[28.4141824,36.8390094],[28.4119636,36.8381788],[28.4048244,36.8398228],[28.3985882,36.8377227],[28.3944217,36.8336842],[28.394257,36.8348677],[28.3874041,36.8339462],[28.3856784,36.8358151],[28.3867149,36.8385701],[28.383221,36.837873],[28.383914,36.840819],[28.381045,36.841238],[28.378705,36.844476],[28.378916,36.8473],[28.382765,36.848026],[28.383446,36.85033],[28.386026,36.851584],[28.38729,36.850799],[28.3881644,36.8532382],[28.395317,36.85276],[28.39675,36.861221],[28.403573,36.867177],[28.4037931,36.8868737],[28.4107055,36.9221084],[28.4181493,36.947451]]],[[[27.9877288,36.7023963],[27.9902052,36.7025367],[27.9881305,36.7046235],[27.9877288,36.7023963]]],[[[27.994816,36.70855],[27.9978143,36.7083915],[27.9974769,36.7103666],[27.994816,36.70855]]],[[[27.9962636,36.612375],[27.9972292,36.6118152],[27.9975833,36.6132792],[27.9962636,36.612375]]],[[[28.000051,36.718526],[28.002268,36.717223],[28.003806,36.712842],[28.005089,36.713345],[28.004973,36.716686],[28.001989,36.720308],[28.000051,36.718526]]],[[[28.0115151,36.668698],[28.0137079,36.6666662],[28.013638,36.670849],[28.0115151,36.668698]]],[[[28.012328,36.717908],[28.014844,36.715061],[28.014957,36.711463],[28.016879,36.712089],[28.022356,36.716024],[28.031799,36.718255],[28.033658,36.725946],[28.028875,36.726244],[28.027892,36.724326],[28.021522,36.72528],[28.01704,36.724291],[28.015733,36.72199],[28.017142,36.719923],[28.012828,36.719446],[28.012328,36.717908]]],[[[28.0447493,36.7252946],[28.0494405,36.7239363],[28.060281,36.7270643],[28.0636803,36.7304411],[28.0645841,36.7347654],[28.055717,36.7333673],[28.0516028,36.7357204],[28.0461036,36.7342213],[28.0531091,36.7301348],[28.0447493,36.7252946]]],[[[28.0533004,36.6139582],[28.0573516,36.6171488],[28.0563245,36.6193318],[28.0533004,36.6139582]]],[[[28.0560917,36.7605699],[28.0574182,36.7594231],[28.0599834,36.7610081],[28.0574244,36.7616632],[28.0560917,36.7605699]]],[[[28.1200754,36.8032215],[28.1206459,36.8023295],[28.1226542,36.8037894],[28.1208078,36.8022493],[28.1229327,36.8039044],[28.12144,36.8040888],[28.1209928,36.8047462],[28.121679,36.8031814],[28.1207654,36.8046814],[28.1215248,36.8030487],[28.120565,36.8043635],[28.1213475,36.8029159],[28.1204223,36.8041382],[28.1206845,36.802382],[28.1200754,36.8032215]]],[[[28.1220099,36.5983933],[28.1284562,36.595611],[28.1297117,36.5978223],[28.1267,36.6009038],[28.1259515,36.5993872],[28.1225838,36.5995033],[28.1220099,36.5983933]]],[[[28.2434766,36.8071764],[28.243881,36.8050737],[28.2542453,36.8040085],[28.2590999,36.7991699],[28.2578903,36.8007163],[28.2597705,36.8022718],[28.2580141,36.8035211],[28.2611996,36.8062442],[28.2588657,36.8101458],[28.2529679,36.8067541],[28.2496246,36.8095116],[28.2463617,36.8075688],[28.2440358,36.8090173],[28.2434766,36.8071764]]],[[[28.2783929,36.820067],[28.2795394,36.8188831],[28.2886624,36.8202955],[28.2868751,36.8214614],[28.2783929,36.820067]]]]}},{"type":"Feature","properties":{"code":"48-09","provinceCode":"48","name":"Menteşe"},"geometry":{"type":"Polygon","coordinates":[[[28.7848526,37.1963338],[28.7833701,37.201943],[28.7854086,37.2068139],[28.7818876,37.2096181],[28.7831848,37.2167022],[28.7820729,37.2205391],[28.7785519,37.2230477],[28.780961,37.2274745],[28.7785519,37.2304256],[28.7819477,37.2360982],[28.7795709,37.2376504],[28.7822649,37.2407055],[28.7729528,37.246778],[28.7674699,37.2445809],[28.7664676,37.2468604],[28.7618262,37.2473519],[28.7635563,37.2495197],[28.7635563,37.2549521],[28.7529783,37.2665667],[28.7482548,37.268426],[28.7405734,37.2672824],[28.7364976,37.2704529],[28.7348135,37.2735321],[28.7382468,37.2779032],[28.7320669,37.2843227],[28.729492,37.2916978],[28.7301787,37.2929269],[28.7341269,37.2923806],[28.7351568,37.2936097],[28.7332144,37.2997548],[28.7374366,37.3028435],[28.7365713,37.3146191],[28.7403683,37.3169667],[28.7407347,37.323821],[28.7341658,37.3266104],[28.7271209,37.3321091],[28.7281187,37.3348406],[28.722435,37.3343278],[28.7173476,37.3379268],[28.7175756,37.3428047],[28.7153156,37.3459466],[28.7160127,37.3512789],[28.708206,37.3562663],[28.7073477,37.3598139],[28.7009962,37.3656808],[28.6974111,37.3658987],[28.6896666,37.3633614],[28.6800535,37.3678637],[28.6750754,37.3678637],[28.666149,37.3730478],[28.6587675,37.3719564],[28.6543043,37.3737299],[28.6503561,37.3715471],[28.6493262,37.3684094],[28.6458929,37.3656808],[28.6400564,37.3719564],[28.6401996,37.3742177],[28.6440947,37.3743283],[28.6440187,37.3789973],[28.6396419,37.3786068],[28.6344222,37.3835855],[28.6407961,37.3839025],[28.6315883,37.3905325],[28.6335335,37.3941574],[28.6271239,37.3977734],[28.6245124,37.40458],[28.627871,37.4102972],[28.6270775,37.4143752],[28.6254683,37.4179966],[28.6174496,37.4223733],[28.6156505,37.4286681],[28.6189915,37.4406546],[28.6230656,37.4440503],[28.6211619,37.4472656],[28.6295281,37.4533248],[28.6309485,37.4623214],[28.6292943,37.4690907],[28.6270197,37.4693856],[28.6286351,37.4771915],[28.6272388,37.4774168],[28.6258116,37.4743341],[28.6240086,37.4748144],[28.6238112,37.4777225],[28.619286,37.4776205],[28.6137621,37.4861167],[28.607842,37.4811073],[28.6027815,37.4790882],[28.5933048,37.4796401],[28.5860915,37.4719974],[28.5735278,37.4715023],[28.5645257,37.4727246],[28.5519076,37.4716636],[28.5228187,37.4740834],[28.5075194,37.4687827],[28.4955092,37.4571592],[28.4925056,37.4416731],[28.5005054,37.4172694],[28.4955306,37.4089017],[28.4801023,37.4000209],[28.4860177,37.3811193],[28.4847997,37.3690431],[28.4475215,37.357182],[28.4100403,37.3543004],[28.3668407,37.3382551],[28.3339892,37.3456019],[28.320895,37.3398587],[28.2822459,37.3139535],[28.2508713,37.2839543],[28.2441481,37.2802596],[28.2238083,37.2767992],[28.2146296,37.271153],[28.2059683,37.2710734],[28.195197,37.2792716],[28.1843739,37.2743646],[28.1883063,37.2740636],[28.1944508,37.2704924],[28.1981889,37.2668872],[28.1960442,37.2636775],[28.1838283,37.2675634],[28.1709096,37.2684142],[28.1658282,37.270678],[28.157081,37.2607671],[28.1370399,37.2595265],[28.1294689,37.2565136],[28.1245699,37.2499555],[28.1232339,37.2439287],[28.1191692,37.2371408],[28.1103172,37.2320446],[28.1012985,37.2287743],[28.0703163,37.2223917],[28.0428281,37.2188433],[28.0286873,37.2221963],[28.0132573,37.2118066],[28.0049219,37.2019132],[28.0033273,37.1955625],[28.0091741,37.1887878],[28.0139577,37.1788365],[28.0223788,37.1744682],[28.0336736,37.1639855],[28.0393874,37.1551959],[28.0463121,37.1341498],[28.0472517,37.1104004],[28.0399698,37.0976236],[28.0557551,37.0857816],[28.0642246,37.0574826],[28.074759,37.0516141],[28.0747552,37.0493437],[28.0922286,37.0425052],[28.0933557,37.0374447],[28.0882907,37.0292491],[28.0916028,37.0266116],[28.0903742,37.0210977],[28.0931135,37.0211375],[28.0954792,37.023477],[28.1015055,37.0201566],[28.0988244,37.0180226],[28.1003766,37.0160939],[28.096799,37.0145164],[28.0994553,37.0121237],[28.1084616,37.0145297],[28.1125621,37.014185],[28.1155089,37.0159215],[28.1111261,37.0196397],[28.1139733,37.021734],[28.1134835,37.0229667],[28.0977868,37.0284538],[28.0982766,37.0318003],[28.1010241,37.0347822],[28.1148531,37.0338942],[28.119335,37.0349503],[28.133907,37.031132],[28.1541126,37.0311906],[28.1596446,37.0289159],[28.1637213,37.029054],[28.170096,37.029882],[28.1768689,37.0338581],[28.186182,37.034089],[28.1912605,37.0386897],[28.1974562,37.0401432],[28.2128906,37.0401275],[28.2176971,37.0413115],[28.2229999,37.0396587],[28.2276647,37.0416344],[28.2377493,37.0404016],[28.2409278,37.0385261],[28.246606,37.041699],[28.2530634,37.0406859],[28.2668411,37.0447513],[28.2753703,37.0496991],[28.282715,37.0474345],[28.295045,37.047979],[28.3172265,37.0668116],[28.3219609,37.0891201],[28.3336578,37.099383],[28.3754162,37.1268114],[28.4043644,37.1408782],[28.4283501,37.1487897],[28.4473733,37.1494489],[28.4801813,37.141098],[28.4936905,37.1399991],[28.5071997,37.1426364],[28.5339423,37.1632918],[28.5532412,37.1727387],[28.5670261,37.1764731],[28.5808109,37.1736174],[28.6014883,37.1744961],[28.6422025,37.179527],[28.6557396,37.1754736],[28.6863459,37.1813622],[28.693847,37.1940447],[28.7214168,37.1832826],[28.7390614,37.1718599],[28.7848526,37.1963338]]]}},{"type":"Feature","properties":{"code":"48-10","provinceCode":"48","name":"Milas"},"geometry":{"type":"MultiPolygon","coordinates":[[[[27.8976669,37.50055],[27.8944178,37.4893083],[27.8887834,37.4798446],[27.8737531,37.4790359],[27.861615,37.4753176],[27.8505707,37.4768121],[27.8419091,37.4760034],[27.8361055,37.4687459],[27.8347761,37.4565923],[27.8284073,37.4489073],[27.82051,37.4466826],[27.8106628,37.4485543],[27.790411,37.4664035],[27.7769802,37.4706698],[27.7654645,37.4793826],[27.7707214,37.4924943],[27.77337,37.5106336],[27.7623531,37.5109977],[27.7439539,37.5170835],[27.7272709,37.5212764],[27.6985659,37.5123772],[27.6814906,37.5031264],[27.6739612,37.4917043],[27.6678044,37.4905937],[27.6421839,37.5049085],[27.6292397,37.5051915],[27.6220585,37.5097587],[27.6200603,37.521782],[27.6265692,37.5281849],[27.6231081,37.5338119],[27.6240965,37.5422867],[27.622568,37.550164],[27.6257824,37.5566647],[27.6032069,37.5491542],[27.6019331,37.5455185],[27.6049902,37.5352166],[27.5815792,37.5237257],[27.5691307,37.5221929],[27.5357304,37.5370459],[27.522199,37.5415098],[27.5149882,37.5412892],[27.5078147,37.5375809],[27.4980572,37.5279134],[27.4909395,37.5036785],[27.4625855,37.5008689],[27.4497145,37.4866633],[27.4439735,37.4702764],[27.4731312,37.4387597],[27.4894119,37.4269442],[27.4904418,37.4022659],[27.4732757,37.384127],[27.4392867,37.3736236],[27.4185157,37.3607992],[27.382677,37.354363],[27.386189,37.348956],[27.383432,37.344598],[27.3845305,37.342674],[27.382923,37.339462],[27.385799,37.335599],[27.385591,37.3332675],[27.388353,37.331737],[27.385599,37.327893],[27.3939002,37.3264031],[27.3886175,37.322898],[27.395531,37.3222293],[27.3942759,37.3202336],[27.4010124,37.3211675],[27.3996191,37.3181384],[27.401958,37.3185462],[27.4014056,37.3154982],[27.3989851,37.3145633],[27.4049381,37.3141068],[27.405017,37.311438],[27.4076094,37.3116907],[27.40673,37.309069],[27.4091696,37.3100681],[27.4123805,37.3051319],[27.423444,37.30734],[27.4293602,37.3057564],[27.4319024,37.3025884],[27.4433231,37.3029037],[27.447249,37.30828],[27.449174,37.307631],[27.450152,37.30981],[27.455939,37.309403],[27.458523,37.311191],[27.462726,37.314772],[27.463385,37.317338],[27.466915,37.31604],[27.465004,37.31913],[27.471122,37.320133],[27.4717768,37.3244474],[27.477782,37.330639],[27.4765379,37.3350998],[27.4742267,37.3358808],[27.472379,37.341194],[27.470136,37.342744],[27.473209,37.345172],[27.476105,37.345289],[27.4776538,37.3437013],[27.478499,37.342197],[27.4768871,37.3410858],[27.48061,37.3393577],[27.48039,37.336023],[27.486345,37.336513],[27.4861873,37.3346527],[27.4826333,37.3332932],[27.485007,37.328426],[27.4888939,37.3323664],[27.493711,37.331345],[27.495271,37.323888],[27.49799,37.321565],[27.497636,37.316685],[27.492311,37.313882],[27.492927,37.309769],[27.488232,37.304907],[27.489654,37.301048],[27.486239,37.295153],[27.487837,37.293605],[27.485089,37.291176],[27.481555,37.291704],[27.479931,37.289141],[27.475748,37.288517],[27.473308,37.284159],[27.473768,37.280561],[27.471197,37.280571],[27.472801,37.280051],[27.471467,37.272349],[27.462112,37.266991],[27.454488,37.25546],[27.457835,37.250694],[27.466228,37.256827],[27.469435,37.255787],[27.47073,37.257195],[27.476503,37.255374],[27.475557,37.258203],[27.477487,37.258453],[27.476532,37.259998],[27.479113,37.261529],[27.479286,37.263583],[27.476272,37.269761],[27.485251,37.266385],[27.485581,37.267668],[27.489112,37.266883],[27.493962,37.27123],[27.492976,37.267894],[27.494906,37.268143],[27.497324,37.269418],[27.498501,37.27712],[27.505253,37.277348],[27.506879,37.280038],[27.510091,37.279639],[27.511026,37.275268],[27.519075,37.277031],[27.518419,37.275236],[27.521634,37.275222],[27.522425,37.27342],[27.521277,37.270085],[27.517891,37.268559],[27.517042,37.261883],[27.519938,37.262384],[27.5187116,37.2591319],[27.5238352,37.2593304],[27.5250324,37.2574474],[27.5235359,37.2553517],[27.5146426,37.2540386],[27.5151307,37.2506977],[27.521309,37.2522349],[27.5223031,37.2507629],[27.5197235,37.2497646],[27.5203755,37.2475835],[27.5160999,37.2446564],[27.5143754,37.2451755],[27.5110169,37.2385849],[27.5041351,37.2389054],[27.50338,37.237408],[27.5000845,37.2370048],[27.4983172,37.2379324],[27.5007151,37.2339355],[27.5028102,37.2346901],[27.5040893,37.2329965],[27.5069718,37.2333256],[27.5050157,37.2292263],[27.5104458,37.2302192],[27.5107807,37.2276546],[27.5140516,37.2306249],[27.5165778,37.2278447],[27.5185445,37.227439],[27.5194923,37.2290078],[27.522275,37.2270673],[27.5270761,37.2287134],[27.5208203,37.2391341],[27.5287868,37.2438716],[27.5321168,37.2407839],[27.5334745,37.2453521],[27.5371123,37.2447621],[27.5332108,37.2498674],[27.5353486,37.2513989],[27.5383095,37.2515464],[27.5374152,37.2496689],[27.5387264,37.2492746],[27.5405257,37.2501283],[27.5417086,37.2468099],[27.5437075,37.2466341],[27.545261,37.248333],[27.5462194,37.2447791],[27.5517094,37.2445474],[27.5508008,37.2472334],[27.5449254,37.2514196],[27.5418647,37.2513657],[27.54055,37.2543635],[27.5418006,37.2596439],[27.5447935,37.2598113],[27.5439372,37.2628739],[27.5493672,37.2640563],[27.5517975,37.2679318],[27.5514589,37.2711654],[27.5549529,37.27122],[27.5564644,37.2776281],[27.5620686,37.2757304],[27.5628341,37.2770073],[27.5649738,37.2772923],[27.5662742,37.2759022],[27.5671919,37.2768511],[27.5765551,37.2725087],[27.5787782,37.2735397],[27.5806489,37.2711792],[27.5828325,37.2791984],[27.5848055,37.2739359],[27.5871112,37.2738071],[27.588685,37.278504],[27.5857052,37.2825027],[27.590197,37.286717],[27.5963786,37.2874541],[27.6021595,37.2855722],[27.5997559,37.2793273],[27.6001515,37.2754534],[27.6078307,37.2816797],[27.6129976,37.2794543],[27.6101383,37.2751607],[27.6174323,37.2736531],[27.608223,37.269413],[27.609643,37.266067],[27.610926,37.265803],[27.610728,37.267514],[27.613496,37.265533],[27.6103049,37.2632388],[27.6118502,37.2624678],[27.6095905,37.262044],[27.611528,37.260662],[27.609597,37.260415],[27.6122373,37.2593511],[27.6158591,37.2608671],[27.6187217,37.260845],[27.6238323,37.2582701],[27.625026,37.260592],[27.628249,37.261602],[27.629817,37.25697],[27.637304,37.2563226],[27.6368722,37.2524856],[27.629609,37.2540902],[27.6263643,37.2515612],[27.625797,37.256734],[27.6208482,37.2596568],[27.6164444,37.2604128],[27.610748,37.2584048],[27.611503,37.257579],[27.6079338,37.2561598],[27.6071042,37.254248],[27.60371,37.2532677],[27.6070507,37.254074],[27.6060469,37.2501887],[27.6024428,37.2497661],[27.6030937,37.2481604],[27.5991034,37.2462053],[27.6008829,37.2440858],[27.5991723,37.2409851],[27.5963438,37.2405103],[27.5977378,37.2383807],[27.588813,37.2374058],[27.5910224,37.2356788],[27.5886059,37.2341753],[27.5902753,37.2326115],[27.5890622,37.22796],[27.5858625,37.227755],[27.5863561,37.2303861],[27.5857284,37.2277037],[27.5885249,37.2264062],[27.5866813,37.2248998],[27.5872052,37.2230398],[27.5836541,37.2217381],[27.5822418,37.2183723],[27.577134,37.218061],[27.5754423,37.2150874],[27.5869751,37.2088352],[27.5860687,37.2050626],[27.591794,37.203217],[27.593371,37.199484],[27.595638,37.201914],[27.597232,37.200492],[27.604628,37.201611],[27.605733,37.199293],[27.60428,37.198273],[27.607497,37.199027],[27.60796,37.196713],[27.60329,37.194939],[27.609062,37.193882],[27.609685,37.191566],[27.614173,37.190515],[27.616089,37.189221],[27.6148397,37.1872901],[27.609329,37.187201],[27.608071,37.190418],[27.605179,37.190176],[27.602947,37.192114],[27.601053,37.196362],[27.595267,37.195621],[27.6010527,37.1919548],[27.600809,37.1901043],[27.5979906,37.1900251],[27.5932977,37.192642],[27.592538,37.195764],[27.5879455,37.1977141],[27.5888971,37.1992655],[27.5808253,37.2071059],[27.5701565,37.2113011],[27.5679236,37.2106914],[27.5684193,37.2088427],[27.5649547,37.207635],[27.5636248,37.2054345],[27.5654503,37.20332],[27.5644983,37.2020575],[27.5605675,37.2022138],[27.5584132,37.2006073],[27.5592169,37.1949709],[27.554766,37.1930437],[27.5442299,37.1947793],[27.5430717,37.1930319],[27.5449856,37.1907411],[27.5427724,37.1894706],[27.533368,37.1933824],[27.5259628,37.1942595],[27.5269856,37.1925293],[27.5327807,37.191407],[27.537403,37.187035],[27.540291,37.186765],[27.540281,37.18548],[27.544137,37.185848],[27.546375,37.184425],[27.545061,37.180321],[27.540546,37.177515],[27.5442323,37.1748767],[27.536985,37.173421],[27.540303,37.1728613],[27.5423612,37.1700346],[27.5404608,37.1676388],[27.549938,37.166682],[27.549447,37.165271],[27.544948,37.16465],[27.5421606,37.1620261],[27.5395757,37.1617083],[27.542936,37.152585],[27.545171,37.150904],[27.5493958,37.1509031],[27.5543093,37.1542841],[27.5552267,37.157779],[27.5578394,37.154755],[27.5628734,37.1533931],[27.5555821,37.1520654],[27.5534804,37.148959],[27.5533159,37.1424723],[27.5562052,37.1368407],[27.549876,37.135854],[27.5567733,37.1336602],[27.5579733,37.1370819],[27.5610401,37.1351075],[27.5720666,37.1394483],[27.5802515,37.1389867],[27.581611,37.1410722],[27.5855949,37.1424534],[27.5985044,37.141138],[27.6307396,37.1483266],[27.6782362,37.1739605],[27.6873587,37.17582],[27.6939467,37.1710013],[27.7115293,37.1505153],[27.7251315,37.1284364],[27.7185479,37.1212996],[27.7116573,37.1052985],[27.7369132,37.0968673],[27.7296407,37.069454],[27.7329474,37.0500229],[27.7434688,37.042345],[27.7597018,37.0361062],[27.7699226,37.025547],[27.7762495,36.9990211],[27.7783822,36.9987075],[27.779326,36.9927684],[27.7817356,36.9924885],[27.7803557,36.9940762],[27.7843168,36.994653],[27.7857183,36.9977538],[27.7889787,36.9986789],[27.7878132,37.0013685],[27.7857612,37.0019909],[27.786755,37.005691],[27.7934599,37.005482],[27.8007465,37.0022635],[27.7976624,36.9965984],[27.7987925,36.9950583],[27.8060997,37.0015185],[27.8084028,37.0027559],[27.8097977,37.0020194],[27.8139826,37.005197],[27.8169691,37.0098621],[27.8212195,37.012217],[27.8346153,37.0118874],[27.8447273,37.018915],[27.8601288,37.0193035],[27.8930454,37.0286963],[27.8975724,37.0268784],[27.8979269,37.0249406],[27.8993814,37.0258769],[27.9064992,37.0232714],[27.911975,37.0245721],[27.9227985,37.0306656],[27.9275423,37.0304654],[27.9354344,37.0261726],[27.9454321,37.0162409],[27.9684884,37.0206915],[27.973591,37.0257288],[27.972339,37.0264315],[27.9733503,37.0294447],[27.977825,37.0321318],[27.9812048,37.0314969],[27.9810135,37.0304987],[27.9797024,37.0311146],[27.9848841,37.0284969],[27.9881604,37.0278994],[27.98181,37.0306726],[27.9900795,37.0280215],[27.9888028,37.0277356],[27.9964685,37.0276789],[28.004498,37.0241174],[28.0181114,37.0236556],[28.0265667,37.0218388],[28.058186,37.023867],[28.065719,37.0255499],[28.0674934,37.0238544],[28.0696051,37.0243332],[28.0687498,37.0229996],[28.0782652,37.0220598],[28.0802841,37.0233634],[28.079685,37.026115],[28.0832813,37.0249382],[28.0845883,37.0279965],[28.0882907,37.0292491],[28.0933557,37.0374447],[28.0922286,37.0425052],[28.0747552,37.0493437],[28.074759,37.0516141],[28.0642246,37.0574826],[28.0557551,37.0857816],[28.0399698,37.0976236],[28.0472517,37.1104004],[28.0463121,37.1341498],[28.0393874,37.1551959],[28.0336736,37.1639855],[28.0223788,37.1744682],[28.0139577,37.1788365],[28.0091741,37.1887878],[28.0033273,37.1955625],[28.0049219,37.2019132],[28.0132573,37.2118066],[28.0108814,37.2331999],[27.9992705,37.2821209],[27.993607,37.3260316],[27.9241596,37.3397688],[27.9212648,37.3516297],[27.9208194,37.3813619],[27.9241596,37.4045379],[27.9341801,37.4409679],[27.9461954,37.4727819],[27.938982,37.4770753],[27.9414917,37.4873412],[27.9388432,37.4968587],[27.9221559,37.4964201],[27.9033043,37.5010686],[27.8976669,37.50055]]],[[[27.5474375,37.2525903],[27.5576693,37.2460394],[27.5636269,37.2450628],[27.5514321,37.2530278],[27.5474375,37.2525903]]]]}},{"type":"Feature","properties":{"code":"48-11","provinceCode":"48","name":"Ortaca"},"geometry":{"type":"MultiPolygon","coordinates":[[[[28.6021867,36.8021525],[28.6206149,36.7914834],[28.6296541,36.7801708],[28.630361,36.774243],[28.617202,36.771083],[28.6125571,36.7642203],[28.614972,36.763663],[28.615055,36.760065],[28.612007,36.759336],[28.616428,36.756964],[28.6304069,36.7584686],[28.6297309,36.7575989],[28.6330911,36.7584134],[28.633822,36.756726],[28.6317579,36.7535587],[28.627539,36.753987],[28.62575,36.75247],[28.626173,36.749766],[28.623958,36.750696],[28.622881,36.745059],[28.620328,36.745094],[28.619333,36.743309],[28.620395,36.740726],[28.614777,36.739132],[28.611596,36.739689],[28.6102921,36.7382128],[28.6115032,36.7353757],[28.6077223,36.735333],[28.6071186,36.7331774],[28.6092587,36.7314719],[28.613393,36.7330938],[28.6154065,36.736068],[28.6197631,36.7360351],[28.6181359,36.7340411],[28.619047,36.729698],[28.620967,36.729928],[28.62157,36.72825],[28.624769,36.728592],[28.625061,36.727304],[28.621348,36.725299],[28.620481,36.721971],[28.624303,36.721662],[28.624201,36.716783],[28.623265,36.717823],[28.622589,36.716034],[28.617164,36.715979],[28.615677,36.713559],[28.618843,36.704782],[28.617551,36.704029],[28.623249,36.701896],[28.623222,36.700612],[28.62546,36.700838],[28.626055,36.698775],[28.632779,36.699967],[28.633461,36.702013],[28.636677,36.703253],[28.638436,36.710936],[28.6419329,36.7137402],[28.6433993,36.7176088],[28.6464446,36.7186867],[28.6446879,36.7211195],[28.6483228,36.7229588],[28.651046,36.718725],[28.6562946,36.7171375],[28.6610144,36.7194904],[28.664455,36.719052],[28.6669262,36.7074156],[28.6722622,36.7080315],[28.674396,36.706582],[28.6718303,36.699298],[28.6739767,36.6975432],[28.6692541,36.695176],[28.6700307,36.691739],[28.6762295,36.6928714],[28.683111,36.696568],[28.6890566,36.6970225],[28.6903497,36.6999959],[28.708987,36.703176],[28.710725,36.704652],[28.723505,36.705495],[28.7300318,36.7042035],[28.7258593,36.7087814],[28.7294722,36.7124924],[28.7408281,36.7147983],[28.7439512,36.7138324],[28.7475485,36.7202133],[28.7547842,36.7178526],[28.7587517,36.7193217],[28.7612579,36.7173364],[28.7641902,36.7215555],[28.7677915,36.7225993],[28.7662987,36.7256345],[28.7707132,36.7308614],[28.7684028,36.7358823],[28.7632948,36.739895],[28.7633429,36.7455397],[28.7656717,36.7480153],[28.7617911,36.7532409],[28.765726,36.7571794],[28.7664962,36.7605486],[28.7658255,36.7621295],[28.7616005,36.7632508],[28.7637326,36.7711283],[28.7616466,36.7779118],[28.7695552,36.7830672],[28.7720261,36.7918937],[28.7761945,36.7944084],[28.7739178,36.8013447],[28.780535,36.8094107],[28.7934035,36.8145088],[28.7973905,36.8135848],[28.8052697,36.8156167],[28.8084448,36.8211182],[28.8068884,36.8261535],[28.8032477,36.8304542],[28.797432,36.8320246],[28.7945806,36.8343278],[28.796045,36.8405481],[28.7939737,36.8426194],[28.7945201,36.846292],[28.8021607,36.8546455],[28.8105546,36.8574375],[28.8119005,36.8606472],[28.8105404,36.8640996],[28.812335,36.8662109],[28.8162157,36.8665459],[28.8194528,36.8630927],[28.8221208,36.8624787],[28.8297031,36.868765],[28.8290884,36.8745343],[28.8315412,36.8759531],[28.8388951,36.8733796],[28.8436158,36.873955],[28.8457997,36.8799609],[28.8419174,36.882649],[28.8354333,36.8841733],[28.8250061,36.8803185],[28.809234,36.880669],[28.7987192,36.883122],[28.7839986,36.8899902],[28.7612166,36.8927933],[28.7175803,36.8841032],[28.7040864,36.8909713],[28.6939221,36.893354],[28.6674183,36.9086406],[28.6547129,36.9093412],[28.6392913,36.905838],[28.63123,36.8983407],[28.6296528,36.8908426],[28.6335958,36.8616139],[28.6335176,36.8496553],[28.631568,36.8469557],[28.6326633,36.8416615],[28.637373,36.8368579],[28.6412065,36.8354553],[28.6366369,36.8320705],[28.6383046,36.8309546],[28.6366968,36.8291262],[28.6339805,36.8297001],[28.6313515,36.8268261],[28.6365548,36.8190731],[28.6317566,36.8138826],[28.6266753,36.8160044],[28.6277937,36.8183168],[28.6262301,36.8216238],[28.6176403,36.8184036],[28.6167343,36.8104395],[28.620553,36.8075976],[28.619633,36.8051421],[28.6221302,36.7996345],[28.6201806,36.7970033],[28.6138254,36.7978271],[28.6034019,36.8029939],[28.6021867,36.8021525]]],[[[28.6908383,36.6923989],[28.6918771,36.691402],[28.6994423,36.6943395],[28.693941,36.6949247],[28.6908383,36.6923989]]]]}},{"type":"Feature","properties":{"code":"48-12","provinceCode":"48","name":"Seydikemer"},"geometry":{"type":"Polygon","coordinates":[[[29.1315403,36.439797],[29.1289697,36.4375982],[29.1340901,36.4281244],[29.130228,36.425721],[29.1279241,36.427459],[29.124817,36.425432],[29.1176359,36.4255197],[29.125658,36.421306],[29.1300591,36.4209324],[29.131475,36.419019],[29.129201,36.4179792],[29.132214,36.416951],[29.1321386,36.415454],[29.1297479,36.4136116],[29.114298,36.412646],[29.1139702,36.4079544],[29.1112256,36.4079701],[29.1112043,36.4055],[29.1081303,36.4067826],[29.1029001,36.404257],[29.1022493,36.4017916],[29.1041174,36.3998268],[29.1024566,36.3997665],[29.10101,36.3960198],[29.1022252,36.3942667],[29.0999316,36.3935082],[29.0996004,36.3913502],[29.102543,36.38922],[29.1010958,36.3877365],[29.1093538,36.3860667],[29.1112853,36.3911018],[29.114908,36.3929903],[29.1197493,36.3914588],[29.1210674,36.3922062],[29.1201934,36.3871464],[29.1223114,36.386082],[29.1215363,36.3835026],[29.1255984,36.3829953],[29.1181665,36.3767016],[29.118896,36.3758239],[29.1300897,36.3784845],[29.1313267,36.3758806],[29.1339598,36.3777437],[29.1365493,36.376755],[29.1435708,36.3791077],[29.1475513,36.3784166],[29.147572,36.3760979],[29.1407211,36.3693565],[29.1435337,36.3660682],[29.1384631,36.3644941],[29.1395154,36.3589378],[29.1428672,36.3593778],[29.1433059,36.3571854],[29.1473488,36.3578366],[29.1512265,36.3545842],[29.1540542,36.3574311],[29.1573091,36.3569882],[29.1610422,36.3537566],[29.1647729,36.3551633],[29.1650043,36.3520393],[29.1607134,36.3472985],[29.164059,36.344708],[29.1649209,36.3415408],[29.1709862,36.3424373],[29.1752538,36.3452407],[29.179717,36.342445],[29.1829429,36.3433196],[29.1826057,36.3376399],[29.1866374,36.3346147],[29.1900086,36.3336557],[29.1948945,36.3366279],[29.2035726,36.3319767],[29.2046642,36.3294572],[29.210439,36.3282169],[29.2078212,36.3235622],[29.2134887,36.327095],[29.2167473,36.3257143],[29.2203077,36.3279887],[29.225478,36.3284796],[29.2385409,36.3189985],[29.2411995,36.314759],[29.2551075,36.3023671],[29.2620365,36.2932422],[29.2651514,36.294541],[29.2830301,36.2941576],[29.285026,36.296423],[29.2837375,36.3026497],[29.2761567,36.3044238],[29.2757194,36.3063756],[29.2774676,36.3072608],[29.281865,36.3058565],[29.2845737,36.3111671],[29.2867869,36.3103448],[29.2877023,36.3065293],[29.294087,36.3106181],[29.2988573,36.3114375],[29.3051212,36.3087662],[29.3057243,36.3135254],[29.3149085,36.3204591],[29.3149681,36.3289213],[29.3133357,36.3312804],[29.3151853,36.334558],[29.3124813,36.3381251],[29.3120294,36.3427956],[29.3173052,36.3492917],[29.3152676,36.3617074],[29.3191893,36.3652128],[29.3106647,36.3703324],[29.3132532,36.3717844],[29.3133318,36.3755522],[29.3182196,36.3779354],[29.3153233,36.3793853],[29.3163974,36.3853647],[29.3129324,36.3878614],[29.3149744,36.3889539],[29.3243885,36.3877429],[29.3253489,36.3925871],[29.3341503,36.3937914],[29.3355043,36.395568],[29.3293544,36.4010666],[29.3313746,36.4042017],[29.3238538,36.4042927],[29.3261752,36.4195582],[29.324283,36.4236419],[29.3165421,36.4295247],[29.321925,36.4385509],[29.3333285,36.4385984],[29.3361097,36.4361255],[29.3389546,36.4368661],[29.3440475,36.4439566],[29.3491513,36.4463976],[29.3506792,36.4499969],[29.3575733,36.4546536],[29.3582641,36.4585555],[29.3628583,36.4627904],[29.3681251,36.4660281],[29.3734908,36.466027],[29.3933371,36.4736079],[29.401433,36.4740592],[29.4075672,36.4723945],[29.4084117,36.4685614],[29.4264301,36.467501],[29.4383421,36.4628884],[29.4537804,36.4616113],[29.4669415,36.4680403],[29.4724995,36.4677654],[29.4892721,36.4752125],[29.4972428,36.4824765],[29.5115943,36.5019241],[29.5374569,36.520546],[29.5798619,36.5459244],[29.5999914,36.5632692],[29.611276,36.5650663],[29.6243228,36.5896264],[29.6425187,36.5981174],[29.6438878,36.6017294],[29.6552773,36.6061734],[29.6594159,36.6125217],[29.6674329,36.6191853],[29.6848702,36.6527115],[29.6934483,36.6870299],[29.6952766,36.7041804],[29.7396869,36.7426244],[29.7424036,36.7662766],[29.7500529,36.8032938],[29.7592656,36.8160402],[29.7671208,36.8414701],[29.771756,36.878964],[29.7695263,36.9086556],[29.7604599,36.9392682],[29.7462024,36.9514462],[29.7308239,36.9588651],[29.6748193,36.9780087],[29.6490829,36.980469],[29.6027335,36.9689164],[29.5825784,36.9608895],[29.570795,36.9531734],[29.5489711,36.9350731],[29.5427946,36.9278318],[29.5308532,36.9057744],[29.5279708,36.8753116],[29.5176765,36.8557102],[29.5001763,36.8412118],[29.4922504,36.8387349],[29.4756565,36.8407677],[29.4691889,36.8359663],[29.4644115,36.8360392],[29.4530269,36.83258],[29.4428084,36.8237257],[29.4362201,36.8081663],[29.4281493,36.799594],[29.4177859,36.7981724],[29.4049676,36.8006033],[29.3817767,36.8124194],[29.3733436,36.8210271],[29.3727112,36.8241493],[29.3748194,36.8292964],[29.3731328,36.8393364],[29.3653322,36.846254],[29.3451983,36.8555326],[29.3359219,36.8620271],[29.3269618,36.8728217],[29.3256968,36.8836149],[29.3284376,36.889854],[29.3398222,36.9046065],[29.3451584,36.9261416],[29.3408382,36.9250565],[29.3369948,36.921984],[29.3366105,36.9175797],[29.331614,36.9185015],[29.3290517,36.9266952],[29.3254645,36.9242372],[29.3257207,36.9179894],[29.3200837,36.9155311],[29.3097064,36.9192185],[29.299073,36.9174773],[29.2898487,36.921267],[29.2831868,36.9222912],[29.2790871,36.9211646],[29.2785747,36.9185015],[29.2685817,36.9132776],[29.2807172,36.8038729],[29.2995799,36.7169358],[29.3027606,36.6080739],[29.2857968,36.5761516],[29.2402068,36.533994],[29.2343755,36.5054501],[29.2449741,36.4554872],[29.2292242,36.4452003],[29.2053847,36.4434569],[29.1688423,36.4344804],[29.1497664,36.4343941],[29.1315403,36.439797]]]}},{"type":"Feature","properties":{"code":"48-13","provinceCode":"48","name":"Ula"},"geometry":{"type":"Polygon","coordinates":[[[28.7390614,37.1718599],[28.7214168,37.1832826],[28.693847,37.1940447],[28.6863459,37.1813622],[28.6557396,37.1754736],[28.6422025,37.179527],[28.6014883,37.1744961],[28.5808109,37.1736174],[28.5670261,37.1764731],[28.5532412,37.1727387],[28.5339423,37.1632918],[28.5071997,37.1426364],[28.4936905,37.1399991],[28.4801813,37.141098],[28.4473733,37.1494489],[28.4283501,37.1487897],[28.4043644,37.1408782],[28.3754162,37.1268114],[28.3336578,37.099383],[28.3219609,37.0891201],[28.3172265,37.0668116],[28.295045,37.047979],[28.308793,37.0496329],[28.3119335,37.0515391],[28.3129065,37.0494093],[28.3158058,37.0491556],[28.3226092,37.0519851],[28.3240326,37.0489182],[28.324616,37.0506196],[28.3275172,37.0501478],[28.3288506,37.0520604],[28.3282104,37.0501203],[28.3259283,37.0498288],[28.329327,37.038223],[28.3291266,37.0355102],[28.3276157,37.035064],[28.3298818,37.0353203],[28.3298041,37.0309102],[28.328174,37.02719],[28.3216068,37.0253518],[28.3197158,37.0227137],[28.3252392,37.0168246],[28.3434352,37.0095598],[28.3751405,36.9932667],[28.4057429,36.9690407],[28.4181493,36.947451],[28.4322099,36.9611105],[28.447649,36.970142],[28.4848682,36.9807142],[28.542489,37.0337729],[28.5617878,37.0447764],[28.5719969,37.0856785],[28.5812442,37.1019378],[28.5908594,37.1069128],[28.595778,37.1058193],[28.6074899,37.096112],[28.6152921,37.0934305],[28.6213744,37.0889052],[28.6265023,37.0892403],[28.6282689,37.0864189],[28.6323509,37.0869281],[28.6341688,37.0846685],[28.6450485,37.0966909],[28.6553008,37.1011972],[28.6535951,37.1151604],[28.6690342,37.1338452],[28.6894358,37.1468119],[28.708459,37.153624],[28.7390614,37.1718599]]]}},{"type":"Feature","properties":{"code":"48-14","provinceCode":"48","name":"Yatağan"},"geometry":{"type":"Polygon","coordinates":[[[27.9461954,37.4727819],[27.9341801,37.4409679],[27.9241596,37.4045379],[27.9208194,37.3813619],[27.9212648,37.3516297],[27.9241596,37.3397688],[27.993607,37.3260316],[27.9992705,37.2821209],[28.0108814,37.2331999],[28.0132573,37.2118066],[28.0286873,37.2221963],[28.0428281,37.2188433],[28.0703163,37.2223917],[28.1012985,37.2287743],[28.1103172,37.2320446],[28.1191692,37.2371408],[28.1232339,37.2439287],[28.1245699,37.2499555],[28.1294689,37.2565136],[28.1370399,37.2595265],[28.157081,37.2607671],[28.1658282,37.270678],[28.1709096,37.2684142],[28.1838283,37.2675634],[28.1960442,37.2636775],[28.1981889,37.2668872],[28.1944508,37.2704924],[28.1883063,37.2740636],[28.1843739,37.2743646],[28.195197,37.2792716],[28.2059683,37.2710734],[28.2146296,37.271153],[28.2238083,37.2767992],[28.2441481,37.2802596],[28.2508713,37.2839543],[28.2822459,37.3139535],[28.320895,37.3398587],[28.3339892,37.3456019],[28.3668407,37.3382551],[28.4100403,37.3543004],[28.3735008,37.3670547],[28.3160732,37.3774691],[28.3078341,37.3843699],[28.3036032,37.3964006],[28.3036032,37.4078987],[28.3078341,37.421694],[28.3087248,37.4423823],[28.3087248,37.4602369],[28.306498,37.4696044],[28.3018218,37.4752597],[28.294028,37.4793241],[28.2557274,37.4828583],[28.2425894,37.4855088],[28.2310768,37.4938031],[28.2239874,37.4875534],[28.2070678,37.4809931],[28.1971331,37.482745],[28.1928669,37.4815339],[28.1913378,37.4793506],[28.1923037,37.4708092],[28.1910618,37.4664286],[28.1865084,37.4689475],[28.177669,37.4805439],[28.1736279,37.4777885],[28.1689629,37.4782181],[28.1605521,37.4878819],[28.1553268,37.4877712],[28.1530037,37.4843524],[28.1575199,37.4687238],[28.1469386,37.4633598],[28.1258971,37.4594569],[28.1098235,37.4541284],[28.1019717,37.4491513],[28.0967421,37.4491981],[28.0896274,37.4604939],[28.0812149,37.466684],[28.059996,37.4738411],[28.0404711,37.4782899],[28.0290444,37.4681946],[28.0032994,37.4717501],[27.9893744,37.4635742],[27.963207,37.459263],[27.9461954,37.4727819]]]}}]}